ISO-10303-21;
HEADER;
FILE_DESCRIPTION(('KiCad electronic assembly'),'2;1');
FILE_NAME('DCDC_Adapter.step','2025-06-26T15:00:28',('Pcbnew'),('Kicad')
  ,'Open CASCADE STEP processor 7.8','KiCad to STEP converter','Unknown'
  );
FILE_SCHEMA(('AUTOMOTIVE_DESIGN { 1 0 10303 214 1 1 1 1 }'));
ENDSEC;
DATA;
#1 = APPLICATION_PROTOCOL_DEFINITION('international standard',
  'automotive_design',2000,#2);
#2 = APPLICATION_CONTEXT(
  'core data for automotive mechanical design processes');
#3 = SHAPE_DEFINITION_REPRESENTATION(#4,#10);
#4 = PRODUCT_DEFINITION_SHAPE('','',#5);
#5 = PRODUCT_DEFINITION('design','',#6,#9);
#6 = PRODUCT_DEFINITION_FORMATION('','',#7);
#7 = PRODUCT('DCDC_Adapter 1','DCDC_Adapter 1','',(#8));
#8 = PRODUCT_CONTEXT('',#2,'mechanical');
#9 = PRODUCT_DEFINITION_CONTEXT('part definition',#2,'design');
#10 = SHAPE_REPRESENTATION('',(#11,#15,#19,#23,#27,#31,#35,#39,#43,#47),
  #51);
#11 = AXIS2_PLACEMENT_3D('',#12,#13,#14);
#12 = CARTESIAN_POINT('',(0.,0.,0.));
#13 = DIRECTION('',(0.,0.,1.));
#14 = DIRECTION('',(1.,0.,-0.));
#15 = AXIS2_PLACEMENT_3D('',#16,#17,#18);
#16 = CARTESIAN_POINT('',(132.25,-97.,1.495));
#17 = DIRECTION('',(-0.,0.,1.));
#18 = DIRECTION('',(1.110223024625E-16,-1.,0.));
#19 = AXIS2_PLACEMENT_3D('',#20,#21,#22);
#20 = CARTESIAN_POINT('',(153.35,-99.,-5.E-03));
#21 = DIRECTION('',(-1.224646799147E-16,1.359631073447E-32,-1.));
#22 = DIRECTION('',(1.110223024625E-16,1.,0.));
#23 = AXIS2_PLACEMENT_3D('',#24,#25,#26);
#24 = CARTESIAN_POINT('',(135.65,-99.,-5.E-03));
#25 = DIRECTION('',(1.224646799147E-16,1.359631073447E-32,-1.));
#26 = DIRECTION('',(1.110223024625E-16,-1.,0.));
#27 = AXIS2_PLACEMENT_3D('',#28,#29,#30);
#28 = CARTESIAN_POINT('',(145.75,-97.5,1.495));
#29 = DIRECTION('',(-0.,1.,1.110223024625E-16));
#30 = DIRECTION('',(1.,0.,0.));
#31 = AXIS2_PLACEMENT_3D('',#32,#33,#34);
#32 = CARTESIAN_POINT('',(0.,0.,0.));
#33 = DIRECTION('',(0.,0.,1.));
#34 = DIRECTION('',(1.,0.,-0.));
#35 = AXIS2_PLACEMENT_3D('',#36,#37,#38);
#36 = CARTESIAN_POINT('',(0.,0.,0.));
#37 = DIRECTION('',(0.,0.,1.));
#38 = DIRECTION('',(1.,0.,-0.));
#39 = AXIS2_PLACEMENT_3D('',#40,#41,#42);
#40 = CARTESIAN_POINT('',(0.,0.,0.));
#41 = DIRECTION('',(0.,0.,1.));
#42 = DIRECTION('',(1.,0.,-0.));
#43 = AXIS2_PLACEMENT_3D('',#44,#45,#46);
#44 = CARTESIAN_POINT('',(0.,0.,0.));
#45 = DIRECTION('',(0.,0.,1.));
#46 = DIRECTION('',(1.,0.,-0.));
#47 = AXIS2_PLACEMENT_3D('',#48,#49,#50);
#48 = CARTESIAN_POINT('',(0.,0.,0.));
#49 = DIRECTION('',(0.,0.,1.));
#50 = DIRECTION('',(1.,0.,-0.));
#51 = ( GEOMETRIC_REPRESENTATION_CONTEXT(3) 
GLOBAL_UNCERTAINTY_ASSIGNED_CONTEXT((#55)) GLOBAL_UNIT_ASSIGNED_CONTEXT(
(#52,#53,#54)) REPRESENTATION_CONTEXT('Context #1',
  '3D Context with UNIT and UNCERTAINTY') );
#52 = ( LENGTH_UNIT() NAMED_UNIT(*) SI_UNIT(.MILLI.,.METRE.) );
#53 = ( NAMED_UNIT(*) PLANE_ANGLE_UNIT() SI_UNIT($,.RADIAN.) );
#54 = ( NAMED_UNIT(*) SI_UNIT($,.STERADIAN.) SOLID_ANGLE_UNIT() );
#55 = UNCERTAINTY_MEASURE_WITH_UNIT(LENGTH_MEASURE(1.E-07),#52,
  'distance_accuracy_value','confusion accuracy');
#56 = PRODUCT_RELATED_PRODUCT_CATEGORY('part',$,(#7));
#57 = SHAPE_DEFINITION_REPRESENTATION(#58,#64);
#58 = PRODUCT_DEFINITION_SHAPE('','',#59);
#59 = PRODUCT_DEFINITION('design','',#60,#63);
#60 = PRODUCT_DEFINITION_FORMATION('','',#61);
#61 = PRODUCT('L_1812_4532Metric','L_1812_4532Metric','',(#62));
#62 = PRODUCT_CONTEXT('',#2,'mechanical');
#63 = PRODUCT_DEFINITION_CONTEXT('part definition',#2,'design');
#64 = ADVANCED_BREP_SHAPE_REPRESENTATION('',(#11,#65),#919);
#65 = MANIFOLD_SOLID_BREP('',#66);
#66 = CLOSED_SHELL('',(#67,#143,#174,#199,#224,#248,#272,#297,#322,#339,
    #425,#457,#481,#506,#530,#555,#579,#604,#621,#707,#738,#763,#788,
    #812,#836,#861,#886,#903));
#67 = ADVANCED_FACE('',(#68),#138,.F.);
#68 = FACE_BOUND('',#69,.F.);
#69 = EDGE_LOOP('',(#70,#80,#89,#97,#106,#114,#123,#131));
#70 = ORIENTED_EDGE('',*,*,#71,.F.);
#71 = EDGE_CURVE('',#72,#74,#76,.T.);
#72 = VERTEX_POINT('',#73);
#73 = CARTESIAN_POINT('',(-2.25,-1.6,5.E-02));
#74 = VERTEX_POINT('',#75);
#75 = CARTESIAN_POINT('',(-2.25,-1.6,2.45));
#76 = LINE('',#77,#78);
#77 = CARTESIAN_POINT('',(-2.25,-1.6,0.));
#78 = VECTOR('',#79,1.);
#79 = DIRECTION('',(0.,0.,1.));
#80 = ORIENTED_EDGE('',*,*,#81,.T.);
#81 = EDGE_CURVE('',#72,#82,#84,.T.);
#82 = VERTEX_POINT('',#83);
#83 = CARTESIAN_POINT('',(-2.25,-1.55,0.));
#84 = CIRCLE('',#85,5.E-02);
#85 = AXIS2_PLACEMENT_3D('',#86,#87,#88);
#86 = CARTESIAN_POINT('',(-2.25,-1.55,5.E-02));
#87 = DIRECTION('',(1.,0.,-0.));
#88 = DIRECTION('',(0.,0.,1.));
#89 = ORIENTED_EDGE('',*,*,#90,.T.);
#90 = EDGE_CURVE('',#82,#91,#93,.T.);
#91 = VERTEX_POINT('',#92);
#92 = CARTESIAN_POINT('',(-2.25,1.55,0.));
#93 = LINE('',#94,#95);
#94 = CARTESIAN_POINT('',(-2.25,-1.6,0.));
#95 = VECTOR('',#96,1.);
#96 = DIRECTION('',(0.,1.,0.));
#97 = ORIENTED_EDGE('',*,*,#98,.F.);
#98 = EDGE_CURVE('',#99,#91,#101,.T.);
#99 = VERTEX_POINT('',#100);
#100 = CARTESIAN_POINT('',(-2.25,1.6,5.E-02));
#101 = CIRCLE('',#102,5.E-02);
#102 = AXIS2_PLACEMENT_3D('',#103,#104,#105);
#103 = CARTESIAN_POINT('',(-2.25,1.55,5.E-02));
#104 = DIRECTION('',(-1.,0.,0.));
#105 = DIRECTION('',(0.,0.,1.));
#106 = ORIENTED_EDGE('',*,*,#107,.T.);
#107 = EDGE_CURVE('',#99,#108,#110,.T.);
#108 = VERTEX_POINT('',#109);
#109 = CARTESIAN_POINT('',(-2.25,1.6,2.45));
#110 = LINE('',#111,#112);
#111 = CARTESIAN_POINT('',(-2.25,1.6,0.));
#112 = VECTOR('',#113,1.);
#113 = DIRECTION('',(0.,0.,1.));
#114 = ORIENTED_EDGE('',*,*,#115,.T.);
#115 = EDGE_CURVE('',#108,#116,#118,.T.);
#116 = VERTEX_POINT('',#117);
#117 = CARTESIAN_POINT('',(-2.25,1.55,2.5));
#118 = CIRCLE('',#119,5.E-02);
#119 = AXIS2_PLACEMENT_3D('',#120,#121,#122);
#120 = CARTESIAN_POINT('',(-2.25,1.55,2.45));
#121 = DIRECTION('',(1.,0.,-0.));
#122 = DIRECTION('',(0.,0.,1.));
#123 = ORIENTED_EDGE('',*,*,#124,.F.);
#124 = EDGE_CURVE('',#125,#116,#127,.T.);
#125 = VERTEX_POINT('',#126);
#126 = CARTESIAN_POINT('',(-2.25,-1.55,2.5));
#127 = LINE('',#128,#129);
#128 = CARTESIAN_POINT('',(-2.25,-1.6,2.5));
#129 = VECTOR('',#130,1.);
#130 = DIRECTION('',(0.,1.,0.));
#131 = ORIENTED_EDGE('',*,*,#132,.F.);
#132 = EDGE_CURVE('',#74,#125,#133,.T.);
#133 = CIRCLE('',#134,5.E-02);
#134 = AXIS2_PLACEMENT_3D('',#135,#136,#137);
#135 = CARTESIAN_POINT('',(-2.25,-1.55,2.45));
#136 = DIRECTION('',(-1.,0.,0.));
#137 = DIRECTION('',(0.,0.,1.));
#138 = PLANE('',#139);
#139 = AXIS2_PLACEMENT_3D('',#140,#141,#142);
#140 = CARTESIAN_POINT('',(-2.25,-1.6,0.));
#141 = DIRECTION('',(1.,0.,0.));
#142 = DIRECTION('',(0.,0.,1.));
#143 = ADVANCED_FACE('',(#144),#169,.F.);
#144 = FACE_BOUND('',#145,.F.);
#145 = EDGE_LOOP('',(#146,#156,#162,#163));
#146 = ORIENTED_EDGE('',*,*,#147,.F.);
#147 = EDGE_CURVE('',#148,#150,#152,.T.);
#148 = VERTEX_POINT('',#149);
#149 = CARTESIAN_POINT('',(-1.75,-1.6,5.E-02));
#150 = VERTEX_POINT('',#151);
#151 = CARTESIAN_POINT('',(-1.75,-1.6,2.45));
#152 = LINE('',#153,#154);
#153 = CARTESIAN_POINT('',(-1.75,-1.6,0.));
#154 = VECTOR('',#155,1.);
#155 = DIRECTION('',(0.,0.,1.));
#156 = ORIENTED_EDGE('',*,*,#157,.F.);
#157 = EDGE_CURVE('',#72,#148,#158,.T.);
#158 = LINE('',#159,#160);
#159 = CARTESIAN_POINT('',(-2.25,-1.6,5.E-02));
#160 = VECTOR('',#161,1.);
#161 = DIRECTION('',(1.,0.,0.));
#162 = ORIENTED_EDGE('',*,*,#71,.T.);
#163 = ORIENTED_EDGE('',*,*,#164,.T.);
#164 = EDGE_CURVE('',#74,#150,#165,.T.);
#165 = LINE('',#166,#167);
#166 = CARTESIAN_POINT('',(-2.25,-1.6,2.45));
#167 = VECTOR('',#168,1.);
#168 = DIRECTION('',(1.,0.,0.));
#169 = PLANE('',#170);
#170 = AXIS2_PLACEMENT_3D('',#171,#172,#173);
#171 = CARTESIAN_POINT('',(-2.25,-1.6,0.));
#172 = DIRECTION('',(0.,1.,0.));
#173 = DIRECTION('',(0.,-0.,1.));
#174 = ADVANCED_FACE('',(#175),#194,.T.);
#175 = FACE_BOUND('',#176,.T.);
#176 = EDGE_LOOP('',(#177,#178,#186,#193));
#177 = ORIENTED_EDGE('',*,*,#81,.T.);
#178 = ORIENTED_EDGE('',*,*,#179,.T.);
#179 = EDGE_CURVE('',#82,#180,#182,.T.);
#180 = VERTEX_POINT('',#181);
#181 = CARTESIAN_POINT('',(-1.75,-1.55,0.));
#182 = LINE('',#183,#184);
#183 = CARTESIAN_POINT('',(-2.25,-1.55,0.));
#184 = VECTOR('',#185,1.);
#185 = DIRECTION('',(1.,0.,0.));
#186 = ORIENTED_EDGE('',*,*,#187,.F.);
#187 = EDGE_CURVE('',#148,#180,#188,.T.);
#188 = CIRCLE('',#189,5.E-02);
#189 = AXIS2_PLACEMENT_3D('',#190,#191,#192);
#190 = CARTESIAN_POINT('',(-1.75,-1.55,5.E-02));
#191 = DIRECTION('',(1.,0.,-0.));
#192 = DIRECTION('',(0.,0.,1.));
#193 = ORIENTED_EDGE('',*,*,#157,.F.);
#194 = CYLINDRICAL_SURFACE('',#195,5.E-02);
#195 = AXIS2_PLACEMENT_3D('',#196,#197,#198);
#196 = CARTESIAN_POINT('',(-2.25,-1.55,5.E-02));
#197 = DIRECTION('',(1.,0.,0.));
#198 = DIRECTION('',(0.,-1.,0.));
#199 = ADVANCED_FACE('',(#200),#219,.T.);
#200 = FACE_BOUND('',#201,.T.);
#201 = EDGE_LOOP('',(#202,#203,#212,#218));
#202 = ORIENTED_EDGE('',*,*,#164,.T.);
#203 = ORIENTED_EDGE('',*,*,#204,.T.);
#204 = EDGE_CURVE('',#150,#205,#207,.T.);
#205 = VERTEX_POINT('',#206);
#206 = CARTESIAN_POINT('',(-1.75,-1.55,2.5));
#207 = CIRCLE('',#208,5.E-02);
#208 = AXIS2_PLACEMENT_3D('',#209,#210,#211);
#209 = CARTESIAN_POINT('',(-1.75,-1.55,2.45));
#210 = DIRECTION('',(-1.,0.,0.));
#211 = DIRECTION('',(0.,0.,1.));
#212 = ORIENTED_EDGE('',*,*,#213,.F.);
#213 = EDGE_CURVE('',#125,#205,#214,.T.);
#214 = LINE('',#215,#216);
#215 = CARTESIAN_POINT('',(-2.25,-1.55,2.5));
#216 = VECTOR('',#217,1.);
#217 = DIRECTION('',(1.,0.,0.));
#218 = ORIENTED_EDGE('',*,*,#132,.F.);
#219 = CYLINDRICAL_SURFACE('',#220,5.E-02);
#220 = AXIS2_PLACEMENT_3D('',#221,#222,#223);
#221 = CARTESIAN_POINT('',(-2.25,-1.55,2.45));
#222 = DIRECTION('',(1.,0.,0.));
#223 = DIRECTION('',(0.,-1.,0.));
#224 = ADVANCED_FACE('',(#225),#243,.F.);
#225 = FACE_BOUND('',#226,.F.);
#226 = EDGE_LOOP('',(#227,#228,#229,#237));
#227 = ORIENTED_EDGE('',*,*,#90,.F.);
#228 = ORIENTED_EDGE('',*,*,#179,.T.);
#229 = ORIENTED_EDGE('',*,*,#230,.T.);
#230 = EDGE_CURVE('',#180,#231,#233,.T.);
#231 = VERTEX_POINT('',#232);
#232 = CARTESIAN_POINT('',(-1.75,1.55,0.));
#233 = LINE('',#234,#235);
#234 = CARTESIAN_POINT('',(-1.75,-1.6,0.));
#235 = VECTOR('',#236,1.);
#236 = DIRECTION('',(0.,1.,0.));
#237 = ORIENTED_EDGE('',*,*,#238,.F.);
#238 = EDGE_CURVE('',#91,#231,#239,.T.);
#239 = LINE('',#240,#241);
#240 = CARTESIAN_POINT('',(-2.25,1.55,0.));
#241 = VECTOR('',#242,1.);
#242 = DIRECTION('',(1.,0.,0.));
#243 = PLANE('',#244);
#244 = AXIS2_PLACEMENT_3D('',#245,#246,#247);
#245 = CARTESIAN_POINT('',(-2.25,-1.6,0.));
#246 = DIRECTION('',(0.,0.,1.));
#247 = DIRECTION('',(1.,0.,-0.));
#248 = ADVANCED_FACE('',(#249),#267,.T.);
#249 = FACE_BOUND('',#250,.T.);
#250 = EDGE_LOOP('',(#251,#252,#253,#261));
#251 = ORIENTED_EDGE('',*,*,#124,.F.);
#252 = ORIENTED_EDGE('',*,*,#213,.T.);
#253 = ORIENTED_EDGE('',*,*,#254,.T.);
#254 = EDGE_CURVE('',#205,#255,#257,.T.);
#255 = VERTEX_POINT('',#256);
#256 = CARTESIAN_POINT('',(-1.75,1.55,2.5));
#257 = LINE('',#258,#259);
#258 = CARTESIAN_POINT('',(-1.75,-1.6,2.5));
#259 = VECTOR('',#260,1.);
#260 = DIRECTION('',(0.,1.,0.));
#261 = ORIENTED_EDGE('',*,*,#262,.F.);
#262 = EDGE_CURVE('',#116,#255,#263,.T.);
#263 = LINE('',#264,#265);
#264 = CARTESIAN_POINT('',(-2.25,1.55,2.5));
#265 = VECTOR('',#266,1.);
#266 = DIRECTION('',(1.,0.,0.));
#267 = PLANE('',#268);
#268 = AXIS2_PLACEMENT_3D('',#269,#270,#271);
#269 = CARTESIAN_POINT('',(-2.25,-1.6,2.5));
#270 = DIRECTION('',(0.,0.,1.));
#271 = DIRECTION('',(1.,0.,-0.));
#272 = ADVANCED_FACE('',(#273),#292,.T.);
#273 = FACE_BOUND('',#274,.T.);
#274 = EDGE_LOOP('',(#275,#283,#290,#291));
#275 = ORIENTED_EDGE('',*,*,#276,.T.);
#276 = EDGE_CURVE('',#99,#277,#279,.T.);
#277 = VERTEX_POINT('',#278);
#278 = CARTESIAN_POINT('',(-1.75,1.6,5.E-02));
#279 = LINE('',#280,#281);
#280 = CARTESIAN_POINT('',(-2.25,1.6,5.E-02));
#281 = VECTOR('',#282,1.);
#282 = DIRECTION('',(1.,0.,0.));
#283 = ORIENTED_EDGE('',*,*,#284,.T.);
#284 = EDGE_CURVE('',#277,#231,#285,.T.);
#285 = CIRCLE('',#286,5.E-02);
#286 = AXIS2_PLACEMENT_3D('',#287,#288,#289);
#287 = CARTESIAN_POINT('',(-1.75,1.55,5.E-02));
#288 = DIRECTION('',(-1.,0.,0.));
#289 = DIRECTION('',(0.,0.,1.));
#290 = ORIENTED_EDGE('',*,*,#238,.F.);
#291 = ORIENTED_EDGE('',*,*,#98,.F.);
#292 = CYLINDRICAL_SURFACE('',#293,5.E-02);
#293 = AXIS2_PLACEMENT_3D('',#294,#295,#296);
#294 = CARTESIAN_POINT('',(-2.25,1.55,5.E-02));
#295 = DIRECTION('',(1.,0.,0.));
#296 = DIRECTION('',(-0.,1.,0.));
#297 = ADVANCED_FACE('',(#298),#317,.T.);
#298 = FACE_BOUND('',#299,.T.);
#299 = EDGE_LOOP('',(#300,#301,#302,#311));
#300 = ORIENTED_EDGE('',*,*,#115,.T.);
#301 = ORIENTED_EDGE('',*,*,#262,.T.);
#302 = ORIENTED_EDGE('',*,*,#303,.F.);
#303 = EDGE_CURVE('',#304,#255,#306,.T.);
#304 = VERTEX_POINT('',#305);
#305 = CARTESIAN_POINT('',(-1.75,1.6,2.45));
#306 = CIRCLE('',#307,5.E-02);
#307 = AXIS2_PLACEMENT_3D('',#308,#309,#310);
#308 = CARTESIAN_POINT('',(-1.75,1.55,2.45));
#309 = DIRECTION('',(1.,0.,-0.));
#310 = DIRECTION('',(0.,0.,1.));
#311 = ORIENTED_EDGE('',*,*,#312,.F.);
#312 = EDGE_CURVE('',#108,#304,#313,.T.);
#313 = LINE('',#314,#315);
#314 = CARTESIAN_POINT('',(-2.25,1.6,2.45));
#315 = VECTOR('',#316,1.);
#316 = DIRECTION('',(1.,0.,0.));
#317 = CYLINDRICAL_SURFACE('',#318,5.E-02);
#318 = AXIS2_PLACEMENT_3D('',#319,#320,#321);
#319 = CARTESIAN_POINT('',(-2.25,1.55,2.45));
#320 = DIRECTION('',(1.,0.,0.));
#321 = DIRECTION('',(-0.,1.,0.));
#322 = ADVANCED_FACE('',(#323),#334,.T.);
#323 = FACE_BOUND('',#324,.T.);
#324 = EDGE_LOOP('',(#325,#331,#332,#333));
#325 = ORIENTED_EDGE('',*,*,#326,.F.);
#326 = EDGE_CURVE('',#277,#304,#327,.T.);
#327 = LINE('',#328,#329);
#328 = CARTESIAN_POINT('',(-1.75,1.6,0.));
#329 = VECTOR('',#330,1.);
#330 = DIRECTION('',(0.,0.,1.));
#331 = ORIENTED_EDGE('',*,*,#276,.F.);
#332 = ORIENTED_EDGE('',*,*,#107,.T.);
#333 = ORIENTED_EDGE('',*,*,#312,.T.);
#334 = PLANE('',#335);
#335 = AXIS2_PLACEMENT_3D('',#336,#337,#338);
#336 = CARTESIAN_POINT('',(-2.25,1.6,0.));
#337 = DIRECTION('',(0.,1.,0.));
#338 = DIRECTION('',(0.,-0.,1.));
#339 = ADVANCED_FACE('',(#340,#350),#420,.T.);
#340 = FACE_BOUND('',#341,.T.);
#341 = EDGE_LOOP('',(#342,#343,#344,#345,#346,#347,#348,#349));
#342 = ORIENTED_EDGE('',*,*,#147,.F.);
#343 = ORIENTED_EDGE('',*,*,#187,.T.);
#344 = ORIENTED_EDGE('',*,*,#230,.T.);
#345 = ORIENTED_EDGE('',*,*,#284,.F.);
#346 = ORIENTED_EDGE('',*,*,#326,.T.);
#347 = ORIENTED_EDGE('',*,*,#303,.T.);
#348 = ORIENTED_EDGE('',*,*,#254,.F.);
#349 = ORIENTED_EDGE('',*,*,#204,.F.);
#350 = FACE_BOUND('',#351,.T.);
#351 = EDGE_LOOP('',(#352,#363,#371,#380,#388,#397,#405,#414));
#352 = ORIENTED_EDGE('',*,*,#353,.F.);
#353 = EDGE_CURVE('',#354,#356,#358,.T.);
#354 = VERTEX_POINT('',#355);
#355 = CARTESIAN_POINT('',(-1.75,-1.55,0.1));
#356 = VERTEX_POINT('',#357);
#357 = CARTESIAN_POINT('',(-1.75,-1.5,5.E-02));
#358 = CIRCLE('',#359,5.E-02);
#359 = AXIS2_PLACEMENT_3D('',#360,#361,#362);
#360 = CARTESIAN_POINT('',(-1.75,-1.5,0.1));
#361 = DIRECTION('',(1.,0.,-0.));
#362 = DIRECTION('',(0.,0.,1.));
#363 = ORIENTED_EDGE('',*,*,#364,.T.);
#364 = EDGE_CURVE('',#354,#365,#367,.T.);
#365 = VERTEX_POINT('',#366);
#366 = CARTESIAN_POINT('',(-1.75,-1.55,2.4));
#367 = LINE('',#368,#369);
#368 = CARTESIAN_POINT('',(-1.75,-1.55,5.E-02));
#369 = VECTOR('',#370,1.);
#370 = DIRECTION('',(0.,0.,1.));
#371 = ORIENTED_EDGE('',*,*,#372,.T.);
#372 = EDGE_CURVE('',#365,#373,#375,.T.);
#373 = VERTEX_POINT('',#374);
#374 = CARTESIAN_POINT('',(-1.75,-1.5,2.45));
#375 = CIRCLE('',#376,5.E-02);
#376 = AXIS2_PLACEMENT_3D('',#377,#378,#379);
#377 = CARTESIAN_POINT('',(-1.75,-1.5,2.4));
#378 = DIRECTION('',(-1.,0.,0.));
#379 = DIRECTION('',(0.,0.,1.));
#380 = ORIENTED_EDGE('',*,*,#381,.T.);
#381 = EDGE_CURVE('',#373,#382,#384,.T.);
#382 = VERTEX_POINT('',#383);
#383 = CARTESIAN_POINT('',(-1.75,1.5,2.45));
#384 = LINE('',#385,#386);
#385 = CARTESIAN_POINT('',(-1.75,-1.55,2.45));
#386 = VECTOR('',#387,1.);
#387 = DIRECTION('',(0.,1.,0.));
#388 = ORIENTED_EDGE('',*,*,#389,.F.);
#389 = EDGE_CURVE('',#390,#382,#392,.T.);
#390 = VERTEX_POINT('',#391);
#391 = CARTESIAN_POINT('',(-1.75,1.55,2.4));
#392 = CIRCLE('',#393,5.E-02);
#393 = AXIS2_PLACEMENT_3D('',#394,#395,#396);
#394 = CARTESIAN_POINT('',(-1.75,1.5,2.4));
#395 = DIRECTION('',(1.,0.,-0.));
#396 = DIRECTION('',(0.,0.,1.));
#397 = ORIENTED_EDGE('',*,*,#398,.F.);
#398 = EDGE_CURVE('',#399,#390,#401,.T.);
#399 = VERTEX_POINT('',#400);
#400 = CARTESIAN_POINT('',(-1.75,1.55,0.1));
#401 = LINE('',#402,#403);
#402 = CARTESIAN_POINT('',(-1.75,1.55,5.E-02));
#403 = VECTOR('',#404,1.);
#404 = DIRECTION('',(0.,0.,1.));
#405 = ORIENTED_EDGE('',*,*,#406,.T.);
#406 = EDGE_CURVE('',#399,#407,#409,.T.);
#407 = VERTEX_POINT('',#408);
#408 = CARTESIAN_POINT('',(-1.75,1.5,5.E-02));
#409 = CIRCLE('',#410,5.E-02);
#410 = AXIS2_PLACEMENT_3D('',#411,#412,#413);
#411 = CARTESIAN_POINT('',(-1.75,1.5,0.1));
#412 = DIRECTION('',(-1.,0.,0.));
#413 = DIRECTION('',(0.,0.,1.));
#414 = ORIENTED_EDGE('',*,*,#415,.F.);
#415 = EDGE_CURVE('',#356,#407,#416,.T.);
#416 = LINE('',#417,#418);
#417 = CARTESIAN_POINT('',(-1.75,-1.55,5.E-02));
#418 = VECTOR('',#419,1.);
#419 = DIRECTION('',(0.,1.,0.));
#420 = PLANE('',#421);
#421 = AXIS2_PLACEMENT_3D('',#422,#423,#424);
#422 = CARTESIAN_POINT('',(-1.75,-1.6,0.));
#423 = DIRECTION('',(1.,0.,0.));
#424 = DIRECTION('',(0.,0.,1.));
#425 = ADVANCED_FACE('',(#426),#452,.T.);
#426 = FACE_BOUND('',#427,.T.);
#427 = EDGE_LOOP('',(#428,#429,#437,#446));
#428 = ORIENTED_EDGE('',*,*,#353,.T.);
#429 = ORIENTED_EDGE('',*,*,#430,.T.);
#430 = EDGE_CURVE('',#356,#431,#433,.T.);
#431 = VERTEX_POINT('',#432);
#432 = CARTESIAN_POINT('',(1.75,-1.5,5.E-02));
#433 = LINE('',#434,#435);
#434 = CARTESIAN_POINT('',(-1.75,-1.5,5.E-02));
#435 = VECTOR('',#436,1.);
#436 = DIRECTION('',(1.,0.,0.));
#437 = ORIENTED_EDGE('',*,*,#438,.F.);
#438 = EDGE_CURVE('',#439,#431,#441,.T.);
#439 = VERTEX_POINT('',#440);
#440 = CARTESIAN_POINT('',(1.75,-1.55,0.1));
#441 = CIRCLE('',#442,5.E-02);
#442 = AXIS2_PLACEMENT_3D('',#443,#444,#445);
#443 = CARTESIAN_POINT('',(1.75,-1.5,0.1));
#444 = DIRECTION('',(1.,0.,-0.));
#445 = DIRECTION('',(0.,0.,1.));
#446 = ORIENTED_EDGE('',*,*,#447,.F.);
#447 = EDGE_CURVE('',#354,#439,#448,.T.);
#448 = LINE('',#449,#450);
#449 = CARTESIAN_POINT('',(-1.75,-1.55,0.1));
#450 = VECTOR('',#451,1.);
#451 = DIRECTION('',(1.,0.,0.));
#452 = CYLINDRICAL_SURFACE('',#453,5.E-02);
#453 = AXIS2_PLACEMENT_3D('',#454,#455,#456);
#454 = CARTESIAN_POINT('',(-1.75,-1.5,0.1));
#455 = DIRECTION('',(1.,0.,0.));
#456 = DIRECTION('',(0.,-1.,0.));
#457 = ADVANCED_FACE('',(#458),#476,.F.);
#458 = FACE_BOUND('',#459,.F.);
#459 = EDGE_LOOP('',(#460,#461,#462,#470));
#460 = ORIENTED_EDGE('',*,*,#415,.F.);
#461 = ORIENTED_EDGE('',*,*,#430,.T.);
#462 = ORIENTED_EDGE('',*,*,#463,.T.);
#463 = EDGE_CURVE('',#431,#464,#466,.T.);
#464 = VERTEX_POINT('',#465);
#465 = CARTESIAN_POINT('',(1.75,1.5,5.E-02));
#466 = LINE('',#467,#468);
#467 = CARTESIAN_POINT('',(1.75,-1.55,5.E-02));
#468 = VECTOR('',#469,1.);
#469 = DIRECTION('',(0.,1.,0.));
#470 = ORIENTED_EDGE('',*,*,#471,.F.);
#471 = EDGE_CURVE('',#407,#464,#472,.T.);
#472 = LINE('',#473,#474);
#473 = CARTESIAN_POINT('',(-1.75,1.5,5.E-02));
#474 = VECTOR('',#475,1.);
#475 = DIRECTION('',(1.,0.,0.));
#476 = PLANE('',#477);
#477 = AXIS2_PLACEMENT_3D('',#478,#479,#480);
#478 = CARTESIAN_POINT('',(-1.75,-1.55,5.E-02));
#479 = DIRECTION('',(0.,0.,1.));
#480 = DIRECTION('',(1.,0.,-0.));
#481 = ADVANCED_FACE('',(#482),#501,.T.);
#482 = FACE_BOUND('',#483,.T.);
#483 = EDGE_LOOP('',(#484,#492,#499,#500));
#484 = ORIENTED_EDGE('',*,*,#485,.T.);
#485 = EDGE_CURVE('',#399,#486,#488,.T.);
#486 = VERTEX_POINT('',#487);
#487 = CARTESIAN_POINT('',(1.75,1.55,0.1));
#488 = LINE('',#489,#490);
#489 = CARTESIAN_POINT('',(-1.75,1.55,0.1));
#490 = VECTOR('',#491,1.);
#491 = DIRECTION('',(1.,0.,0.));
#492 = ORIENTED_EDGE('',*,*,#493,.T.);
#493 = EDGE_CURVE('',#486,#464,#494,.T.);
#494 = CIRCLE('',#495,5.E-02);
#495 = AXIS2_PLACEMENT_3D('',#496,#497,#498);
#496 = CARTESIAN_POINT('',(1.75,1.5,0.1));
#497 = DIRECTION('',(-1.,0.,0.));
#498 = DIRECTION('',(0.,0.,1.));
#499 = ORIENTED_EDGE('',*,*,#471,.F.);
#500 = ORIENTED_EDGE('',*,*,#406,.F.);
#501 = CYLINDRICAL_SURFACE('',#502,5.E-02);
#502 = AXIS2_PLACEMENT_3D('',#503,#504,#505);
#503 = CARTESIAN_POINT('',(-1.75,1.5,0.1));
#504 = DIRECTION('',(1.,0.,0.));
#505 = DIRECTION('',(-0.,1.,0.));
#506 = ADVANCED_FACE('',(#507),#525,.T.);
#507 = FACE_BOUND('',#508,.T.);
#508 = EDGE_LOOP('',(#509,#517,#518,#519));
#509 = ORIENTED_EDGE('',*,*,#510,.F.);
#510 = EDGE_CURVE('',#486,#511,#513,.T.);
#511 = VERTEX_POINT('',#512);
#512 = CARTESIAN_POINT('',(1.75,1.55,2.4));
#513 = LINE('',#514,#515);
#514 = CARTESIAN_POINT('',(1.75,1.55,5.E-02));
#515 = VECTOR('',#516,1.);
#516 = DIRECTION('',(0.,0.,1.));
#517 = ORIENTED_EDGE('',*,*,#485,.F.);
#518 = ORIENTED_EDGE('',*,*,#398,.T.);
#519 = ORIENTED_EDGE('',*,*,#520,.T.);
#520 = EDGE_CURVE('',#390,#511,#521,.T.);
#521 = LINE('',#522,#523);
#522 = CARTESIAN_POINT('',(-1.75,1.55,2.4));
#523 = VECTOR('',#524,1.);
#524 = DIRECTION('',(1.,0.,0.));
#525 = PLANE('',#526);
#526 = AXIS2_PLACEMENT_3D('',#527,#528,#529);
#527 = CARTESIAN_POINT('',(-1.75,1.55,5.E-02));
#528 = DIRECTION('',(0.,1.,0.));
#529 = DIRECTION('',(0.,-0.,1.));
#530 = ADVANCED_FACE('',(#531),#550,.T.);
#531 = FACE_BOUND('',#532,.T.);
#532 = EDGE_LOOP('',(#533,#534,#542,#549));
#533 = ORIENTED_EDGE('',*,*,#389,.T.);
#534 = ORIENTED_EDGE('',*,*,#535,.T.);
#535 = EDGE_CURVE('',#382,#536,#538,.T.);
#536 = VERTEX_POINT('',#537);
#537 = CARTESIAN_POINT('',(1.75,1.5,2.45));
#538 = LINE('',#539,#540);
#539 = CARTESIAN_POINT('',(-1.75,1.5,2.45));
#540 = VECTOR('',#541,1.);
#541 = DIRECTION('',(1.,0.,0.));
#542 = ORIENTED_EDGE('',*,*,#543,.F.);
#543 = EDGE_CURVE('',#511,#536,#544,.T.);
#544 = CIRCLE('',#545,5.E-02);
#545 = AXIS2_PLACEMENT_3D('',#546,#547,#548);
#546 = CARTESIAN_POINT('',(1.75,1.5,2.4));
#547 = DIRECTION('',(1.,0.,-0.));
#548 = DIRECTION('',(0.,0.,1.));
#549 = ORIENTED_EDGE('',*,*,#520,.F.);
#550 = CYLINDRICAL_SURFACE('',#551,5.E-02);
#551 = AXIS2_PLACEMENT_3D('',#552,#553,#554);
#552 = CARTESIAN_POINT('',(-1.75,1.5,2.4));
#553 = DIRECTION('',(1.,0.,0.));
#554 = DIRECTION('',(-0.,1.,0.));
#555 = ADVANCED_FACE('',(#556),#574,.T.);
#556 = FACE_BOUND('',#557,.T.);
#557 = EDGE_LOOP('',(#558,#559,#567,#573));
#558 = ORIENTED_EDGE('',*,*,#381,.F.);
#559 = ORIENTED_EDGE('',*,*,#560,.T.);
#560 = EDGE_CURVE('',#373,#561,#563,.T.);
#561 = VERTEX_POINT('',#562);
#562 = CARTESIAN_POINT('',(1.75,-1.5,2.45));
#563 = LINE('',#564,#565);
#564 = CARTESIAN_POINT('',(-1.75,-1.5,2.45));
#565 = VECTOR('',#566,1.);
#566 = DIRECTION('',(1.,0.,0.));
#567 = ORIENTED_EDGE('',*,*,#568,.T.);
#568 = EDGE_CURVE('',#561,#536,#569,.T.);
#569 = LINE('',#570,#571);
#570 = CARTESIAN_POINT('',(1.75,-1.55,2.45));
#571 = VECTOR('',#572,1.);
#572 = DIRECTION('',(0.,1.,0.));
#573 = ORIENTED_EDGE('',*,*,#535,.F.);
#574 = PLANE('',#575);
#575 = AXIS2_PLACEMENT_3D('',#576,#577,#578);
#576 = CARTESIAN_POINT('',(-1.75,-1.55,2.45));
#577 = DIRECTION('',(0.,0.,1.));
#578 = DIRECTION('',(1.,0.,-0.));
#579 = ADVANCED_FACE('',(#580),#599,.T.);
#580 = FACE_BOUND('',#581,.T.);
#581 = EDGE_LOOP('',(#582,#590,#597,#598));
#582 = ORIENTED_EDGE('',*,*,#583,.T.);
#583 = EDGE_CURVE('',#365,#584,#586,.T.);
#584 = VERTEX_POINT('',#585);
#585 = CARTESIAN_POINT('',(1.75,-1.55,2.4));
#586 = LINE('',#587,#588);
#587 = CARTESIAN_POINT('',(-1.75,-1.55,2.4));
#588 = VECTOR('',#589,1.);
#589 = DIRECTION('',(1.,0.,0.));
#590 = ORIENTED_EDGE('',*,*,#591,.T.);
#591 = EDGE_CURVE('',#584,#561,#592,.T.);
#592 = CIRCLE('',#593,5.E-02);
#593 = AXIS2_PLACEMENT_3D('',#594,#595,#596);
#594 = CARTESIAN_POINT('',(1.75,-1.5,2.4));
#595 = DIRECTION('',(-1.,0.,0.));
#596 = DIRECTION('',(0.,0.,1.));
#597 = ORIENTED_EDGE('',*,*,#560,.F.);
#598 = ORIENTED_EDGE('',*,*,#372,.F.);
#599 = CYLINDRICAL_SURFACE('',#600,5.E-02);
#600 = AXIS2_PLACEMENT_3D('',#601,#602,#603);
#601 = CARTESIAN_POINT('',(-1.75,-1.5,2.4));
#602 = DIRECTION('',(1.,0.,0.));
#603 = DIRECTION('',(0.,-1.,0.));
#604 = ADVANCED_FACE('',(#605),#616,.F.);
#605 = FACE_BOUND('',#606,.F.);
#606 = EDGE_LOOP('',(#607,#613,#614,#615));
#607 = ORIENTED_EDGE('',*,*,#608,.F.);
#608 = EDGE_CURVE('',#439,#584,#609,.T.);
#609 = LINE('',#610,#611);
#610 = CARTESIAN_POINT('',(1.75,-1.55,5.E-02));
#611 = VECTOR('',#612,1.);
#612 = DIRECTION('',(0.,0.,1.));
#613 = ORIENTED_EDGE('',*,*,#447,.F.);
#614 = ORIENTED_EDGE('',*,*,#364,.T.);
#615 = ORIENTED_EDGE('',*,*,#583,.T.);
#616 = PLANE('',#617);
#617 = AXIS2_PLACEMENT_3D('',#618,#619,#620);
#618 = CARTESIAN_POINT('',(-1.75,-1.55,5.E-02));
#619 = DIRECTION('',(0.,1.,0.));
#620 = DIRECTION('',(0.,-0.,1.));
#621 = ADVANCED_FACE('',(#622,#692),#702,.F.);
#622 = FACE_BOUND('',#623,.F.);
#623 = EDGE_LOOP('',(#624,#634,#643,#651,#660,#668,#677,#685));
#624 = ORIENTED_EDGE('',*,*,#625,.F.);
#625 = EDGE_CURVE('',#626,#628,#630,.T.);
#626 = VERTEX_POINT('',#627);
#627 = CARTESIAN_POINT('',(1.75,-1.6,5.E-02));
#628 = VERTEX_POINT('',#629);
#629 = CARTESIAN_POINT('',(1.75,-1.6,2.45));
#630 = LINE('',#631,#632);
#631 = CARTESIAN_POINT('',(1.75,-1.6,0.));
#632 = VECTOR('',#633,1.);
#633 = DIRECTION('',(0.,0.,1.));
#634 = ORIENTED_EDGE('',*,*,#635,.T.);
#635 = EDGE_CURVE('',#626,#636,#638,.T.);
#636 = VERTEX_POINT('',#637);
#637 = CARTESIAN_POINT('',(1.75,-1.55,0.));
#638 = CIRCLE('',#639,5.E-02);
#639 = AXIS2_PLACEMENT_3D('',#640,#641,#642);
#640 = CARTESIAN_POINT('',(1.75,-1.55,5.E-02));
#641 = DIRECTION('',(1.,0.,-0.));
#642 = DIRECTION('',(0.,0.,1.));
#643 = ORIENTED_EDGE('',*,*,#644,.T.);
#644 = EDGE_CURVE('',#636,#645,#647,.T.);
#645 = VERTEX_POINT('',#646);
#646 = CARTESIAN_POINT('',(1.75,1.55,0.));
#647 = LINE('',#648,#649);
#648 = CARTESIAN_POINT('',(1.75,-1.6,0.));
#649 = VECTOR('',#650,1.);
#650 = DIRECTION('',(0.,1.,0.));
#651 = ORIENTED_EDGE('',*,*,#652,.F.);
#652 = EDGE_CURVE('',#653,#645,#655,.T.);
#653 = VERTEX_POINT('',#654);
#654 = CARTESIAN_POINT('',(1.75,1.6,5.E-02));
#655 = CIRCLE('',#656,5.E-02);
#656 = AXIS2_PLACEMENT_3D('',#657,#658,#659);
#657 = CARTESIAN_POINT('',(1.75,1.55,5.E-02));
#658 = DIRECTION('',(-1.,0.,0.));
#659 = DIRECTION('',(0.,0.,1.));
#660 = ORIENTED_EDGE('',*,*,#661,.T.);
#661 = EDGE_CURVE('',#653,#662,#664,.T.);
#662 = VERTEX_POINT('',#663);
#663 = CARTESIAN_POINT('',(1.75,1.6,2.45));
#664 = LINE('',#665,#666);
#665 = CARTESIAN_POINT('',(1.75,1.6,0.));
#666 = VECTOR('',#667,1.);
#667 = DIRECTION('',(0.,0.,1.));
#668 = ORIENTED_EDGE('',*,*,#669,.T.);
#669 = EDGE_CURVE('',#662,#670,#672,.T.);
#670 = VERTEX_POINT('',#671);
#671 = CARTESIAN_POINT('',(1.75,1.55,2.5));
#672 = CIRCLE('',#673,5.E-02);
#673 = AXIS2_PLACEMENT_3D('',#674,#675,#676);
#674 = CARTESIAN_POINT('',(1.75,1.55,2.45));
#675 = DIRECTION('',(1.,0.,-0.));
#676 = DIRECTION('',(0.,0.,1.));
#677 = ORIENTED_EDGE('',*,*,#678,.F.);
#678 = EDGE_CURVE('',#679,#670,#681,.T.);
#679 = VERTEX_POINT('',#680);
#680 = CARTESIAN_POINT('',(1.75,-1.55,2.5));
#681 = LINE('',#682,#683);
#682 = CARTESIAN_POINT('',(1.75,-1.6,2.5));
#683 = VECTOR('',#684,1.);
#684 = DIRECTION('',(0.,1.,0.));
#685 = ORIENTED_EDGE('',*,*,#686,.F.);
#686 = EDGE_CURVE('',#628,#679,#687,.T.);
#687 = CIRCLE('',#688,5.E-02);
#688 = AXIS2_PLACEMENT_3D('',#689,#690,#691);
#689 = CARTESIAN_POINT('',(1.75,-1.55,2.45));
#690 = DIRECTION('',(-1.,0.,0.));
#691 = DIRECTION('',(0.,0.,1.));
#692 = FACE_BOUND('',#693,.F.);
#693 = EDGE_LOOP('',(#694,#695,#696,#697,#698,#699,#700,#701));
#694 = ORIENTED_EDGE('',*,*,#438,.F.);
#695 = ORIENTED_EDGE('',*,*,#608,.T.);
#696 = ORIENTED_EDGE('',*,*,#591,.T.);
#697 = ORIENTED_EDGE('',*,*,#568,.T.);
#698 = ORIENTED_EDGE('',*,*,#543,.F.);
#699 = ORIENTED_EDGE('',*,*,#510,.F.);
#700 = ORIENTED_EDGE('',*,*,#493,.T.);
#701 = ORIENTED_EDGE('',*,*,#463,.F.);
#702 = PLANE('',#703);
#703 = AXIS2_PLACEMENT_3D('',#704,#705,#706);
#704 = CARTESIAN_POINT('',(1.75,-1.6,0.));
#705 = DIRECTION('',(1.,0.,0.));
#706 = DIRECTION('',(0.,0.,1.));
#707 = ADVANCED_FACE('',(#708),#733,.F.);
#708 = FACE_BOUND('',#709,.F.);
#709 = EDGE_LOOP('',(#710,#720,#726,#727));
#710 = ORIENTED_EDGE('',*,*,#711,.F.);
#711 = EDGE_CURVE('',#712,#714,#716,.T.);
#712 = VERTEX_POINT('',#713);
#713 = CARTESIAN_POINT('',(2.25,-1.6,5.E-02));
#714 = VERTEX_POINT('',#715);
#715 = CARTESIAN_POINT('',(2.25,-1.6,2.45));
#716 = LINE('',#717,#718);
#717 = CARTESIAN_POINT('',(2.25,-1.6,0.));
#718 = VECTOR('',#719,1.);
#719 = DIRECTION('',(0.,0.,1.));
#720 = ORIENTED_EDGE('',*,*,#721,.F.);
#721 = EDGE_CURVE('',#626,#712,#722,.T.);
#722 = LINE('',#723,#724);
#723 = CARTESIAN_POINT('',(1.75,-1.6,5.E-02));
#724 = VECTOR('',#725,1.);
#725 = DIRECTION('',(1.,0.,0.));
#726 = ORIENTED_EDGE('',*,*,#625,.T.);
#727 = ORIENTED_EDGE('',*,*,#728,.T.);
#728 = EDGE_CURVE('',#628,#714,#729,.T.);
#729 = LINE('',#730,#731);
#730 = CARTESIAN_POINT('',(1.75,-1.6,2.45));
#731 = VECTOR('',#732,1.);
#732 = DIRECTION('',(1.,0.,0.));
#733 = PLANE('',#734);
#734 = AXIS2_PLACEMENT_3D('',#735,#736,#737);
#735 = CARTESIAN_POINT('',(1.75,-1.6,0.));
#736 = DIRECTION('',(0.,1.,0.));
#737 = DIRECTION('',(0.,-0.,1.));
#738 = ADVANCED_FACE('',(#739),#758,.T.);
#739 = FACE_BOUND('',#740,.T.);
#740 = EDGE_LOOP('',(#741,#742,#750,#757));
#741 = ORIENTED_EDGE('',*,*,#635,.T.);
#742 = ORIENTED_EDGE('',*,*,#743,.T.);
#743 = EDGE_CURVE('',#636,#744,#746,.T.);
#744 = VERTEX_POINT('',#745);
#745 = CARTESIAN_POINT('',(2.25,-1.55,0.));
#746 = LINE('',#747,#748);
#747 = CARTESIAN_POINT('',(1.75,-1.55,0.));
#748 = VECTOR('',#749,1.);
#749 = DIRECTION('',(1.,0.,0.));
#750 = ORIENTED_EDGE('',*,*,#751,.F.);
#751 = EDGE_CURVE('',#712,#744,#752,.T.);
#752 = CIRCLE('',#753,5.E-02);
#753 = AXIS2_PLACEMENT_3D('',#754,#755,#756);
#754 = CARTESIAN_POINT('',(2.25,-1.55,5.E-02));
#755 = DIRECTION('',(1.,0.,-0.));
#756 = DIRECTION('',(0.,0.,1.));
#757 = ORIENTED_EDGE('',*,*,#721,.F.);
#758 = CYLINDRICAL_SURFACE('',#759,5.E-02);
#759 = AXIS2_PLACEMENT_3D('',#760,#761,#762);
#760 = CARTESIAN_POINT('',(1.75,-1.55,5.E-02));
#761 = DIRECTION('',(1.,0.,0.));
#762 = DIRECTION('',(0.,-1.,0.));
#763 = ADVANCED_FACE('',(#764),#783,.T.);
#764 = FACE_BOUND('',#765,.T.);
#765 = EDGE_LOOP('',(#766,#767,#776,#782));
#766 = ORIENTED_EDGE('',*,*,#728,.T.);
#767 = ORIENTED_EDGE('',*,*,#768,.T.);
#768 = EDGE_CURVE('',#714,#769,#771,.T.);
#769 = VERTEX_POINT('',#770);
#770 = CARTESIAN_POINT('',(2.25,-1.55,2.5));
#771 = CIRCLE('',#772,5.E-02);
#772 = AXIS2_PLACEMENT_3D('',#773,#774,#775);
#773 = CARTESIAN_POINT('',(2.25,-1.55,2.45));
#774 = DIRECTION('',(-1.,0.,0.));
#775 = DIRECTION('',(0.,0.,1.));
#776 = ORIENTED_EDGE('',*,*,#777,.F.);
#777 = EDGE_CURVE('',#679,#769,#778,.T.);
#778 = LINE('',#779,#780);
#779 = CARTESIAN_POINT('',(1.75,-1.55,2.5));
#780 = VECTOR('',#781,1.);
#781 = DIRECTION('',(1.,0.,0.));
#782 = ORIENTED_EDGE('',*,*,#686,.F.);
#783 = CYLINDRICAL_SURFACE('',#784,5.E-02);
#784 = AXIS2_PLACEMENT_3D('',#785,#786,#787);
#785 = CARTESIAN_POINT('',(1.75,-1.55,2.45));
#786 = DIRECTION('',(1.,0.,0.));
#787 = DIRECTION('',(0.,-1.,0.));
#788 = ADVANCED_FACE('',(#789),#807,.F.);
#789 = FACE_BOUND('',#790,.F.);
#790 = EDGE_LOOP('',(#791,#792,#793,#801));
#791 = ORIENTED_EDGE('',*,*,#644,.F.);
#792 = ORIENTED_EDGE('',*,*,#743,.T.);
#793 = ORIENTED_EDGE('',*,*,#794,.T.);
#794 = EDGE_CURVE('',#744,#795,#797,.T.);
#795 = VERTEX_POINT('',#796);
#796 = CARTESIAN_POINT('',(2.25,1.55,0.));
#797 = LINE('',#798,#799);
#798 = CARTESIAN_POINT('',(2.25,-1.6,0.));
#799 = VECTOR('',#800,1.);
#800 = DIRECTION('',(0.,1.,0.));
#801 = ORIENTED_EDGE('',*,*,#802,.F.);
#802 = EDGE_CURVE('',#645,#795,#803,.T.);
#803 = LINE('',#804,#805);
#804 = CARTESIAN_POINT('',(1.75,1.55,0.));
#805 = VECTOR('',#806,1.);
#806 = DIRECTION('',(1.,0.,0.));
#807 = PLANE('',#808);
#808 = AXIS2_PLACEMENT_3D('',#809,#810,#811);
#809 = CARTESIAN_POINT('',(1.75,-1.6,0.));
#810 = DIRECTION('',(0.,0.,1.));
#811 = DIRECTION('',(1.,0.,-0.));
#812 = ADVANCED_FACE('',(#813),#831,.T.);
#813 = FACE_BOUND('',#814,.T.);
#814 = EDGE_LOOP('',(#815,#816,#817,#825));
#815 = ORIENTED_EDGE('',*,*,#678,.F.);
#816 = ORIENTED_EDGE('',*,*,#777,.T.);
#817 = ORIENTED_EDGE('',*,*,#818,.T.);
#818 = EDGE_CURVE('',#769,#819,#821,.T.);
#819 = VERTEX_POINT('',#820);
#820 = CARTESIAN_POINT('',(2.25,1.55,2.5));
#821 = LINE('',#822,#823);
#822 = CARTESIAN_POINT('',(2.25,-1.6,2.5));
#823 = VECTOR('',#824,1.);
#824 = DIRECTION('',(0.,1.,0.));
#825 = ORIENTED_EDGE('',*,*,#826,.F.);
#826 = EDGE_CURVE('',#670,#819,#827,.T.);
#827 = LINE('',#828,#829);
#828 = CARTESIAN_POINT('',(1.75,1.55,2.5));
#829 = VECTOR('',#830,1.);
#830 = DIRECTION('',(1.,0.,0.));
#831 = PLANE('',#832);
#832 = AXIS2_PLACEMENT_3D('',#833,#834,#835);
#833 = CARTESIAN_POINT('',(1.75,-1.6,2.5));
#834 = DIRECTION('',(0.,0.,1.));
#835 = DIRECTION('',(1.,0.,-0.));
#836 = ADVANCED_FACE('',(#837),#856,.T.);
#837 = FACE_BOUND('',#838,.T.);
#838 = EDGE_LOOP('',(#839,#847,#854,#855));
#839 = ORIENTED_EDGE('',*,*,#840,.T.);
#840 = EDGE_CURVE('',#653,#841,#843,.T.);
#841 = VERTEX_POINT('',#842);
#842 = CARTESIAN_POINT('',(2.25,1.6,5.E-02));
#843 = LINE('',#844,#845);
#844 = CARTESIAN_POINT('',(1.75,1.6,5.E-02));
#845 = VECTOR('',#846,1.);
#846 = DIRECTION('',(1.,0.,0.));
#847 = ORIENTED_EDGE('',*,*,#848,.T.);
#848 = EDGE_CURVE('',#841,#795,#849,.T.);
#849 = CIRCLE('',#850,5.E-02);
#850 = AXIS2_PLACEMENT_3D('',#851,#852,#853);
#851 = CARTESIAN_POINT('',(2.25,1.55,5.E-02));
#852 = DIRECTION('',(-1.,0.,0.));
#853 = DIRECTION('',(0.,0.,1.));
#854 = ORIENTED_EDGE('',*,*,#802,.F.);
#855 = ORIENTED_EDGE('',*,*,#652,.F.);
#856 = CYLINDRICAL_SURFACE('',#857,5.E-02);
#857 = AXIS2_PLACEMENT_3D('',#858,#859,#860);
#858 = CARTESIAN_POINT('',(1.75,1.55,5.E-02));
#859 = DIRECTION('',(1.,0.,0.));
#860 = DIRECTION('',(-0.,1.,0.));
#861 = ADVANCED_FACE('',(#862),#881,.T.);
#862 = FACE_BOUND('',#863,.T.);
#863 = EDGE_LOOP('',(#864,#865,#866,#875));
#864 = ORIENTED_EDGE('',*,*,#669,.T.);
#865 = ORIENTED_EDGE('',*,*,#826,.T.);
#866 = ORIENTED_EDGE('',*,*,#867,.F.);
#867 = EDGE_CURVE('',#868,#819,#870,.T.);
#868 = VERTEX_POINT('',#869);
#869 = CARTESIAN_POINT('',(2.25,1.6,2.45));
#870 = CIRCLE('',#871,5.E-02);
#871 = AXIS2_PLACEMENT_3D('',#872,#873,#874);
#872 = CARTESIAN_POINT('',(2.25,1.55,2.45));
#873 = DIRECTION('',(1.,0.,-0.));
#874 = DIRECTION('',(0.,0.,1.));
#875 = ORIENTED_EDGE('',*,*,#876,.F.);
#876 = EDGE_CURVE('',#662,#868,#877,.T.);
#877 = LINE('',#878,#879);
#878 = CARTESIAN_POINT('',(1.75,1.6,2.45));
#879 = VECTOR('',#880,1.);
#880 = DIRECTION('',(1.,0.,0.));
#881 = CYLINDRICAL_SURFACE('',#882,5.E-02);
#882 = AXIS2_PLACEMENT_3D('',#883,#884,#885);
#883 = CARTESIAN_POINT('',(1.75,1.55,2.45));
#884 = DIRECTION('',(1.,0.,0.));
#885 = DIRECTION('',(-0.,1.,0.));
#886 = ADVANCED_FACE('',(#887),#898,.T.);
#887 = FACE_BOUND('',#888,.T.);
#888 = EDGE_LOOP('',(#889,#895,#896,#897));
#889 = ORIENTED_EDGE('',*,*,#890,.F.);
#890 = EDGE_CURVE('',#841,#868,#891,.T.);
#891 = LINE('',#892,#893);
#892 = CARTESIAN_POINT('',(2.25,1.6,0.));
#893 = VECTOR('',#894,1.);
#894 = DIRECTION('',(0.,0.,1.));
#895 = ORIENTED_EDGE('',*,*,#840,.F.);
#896 = ORIENTED_EDGE('',*,*,#661,.T.);
#897 = ORIENTED_EDGE('',*,*,#876,.T.);
#898 = PLANE('',#899);
#899 = AXIS2_PLACEMENT_3D('',#900,#901,#902);
#900 = CARTESIAN_POINT('',(1.75,1.6,0.));
#901 = DIRECTION('',(0.,1.,0.));
#902 = DIRECTION('',(0.,-0.,1.));
#903 = ADVANCED_FACE('',(#904),#914,.T.);
#904 = FACE_BOUND('',#905,.T.);
#905 = EDGE_LOOP('',(#906,#907,#908,#909,#910,#911,#912,#913));
#906 = ORIENTED_EDGE('',*,*,#711,.F.);
#907 = ORIENTED_EDGE('',*,*,#751,.T.);
#908 = ORIENTED_EDGE('',*,*,#794,.T.);
#909 = ORIENTED_EDGE('',*,*,#848,.F.);
#910 = ORIENTED_EDGE('',*,*,#890,.T.);
#911 = ORIENTED_EDGE('',*,*,#867,.T.);
#912 = ORIENTED_EDGE('',*,*,#818,.F.);
#913 = ORIENTED_EDGE('',*,*,#768,.F.);
#914 = PLANE('',#915);
#915 = AXIS2_PLACEMENT_3D('',#916,#917,#918);
#916 = CARTESIAN_POINT('',(2.25,-1.6,0.));
#917 = DIRECTION('',(1.,0.,0.));
#918 = DIRECTION('',(0.,0.,1.));
#919 = ( GEOMETRIC_REPRESENTATION_CONTEXT(3) 
GLOBAL_UNCERTAINTY_ASSIGNED_CONTEXT((#923)) GLOBAL_UNIT_ASSIGNED_CONTEXT
((#920,#921,#922)) REPRESENTATION_CONTEXT('Context #1',
  '3D Context with UNIT and UNCERTAINTY') );
#920 = ( LENGTH_UNIT() NAMED_UNIT(*) SI_UNIT(.MILLI.,.METRE.) );
#921 = ( NAMED_UNIT(*) PLANE_ANGLE_UNIT() SI_UNIT($,.RADIAN.) );
#922 = ( NAMED_UNIT(*) SI_UNIT($,.STERADIAN.) SOLID_ANGLE_UNIT() );
#923 = UNCERTAINTY_MEASURE_WITH_UNIT(LENGTH_MEASURE(1.E-07),#920,
  'distance_accuracy_value','confusion accuracy');
#924 = CONTEXT_DEPENDENT_SHAPE_REPRESENTATION(#925,#927);
#925 = ( REPRESENTATION_RELATIONSHIP('','',#64,#10) 
REPRESENTATION_RELATIONSHIP_WITH_TRANSFORMATION(#926) 
SHAPE_REPRESENTATION_RELATIONSHIP() );
#926 = ITEM_DEFINED_TRANSFORMATION('','',#11,#15);
#927 = PRODUCT_DEFINITION_SHAPE('Placement','Placement of an item',#928
  );
#928 = NEXT_ASSEMBLY_USAGE_OCCURRENCE('1','L1','',#5,#59,$);
#929 = PRODUCT_RELATED_PRODUCT_CATEGORY('part',$,(#61));
#930 = SHAPE_DEFINITION_REPRESENTATION(#931,#937);
#931 = PRODUCT_DEFINITION_SHAPE('','',#932);
#932 = PRODUCT_DEFINITION('design','',#933,#936);
#933 = PRODUCT_DEFINITION_FORMATION('','',#934);
#934 = PRODUCT('PinHeader_1x03_P2.54mm_Vertical',
  'PinHeader_1x03_P2.54mm_Vertical','',(#935));
#935 = PRODUCT_CONTEXT('',#2,'mechanical');
#936 = PRODUCT_DEFINITION_CONTEXT('part definition',#2,'design');
#937 = ADVANCED_BREP_SHAPE_REPRESENTATION('',(#11,#938),#3044);
#938 = MANIFOLD_SOLID_BREP('',#939);
#939 = CLOSED_SHELL('',(#940,#980,#1011,#1042,#1289,#1536,#1553,#1570,
    #1587,#1604,#1621,#1638,#1655,#1672,#1689,#1706,#1723,#1740,#1757,
    #1774,#1791,#1808,#1820,#1851,#1875,#1899,#1916,#1947,#1971,#1995,
    #2012,#2043,#2067,#2091,#2108,#2139,#2163,#2187,#2204,#2235,#2259,
    #2283,#2300,#2331,#2355,#2379,#2396,#2427,#2451,#2475,#2492,#2523,
    #2547,#2571,#2588,#2619,#2643,#2667,#2684,#2715,#2739,#2763,#2780,
    #2811,#2835,#2859,#2876,#2907,#2931,#2955,#2972,#2984,#2996,#3008,
    #3020,#3032));
#940 = ADVANCED_FACE('',(#941),#975,.F.);
#941 = FACE_BOUND('',#942,.F.);
#942 = EDGE_LOOP('',(#943,#953,#961,#969));
#943 = ORIENTED_EDGE('',*,*,#944,.T.);
#944 = EDGE_CURVE('',#945,#947,#949,.T.);
#945 = VERTEX_POINT('',#946);
#946 = CARTESIAN_POINT('',(-1.016,1.27,0.));
#947 = VERTEX_POINT('',#948);
#948 = CARTESIAN_POINT('',(-1.016,1.27,2.54));
#949 = LINE('',#950,#951);
#950 = CARTESIAN_POINT('',(-1.016,1.27,0.));
#951 = VECTOR('',#952,1.);
#952 = DIRECTION('',(0.,0.,1.));
#953 = ORIENTED_EDGE('',*,*,#954,.T.);
#954 = EDGE_CURVE('',#947,#955,#957,.T.);
#955 = VERTEX_POINT('',#956);
#956 = CARTESIAN_POINT('',(-1.27,1.016,2.54));
#957 = LINE('',#958,#959);
#958 = CARTESIAN_POINT('',(-1.016,1.27,2.54));
#959 = VECTOR('',#960,1.);
#960 = DIRECTION('',(-0.707106781187,-0.707106781187,0.));
#961 = ORIENTED_EDGE('',*,*,#962,.F.);
#962 = EDGE_CURVE('',#963,#955,#965,.T.);
#963 = VERTEX_POINT('',#964);
#964 = CARTESIAN_POINT('',(-1.27,1.016,0.));
#965 = LINE('',#966,#967);
#966 = CARTESIAN_POINT('',(-1.27,1.016,0.));
#967 = VECTOR('',#968,1.);
#968 = DIRECTION('',(0.,0.,1.));
#969 = ORIENTED_EDGE('',*,*,#970,.F.);
#970 = EDGE_CURVE('',#945,#963,#971,.T.);
#971 = LINE('',#972,#973);
#972 = CARTESIAN_POINT('',(-1.016,1.27,0.));
#973 = VECTOR('',#974,1.);
#974 = DIRECTION('',(-0.707106781187,-0.707106781187,0.));
#975 = PLANE('',#976);
#976 = AXIS2_PLACEMENT_3D('',#977,#978,#979);
#977 = CARTESIAN_POINT('',(-1.016,1.27,0.));
#978 = DIRECTION('',(0.707106781187,-0.707106781187,0.));
#979 = DIRECTION('',(-0.707106781187,-0.707106781187,0.));
#980 = ADVANCED_FACE('',(#981),#1006,.F.);
#981 = FACE_BOUND('',#982,.F.);
#982 = EDGE_LOOP('',(#983,#993,#999,#1000));
#983 = ORIENTED_EDGE('',*,*,#984,.T.);
#984 = EDGE_CURVE('',#985,#987,#989,.T.);
#985 = VERTEX_POINT('',#986);
#986 = CARTESIAN_POINT('',(1.016,1.27,0.));
#987 = VERTEX_POINT('',#988);
#988 = CARTESIAN_POINT('',(1.016,1.27,2.54));
#989 = LINE('',#990,#991);
#990 = CARTESIAN_POINT('',(1.016,1.27,0.));
#991 = VECTOR('',#992,1.);
#992 = DIRECTION('',(0.,0.,1.));
#993 = ORIENTED_EDGE('',*,*,#994,.T.);
#994 = EDGE_CURVE('',#987,#947,#995,.T.);
#995 = LINE('',#996,#997);
#996 = CARTESIAN_POINT('',(1.016,1.27,2.54));
#997 = VECTOR('',#998,1.);
#998 = DIRECTION('',(-1.,0.,0.));
#999 = ORIENTED_EDGE('',*,*,#944,.F.);
#1000 = ORIENTED_EDGE('',*,*,#1001,.F.);
#1001 = EDGE_CURVE('',#985,#945,#1002,.T.);
#1002 = LINE('',#1003,#1004);
#1003 = CARTESIAN_POINT('',(1.016,1.27,0.));
#1004 = VECTOR('',#1005,1.);
#1005 = DIRECTION('',(-1.,0.,0.));
#1006 = PLANE('',#1007);
#1007 = AXIS2_PLACEMENT_3D('',#1008,#1009,#1010);
#1008 = CARTESIAN_POINT('',(1.016,1.27,0.));
#1009 = DIRECTION('',(0.,-1.,0.));
#1010 = DIRECTION('',(-1.,0.,0.));
#1011 = ADVANCED_FACE('',(#1012),#1037,.F.);
#1012 = FACE_BOUND('',#1013,.F.);
#1013 = EDGE_LOOP('',(#1014,#1015,#1023,#1031));
#1014 = ORIENTED_EDGE('',*,*,#962,.T.);
#1015 = ORIENTED_EDGE('',*,*,#1016,.T.);
#1016 = EDGE_CURVE('',#955,#1017,#1019,.T.);
#1017 = VERTEX_POINT('',#1018);
#1018 = CARTESIAN_POINT('',(-1.27,-1.016,2.54));
#1019 = LINE('',#1020,#1021);
#1020 = CARTESIAN_POINT('',(-1.27,1.016,2.54));
#1021 = VECTOR('',#1022,1.);
#1022 = DIRECTION('',(0.,-1.,0.));
#1023 = ORIENTED_EDGE('',*,*,#1024,.F.);
#1024 = EDGE_CURVE('',#1025,#1017,#1027,.T.);
#1025 = VERTEX_POINT('',#1026);
#1026 = CARTESIAN_POINT('',(-1.27,-1.016,0.));
#1027 = LINE('',#1028,#1029);
#1028 = CARTESIAN_POINT('',(-1.27,-1.016,0.));
#1029 = VECTOR('',#1030,1.);
#1030 = DIRECTION('',(0.,0.,1.));
#1031 = ORIENTED_EDGE('',*,*,#1032,.F.);
#1032 = EDGE_CURVE('',#963,#1025,#1033,.T.);
#1033 = LINE('',#1034,#1035);
#1034 = CARTESIAN_POINT('',(-1.27,1.016,0.));
#1035 = VECTOR('',#1036,1.);
#1036 = DIRECTION('',(0.,-1.,0.));
#1037 = PLANE('',#1038);
#1038 = AXIS2_PLACEMENT_3D('',#1039,#1040,#1041);
#1039 = CARTESIAN_POINT('',(-1.27,1.016,0.));
#1040 = DIRECTION('',(1.,0.,0.));
#1041 = DIRECTION('',(0.,-1.,0.));
#1042 = ADVANCED_FACE('',(#1043,#1182,#1216,#1250),#1284,.F.);
#1043 = FACE_BOUND('',#1044,.F.);
#1044 = EDGE_LOOP('',(#1045,#1046,#1047,#1055,#1063,#1071,#1079,#1087,
    #1095,#1103,#1111,#1119,#1127,#1135,#1143,#1151,#1159,#1167,#1175,
    #1181));
#1045 = ORIENTED_EDGE('',*,*,#970,.T.);
#1046 = ORIENTED_EDGE('',*,*,#1032,.T.);
#1047 = ORIENTED_EDGE('',*,*,#1048,.T.);
#1048 = EDGE_CURVE('',#1025,#1049,#1051,.T.);
#1049 = VERTEX_POINT('',#1050);
#1050 = CARTESIAN_POINT('',(-1.016,-1.27,0.));
#1051 = LINE('',#1052,#1053);
#1052 = CARTESIAN_POINT('',(-1.27,-1.016,0.));
#1053 = VECTOR('',#1054,1.);
#1054 = DIRECTION('',(0.707106781187,-0.707106781187,0.));
#1055 = ORIENTED_EDGE('',*,*,#1056,.T.);
#1056 = EDGE_CURVE('',#1049,#1057,#1059,.T.);
#1057 = VERTEX_POINT('',#1058);
#1058 = CARTESIAN_POINT('',(-1.27,-1.524,0.));
#1059 = LINE('',#1060,#1061);
#1060 = CARTESIAN_POINT('',(-1.016,-1.27,0.));
#1061 = VECTOR('',#1062,1.);
#1062 = DIRECTION('',(-0.707106781187,-0.707106781187,0.));
#1063 = ORIENTED_EDGE('',*,*,#1064,.T.);
#1064 = EDGE_CURVE('',#1057,#1065,#1067,.T.);
#1065 = VERTEX_POINT('',#1066);
#1066 = CARTESIAN_POINT('',(-1.27,-3.556,0.));
#1067 = LINE('',#1068,#1069);
#1068 = CARTESIAN_POINT('',(-1.27,-1.524,0.));
#1069 = VECTOR('',#1070,1.);
#1070 = DIRECTION('',(0.,-1.,0.));
#1071 = ORIENTED_EDGE('',*,*,#1072,.T.);
#1072 = EDGE_CURVE('',#1065,#1073,#1075,.T.);
#1073 = VERTEX_POINT('',#1074);
#1074 = CARTESIAN_POINT('',(-1.016,-3.81,0.));
#1075 = LINE('',#1076,#1077);
#1076 = CARTESIAN_POINT('',(-1.27,-3.556,0.));
#1077 = VECTOR('',#1078,1.);
#1078 = DIRECTION('',(0.707106781187,-0.707106781187,0.));
#1079 = ORIENTED_EDGE('',*,*,#1080,.T.);
#1080 = EDGE_CURVE('',#1073,#1081,#1083,.T.);
#1081 = VERTEX_POINT('',#1082);
#1082 = CARTESIAN_POINT('',(-1.27,-4.064,0.));
#1083 = LINE('',#1084,#1085);
#1084 = CARTESIAN_POINT('',(-1.016,-3.81,0.));
#1085 = VECTOR('',#1086,1.);
#1086 = DIRECTION('',(-0.707106781187,-0.707106781187,0.));
#1087 = ORIENTED_EDGE('',*,*,#1088,.T.);
#1088 = EDGE_CURVE('',#1081,#1089,#1091,.T.);
#1089 = VERTEX_POINT('',#1090);
#1090 = CARTESIAN_POINT('',(-1.27,-6.096,0.));
#1091 = LINE('',#1092,#1093);
#1092 = CARTESIAN_POINT('',(-1.27,-4.064,0.));
#1093 = VECTOR('',#1094,1.);
#1094 = DIRECTION('',(0.,-1.,0.));
#1095 = ORIENTED_EDGE('',*,*,#1096,.T.);
#1096 = EDGE_CURVE('',#1089,#1097,#1099,.T.);
#1097 = VERTEX_POINT('',#1098);
#1098 = CARTESIAN_POINT('',(-1.016,-6.35,0.));
#1099 = LINE('',#1100,#1101);
#1100 = CARTESIAN_POINT('',(-1.27,-6.096,0.));
#1101 = VECTOR('',#1102,1.);
#1102 = DIRECTION('',(0.707106781187,-0.707106781187,0.));
#1103 = ORIENTED_EDGE('',*,*,#1104,.T.);
#1104 = EDGE_CURVE('',#1097,#1105,#1107,.T.);
#1105 = VERTEX_POINT('',#1106);
#1106 = CARTESIAN_POINT('',(1.016,-6.35,0.));
#1107 = LINE('',#1108,#1109);
#1108 = CARTESIAN_POINT('',(-1.016,-6.35,0.));
#1109 = VECTOR('',#1110,1.);
#1110 = DIRECTION('',(1.,0.,0.));
#1111 = ORIENTED_EDGE('',*,*,#1112,.T.);
#1112 = EDGE_CURVE('',#1105,#1113,#1115,.T.);
#1113 = VERTEX_POINT('',#1114);
#1114 = CARTESIAN_POINT('',(1.27,-6.096,0.));
#1115 = LINE('',#1116,#1117);
#1116 = CARTESIAN_POINT('',(1.016,-6.35,0.));
#1117 = VECTOR('',#1118,1.);
#1118 = DIRECTION('',(0.707106781187,0.707106781187,0.));
#1119 = ORIENTED_EDGE('',*,*,#1120,.T.);
#1120 = EDGE_CURVE('',#1113,#1121,#1123,.T.);
#1121 = VERTEX_POINT('',#1122);
#1122 = CARTESIAN_POINT('',(1.27,-4.064,0.));
#1123 = LINE('',#1124,#1125);
#1124 = CARTESIAN_POINT('',(1.27,-6.096,0.));
#1125 = VECTOR('',#1126,1.);
#1126 = DIRECTION('',(0.,1.,0.));
#1127 = ORIENTED_EDGE('',*,*,#1128,.T.);
#1128 = EDGE_CURVE('',#1121,#1129,#1131,.T.);
#1129 = VERTEX_POINT('',#1130);
#1130 = CARTESIAN_POINT('',(1.016,-3.81,0.));
#1131 = LINE('',#1132,#1133);
#1132 = CARTESIAN_POINT('',(1.27,-4.064,0.));
#1133 = VECTOR('',#1134,1.);
#1134 = DIRECTION('',(-0.707106781187,0.707106781187,0.));
#1135 = ORIENTED_EDGE('',*,*,#1136,.T.);
#1136 = EDGE_CURVE('',#1129,#1137,#1139,.T.);
#1137 = VERTEX_POINT('',#1138);
#1138 = CARTESIAN_POINT('',(1.27,-3.556,0.));
#1139 = LINE('',#1140,#1141);
#1140 = CARTESIAN_POINT('',(1.016,-3.81,0.));
#1141 = VECTOR('',#1142,1.);
#1142 = DIRECTION('',(0.707106781187,0.707106781187,0.));
#1143 = ORIENTED_EDGE('',*,*,#1144,.T.);
#1144 = EDGE_CURVE('',#1137,#1145,#1147,.T.);
#1145 = VERTEX_POINT('',#1146);
#1146 = CARTESIAN_POINT('',(1.27,-1.524,0.));
#1147 = LINE('',#1148,#1149);
#1148 = CARTESIAN_POINT('',(1.27,-3.556,0.));
#1149 = VECTOR('',#1150,1.);
#1150 = DIRECTION('',(0.,1.,0.));
#1151 = ORIENTED_EDGE('',*,*,#1152,.T.);
#1152 = EDGE_CURVE('',#1145,#1153,#1155,.T.);
#1153 = VERTEX_POINT('',#1154);
#1154 = CARTESIAN_POINT('',(1.016,-1.27,0.));
#1155 = LINE('',#1156,#1157);
#1156 = CARTESIAN_POINT('',(1.27,-1.524,0.));
#1157 = VECTOR('',#1158,1.);
#1158 = DIRECTION('',(-0.707106781187,0.707106781187,0.));
#1159 = ORIENTED_EDGE('',*,*,#1160,.T.);
#1160 = EDGE_CURVE('',#1153,#1161,#1163,.T.);
#1161 = VERTEX_POINT('',#1162);
#1162 = CARTESIAN_POINT('',(1.27,-1.016,0.));
#1163 = LINE('',#1164,#1165);
#1164 = CARTESIAN_POINT('',(1.016,-1.27,0.));
#1165 = VECTOR('',#1166,1.);
#1166 = DIRECTION('',(0.707106781187,0.707106781187,0.));
#1167 = ORIENTED_EDGE('',*,*,#1168,.T.);
#1168 = EDGE_CURVE('',#1161,#1169,#1171,.T.);
#1169 = VERTEX_POINT('',#1170);
#1170 = CARTESIAN_POINT('',(1.27,1.016,0.));
#1171 = LINE('',#1172,#1173);
#1172 = CARTESIAN_POINT('',(1.27,-1.016,0.));
#1173 = VECTOR('',#1174,1.);
#1174 = DIRECTION('',(0.,1.,0.));
#1175 = ORIENTED_EDGE('',*,*,#1176,.T.);
#1176 = EDGE_CURVE('',#1169,#985,#1177,.T.);
#1177 = LINE('',#1178,#1179);
#1178 = CARTESIAN_POINT('',(1.27,1.016,0.));
#1179 = VECTOR('',#1180,1.);
#1180 = DIRECTION('',(-0.707106781187,0.707106781187,0.));
#1181 = ORIENTED_EDGE('',*,*,#1001,.T.);
#1182 = FACE_BOUND('',#1183,.F.);
#1183 = EDGE_LOOP('',(#1184,#1194,#1202,#1210));
#1184 = ORIENTED_EDGE('',*,*,#1185,.F.);
#1185 = EDGE_CURVE('',#1186,#1188,#1190,.T.);
#1186 = VERTEX_POINT('',#1187);
#1187 = CARTESIAN_POINT('',(0.32,-0.32,0.));
#1188 = VERTEX_POINT('',#1189);
#1189 = CARTESIAN_POINT('',(0.32,0.32,0.));
#1190 = LINE('',#1191,#1192);
#1191 = CARTESIAN_POINT('',(0.32,-1.43,0.));
#1192 = VECTOR('',#1193,1.);
#1193 = DIRECTION('',(0.,1.,0.));
#1194 = ORIENTED_EDGE('',*,*,#1195,.T.);
#1195 = EDGE_CURVE('',#1186,#1196,#1198,.T.);
#1196 = VERTEX_POINT('',#1197);
#1197 = CARTESIAN_POINT('',(-0.32,-0.32,0.));
#1198 = LINE('',#1199,#1200);
#1199 = CARTESIAN_POINT('',(-0.16,-0.32,0.));
#1200 = VECTOR('',#1201,1.);
#1201 = DIRECTION('',(-1.,0.,0.));
#1202 = ORIENTED_EDGE('',*,*,#1203,.T.);
#1203 = EDGE_CURVE('',#1196,#1204,#1206,.T.);
#1204 = VERTEX_POINT('',#1205);
#1205 = CARTESIAN_POINT('',(-0.32,0.32,0.));
#1206 = LINE('',#1207,#1208);
#1207 = CARTESIAN_POINT('',(-0.32,-1.43,0.));
#1208 = VECTOR('',#1209,1.);
#1209 = DIRECTION('',(0.,1.,0.));
#1210 = ORIENTED_EDGE('',*,*,#1211,.F.);
#1211 = EDGE_CURVE('',#1188,#1204,#1212,.T.);
#1212 = LINE('',#1213,#1214);
#1213 = CARTESIAN_POINT('',(-0.16,0.32,0.));
#1214 = VECTOR('',#1215,1.);
#1215 = DIRECTION('',(-1.,0.,0.));
#1216 = FACE_BOUND('',#1217,.F.);
#1217 = EDGE_LOOP('',(#1218,#1228,#1236,#1244));
#1218 = ORIENTED_EDGE('',*,*,#1219,.T.);
#1219 = EDGE_CURVE('',#1220,#1222,#1224,.T.);
#1220 = VERTEX_POINT('',#1221);
#1221 = CARTESIAN_POINT('',(0.32,-2.86,0.));
#1222 = VERTEX_POINT('',#1223);
#1223 = CARTESIAN_POINT('',(-0.32,-2.86,0.));
#1224 = LINE('',#1225,#1226);
#1225 = CARTESIAN_POINT('',(-0.16,-2.86,0.));
#1226 = VECTOR('',#1227,1.);
#1227 = DIRECTION('',(-1.,0.,0.));
#1228 = ORIENTED_EDGE('',*,*,#1229,.T.);
#1229 = EDGE_CURVE('',#1222,#1230,#1232,.T.);
#1230 = VERTEX_POINT('',#1231);
#1231 = CARTESIAN_POINT('',(-0.32,-2.22,0.));
#1232 = LINE('',#1233,#1234);
#1233 = CARTESIAN_POINT('',(-0.32,-2.7,0.));
#1234 = VECTOR('',#1235,1.);
#1235 = DIRECTION('',(0.,1.,0.));
#1236 = ORIENTED_EDGE('',*,*,#1237,.F.);
#1237 = EDGE_CURVE('',#1238,#1230,#1240,.T.);
#1238 = VERTEX_POINT('',#1239);
#1239 = CARTESIAN_POINT('',(0.32,-2.22,0.));
#1240 = LINE('',#1241,#1242);
#1241 = CARTESIAN_POINT('',(-0.16,-2.22,0.));
#1242 = VECTOR('',#1243,1.);
#1243 = DIRECTION('',(-1.,0.,0.));
#1244 = ORIENTED_EDGE('',*,*,#1245,.F.);
#1245 = EDGE_CURVE('',#1220,#1238,#1246,.T.);
#1246 = LINE('',#1247,#1248);
#1247 = CARTESIAN_POINT('',(0.32,-2.7,0.));
#1248 = VECTOR('',#1249,1.);
#1249 = DIRECTION('',(0.,1.,0.));
#1250 = FACE_BOUND('',#1251,.F.);
#1251 = EDGE_LOOP('',(#1252,#1262,#1270,#1278));
#1252 = ORIENTED_EDGE('',*,*,#1253,.F.);
#1253 = EDGE_CURVE('',#1254,#1256,#1258,.T.);
#1254 = VERTEX_POINT('',#1255);
#1255 = CARTESIAN_POINT('',(0.32,-4.76,0.));
#1256 = VERTEX_POINT('',#1257);
#1257 = CARTESIAN_POINT('',(-0.32,-4.76,0.));
#1258 = LINE('',#1259,#1260);
#1259 = CARTESIAN_POINT('',(-0.16,-4.76,0.));
#1260 = VECTOR('',#1261,1.);
#1261 = DIRECTION('',(-1.,0.,0.));
#1262 = ORIENTED_EDGE('',*,*,#1263,.F.);
#1263 = EDGE_CURVE('',#1264,#1254,#1266,.T.);
#1264 = VERTEX_POINT('',#1265);
#1265 = CARTESIAN_POINT('',(0.32,-5.4,0.));
#1266 = LINE('',#1267,#1268);
#1267 = CARTESIAN_POINT('',(0.32,-3.97,0.));
#1268 = VECTOR('',#1269,1.);
#1269 = DIRECTION('',(0.,1.,0.));
#1270 = ORIENTED_EDGE('',*,*,#1271,.T.);
#1271 = EDGE_CURVE('',#1264,#1272,#1274,.T.);
#1272 = VERTEX_POINT('',#1273);
#1273 = CARTESIAN_POINT('',(-0.32,-5.4,0.));
#1274 = LINE('',#1275,#1276);
#1275 = CARTESIAN_POINT('',(-0.16,-5.4,0.));
#1276 = VECTOR('',#1277,1.);
#1277 = DIRECTION('',(-1.,0.,0.));
#1278 = ORIENTED_EDGE('',*,*,#1279,.T.);
#1279 = EDGE_CURVE('',#1272,#1256,#1280,.T.);
#1280 = LINE('',#1281,#1282);
#1281 = CARTESIAN_POINT('',(-0.32,-3.97,0.));
#1282 = VECTOR('',#1283,1.);
#1283 = DIRECTION('',(0.,1.,0.));
#1284 = PLANE('',#1285);
#1285 = AXIS2_PLACEMENT_3D('',#1286,#1287,#1288);
#1286 = CARTESIAN_POINT('',(5.398204781459E-17,-2.54,0.));
#1287 = DIRECTION('',(0.,0.,1.));
#1288 = DIRECTION('',(1.,0.,-0.));
#1289 = ADVANCED_FACE('',(#1290,#1429,#1463,#1497),#1531,.T.);
#1290 = FACE_BOUND('',#1291,.T.);
#1291 = EDGE_LOOP('',(#1292,#1293,#1294,#1302,#1310,#1318,#1326,#1334,
    #1342,#1350,#1358,#1366,#1374,#1382,#1390,#1398,#1406,#1414,#1422,
    #1428));
#1292 = ORIENTED_EDGE('',*,*,#954,.T.);
#1293 = ORIENTED_EDGE('',*,*,#1016,.T.);
#1294 = ORIENTED_EDGE('',*,*,#1295,.T.);
#1295 = EDGE_CURVE('',#1017,#1296,#1298,.T.);
#1296 = VERTEX_POINT('',#1297);
#1297 = CARTESIAN_POINT('',(-1.016,-1.27,2.54));
#1298 = LINE('',#1299,#1300);
#1299 = CARTESIAN_POINT('',(-1.27,-1.016,2.54));
#1300 = VECTOR('',#1301,1.);
#1301 = DIRECTION('',(0.707106781187,-0.707106781187,0.));
#1302 = ORIENTED_EDGE('',*,*,#1303,.T.);
#1303 = EDGE_CURVE('',#1296,#1304,#1306,.T.);
#1304 = VERTEX_POINT('',#1305);
#1305 = CARTESIAN_POINT('',(-1.27,-1.524,2.54));
#1306 = LINE('',#1307,#1308);
#1307 = CARTESIAN_POINT('',(-1.016,-1.27,2.54));
#1308 = VECTOR('',#1309,1.);
#1309 = DIRECTION('',(-0.707106781187,-0.707106781187,0.));
#1310 = ORIENTED_EDGE('',*,*,#1311,.T.);
#1311 = EDGE_CURVE('',#1304,#1312,#1314,.T.);
#1312 = VERTEX_POINT('',#1313);
#1313 = CARTESIAN_POINT('',(-1.27,-3.556,2.54));
#1314 = LINE('',#1315,#1316);
#1315 = CARTESIAN_POINT('',(-1.27,-1.524,2.54));
#1316 = VECTOR('',#1317,1.);
#1317 = DIRECTION('',(0.,-1.,0.));
#1318 = ORIENTED_EDGE('',*,*,#1319,.T.);
#1319 = EDGE_CURVE('',#1312,#1320,#1322,.T.);
#1320 = VERTEX_POINT('',#1321);
#1321 = CARTESIAN_POINT('',(-1.016,-3.81,2.54));
#1322 = LINE('',#1323,#1324);
#1323 = CARTESIAN_POINT('',(-1.27,-3.556,2.54));
#1324 = VECTOR('',#1325,1.);
#1325 = DIRECTION('',(0.707106781187,-0.707106781187,0.));
#1326 = ORIENTED_EDGE('',*,*,#1327,.T.);
#1327 = EDGE_CURVE('',#1320,#1328,#1330,.T.);
#1328 = VERTEX_POINT('',#1329);
#1329 = CARTESIAN_POINT('',(-1.27,-4.064,2.54));
#1330 = LINE('',#1331,#1332);
#1331 = CARTESIAN_POINT('',(-1.016,-3.81,2.54));
#1332 = VECTOR('',#1333,1.);
#1333 = DIRECTION('',(-0.707106781187,-0.707106781187,0.));
#1334 = ORIENTED_EDGE('',*,*,#1335,.T.);
#1335 = EDGE_CURVE('',#1328,#1336,#1338,.T.);
#1336 = VERTEX_POINT('',#1337);
#1337 = CARTESIAN_POINT('',(-1.27,-6.096,2.54));
#1338 = LINE('',#1339,#1340);
#1339 = CARTESIAN_POINT('',(-1.27,-4.064,2.54));
#1340 = VECTOR('',#1341,1.);
#1341 = DIRECTION('',(0.,-1.,0.));
#1342 = ORIENTED_EDGE('',*,*,#1343,.T.);
#1343 = EDGE_CURVE('',#1336,#1344,#1346,.T.);
#1344 = VERTEX_POINT('',#1345);
#1345 = CARTESIAN_POINT('',(-1.016,-6.35,2.54));
#1346 = LINE('',#1347,#1348);
#1347 = CARTESIAN_POINT('',(-1.27,-6.096,2.54));
#1348 = VECTOR('',#1349,1.);
#1349 = DIRECTION('',(0.707106781187,-0.707106781187,0.));
#1350 = ORIENTED_EDGE('',*,*,#1351,.T.);
#1351 = EDGE_CURVE('',#1344,#1352,#1354,.T.);
#1352 = VERTEX_POINT('',#1353);
#1353 = CARTESIAN_POINT('',(1.016,-6.35,2.54));
#1354 = LINE('',#1355,#1356);
#1355 = CARTESIAN_POINT('',(-1.016,-6.35,2.54));
#1356 = VECTOR('',#1357,1.);
#1357 = DIRECTION('',(1.,0.,0.));
#1358 = ORIENTED_EDGE('',*,*,#1359,.T.);
#1359 = EDGE_CURVE('',#1352,#1360,#1362,.T.);
#1360 = VERTEX_POINT('',#1361);
#1361 = CARTESIAN_POINT('',(1.27,-6.096,2.54));
#1362 = LINE('',#1363,#1364);
#1363 = CARTESIAN_POINT('',(1.016,-6.35,2.54));
#1364 = VECTOR('',#1365,1.);
#1365 = DIRECTION('',(0.707106781187,0.707106781187,0.));
#1366 = ORIENTED_EDGE('',*,*,#1367,.T.);
#1367 = EDGE_CURVE('',#1360,#1368,#1370,.T.);
#1368 = VERTEX_POINT('',#1369);
#1369 = CARTESIAN_POINT('',(1.27,-4.064,2.54));
#1370 = LINE('',#1371,#1372);
#1371 = CARTESIAN_POINT('',(1.27,-6.096,2.54));
#1372 = VECTOR('',#1373,1.);
#1373 = DIRECTION('',(0.,1.,0.));
#1374 = ORIENTED_EDGE('',*,*,#1375,.T.);
#1375 = EDGE_CURVE('',#1368,#1376,#1378,.T.);
#1376 = VERTEX_POINT('',#1377);
#1377 = CARTESIAN_POINT('',(1.016,-3.81,2.54));
#1378 = LINE('',#1379,#1380);
#1379 = CARTESIAN_POINT('',(1.27,-4.064,2.54));
#1380 = VECTOR('',#1381,1.);
#1381 = DIRECTION('',(-0.707106781187,0.707106781187,0.));
#1382 = ORIENTED_EDGE('',*,*,#1383,.T.);
#1383 = EDGE_CURVE('',#1376,#1384,#1386,.T.);
#1384 = VERTEX_POINT('',#1385);
#1385 = CARTESIAN_POINT('',(1.27,-3.556,2.54));
#1386 = LINE('',#1387,#1388);
#1387 = CARTESIAN_POINT('',(1.016,-3.81,2.54));
#1388 = VECTOR('',#1389,1.);
#1389 = DIRECTION('',(0.707106781187,0.707106781187,0.));
#1390 = ORIENTED_EDGE('',*,*,#1391,.T.);
#1391 = EDGE_CURVE('',#1384,#1392,#1394,.T.);
#1392 = VERTEX_POINT('',#1393);
#1393 = CARTESIAN_POINT('',(1.27,-1.524,2.54));
#1394 = LINE('',#1395,#1396);
#1395 = CARTESIAN_POINT('',(1.27,-3.556,2.54));
#1396 = VECTOR('',#1397,1.);
#1397 = DIRECTION('',(0.,1.,0.));
#1398 = ORIENTED_EDGE('',*,*,#1399,.T.);
#1399 = EDGE_CURVE('',#1392,#1400,#1402,.T.);
#1400 = VERTEX_POINT('',#1401);
#1401 = CARTESIAN_POINT('',(1.016,-1.27,2.54));
#1402 = LINE('',#1403,#1404);
#1403 = CARTESIAN_POINT('',(1.27,-1.524,2.54));
#1404 = VECTOR('',#1405,1.);
#1405 = DIRECTION('',(-0.707106781187,0.707106781187,0.));
#1406 = ORIENTED_EDGE('',*,*,#1407,.T.);
#1407 = EDGE_CURVE('',#1400,#1408,#1410,.T.);
#1408 = VERTEX_POINT('',#1409);
#1409 = CARTESIAN_POINT('',(1.27,-1.016,2.54));
#1410 = LINE('',#1411,#1412);
#1411 = CARTESIAN_POINT('',(1.016,-1.27,2.54));
#1412 = VECTOR('',#1413,1.);
#1413 = DIRECTION('',(0.707106781187,0.707106781187,0.));
#1414 = ORIENTED_EDGE('',*,*,#1415,.T.);
#1415 = EDGE_CURVE('',#1408,#1416,#1418,.T.);
#1416 = VERTEX_POINT('',#1417);
#1417 = CARTESIAN_POINT('',(1.27,1.016,2.54));
#1418 = LINE('',#1419,#1420);
#1419 = CARTESIAN_POINT('',(1.27,-1.016,2.54));
#1420 = VECTOR('',#1421,1.);
#1421 = DIRECTION('',(0.,1.,0.));
#1422 = ORIENTED_EDGE('',*,*,#1423,.T.);
#1423 = EDGE_CURVE('',#1416,#987,#1424,.T.);
#1424 = LINE('',#1425,#1426);
#1425 = CARTESIAN_POINT('',(1.27,1.016,2.54));
#1426 = VECTOR('',#1427,1.);
#1427 = DIRECTION('',(-0.707106781187,0.707106781187,0.));
#1428 = ORIENTED_EDGE('',*,*,#994,.T.);
#1429 = FACE_BOUND('',#1430,.T.);
#1430 = EDGE_LOOP('',(#1431,#1441,#1449,#1457));
#1431 = ORIENTED_EDGE('',*,*,#1432,.F.);
#1432 = EDGE_CURVE('',#1433,#1435,#1437,.T.);
#1433 = VERTEX_POINT('',#1434);
#1434 = CARTESIAN_POINT('',(0.32,-0.32,2.54));
#1435 = VERTEX_POINT('',#1436);
#1436 = CARTESIAN_POINT('',(0.32,0.32,2.54));
#1437 = LINE('',#1438,#1439);
#1438 = CARTESIAN_POINT('',(0.32,-1.43,2.54));
#1439 = VECTOR('',#1440,1.);
#1440 = DIRECTION('',(0.,1.,0.));
#1441 = ORIENTED_EDGE('',*,*,#1442,.T.);
#1442 = EDGE_CURVE('',#1433,#1443,#1445,.T.);
#1443 = VERTEX_POINT('',#1444);
#1444 = CARTESIAN_POINT('',(-0.32,-0.32,2.54));
#1445 = LINE('',#1446,#1447);
#1446 = CARTESIAN_POINT('',(-0.16,-0.32,2.54));
#1447 = VECTOR('',#1448,1.);
#1448 = DIRECTION('',(-1.,0.,0.));
#1449 = ORIENTED_EDGE('',*,*,#1450,.T.);
#1450 = EDGE_CURVE('',#1443,#1451,#1453,.T.);
#1451 = VERTEX_POINT('',#1452);
#1452 = CARTESIAN_POINT('',(-0.32,0.32,2.54));
#1453 = LINE('',#1454,#1455);
#1454 = CARTESIAN_POINT('',(-0.32,-1.43,2.54));
#1455 = VECTOR('',#1456,1.);
#1456 = DIRECTION('',(0.,1.,0.));
#1457 = ORIENTED_EDGE('',*,*,#1458,.F.);
#1458 = EDGE_CURVE('',#1435,#1451,#1459,.T.);
#1459 = LINE('',#1460,#1461);
#1460 = CARTESIAN_POINT('',(-0.16,0.32,2.54));
#1461 = VECTOR('',#1462,1.);
#1462 = DIRECTION('',(-1.,0.,0.));
#1463 = FACE_BOUND('',#1464,.T.);
#1464 = EDGE_LOOP('',(#1465,#1475,#1483,#1491));
#1465 = ORIENTED_EDGE('',*,*,#1466,.T.);
#1466 = EDGE_CURVE('',#1467,#1469,#1471,.T.);
#1467 = VERTEX_POINT('',#1468);
#1468 = CARTESIAN_POINT('',(0.32,-2.86,2.54));
#1469 = VERTEX_POINT('',#1470);
#1470 = CARTESIAN_POINT('',(-0.32,-2.86,2.54));
#1471 = LINE('',#1472,#1473);
#1472 = CARTESIAN_POINT('',(-0.16,-2.86,2.54));
#1473 = VECTOR('',#1474,1.);
#1474 = DIRECTION('',(-1.,0.,0.));
#1475 = ORIENTED_EDGE('',*,*,#1476,.T.);
#1476 = EDGE_CURVE('',#1469,#1477,#1479,.T.);
#1477 = VERTEX_POINT('',#1478);
#1478 = CARTESIAN_POINT('',(-0.32,-2.22,2.54));
#1479 = LINE('',#1480,#1481);
#1480 = CARTESIAN_POINT('',(-0.32,-2.7,2.54));
#1481 = VECTOR('',#1482,1.);
#1482 = DIRECTION('',(0.,1.,0.));
#1483 = ORIENTED_EDGE('',*,*,#1484,.F.);
#1484 = EDGE_CURVE('',#1485,#1477,#1487,.T.);
#1485 = VERTEX_POINT('',#1486);
#1486 = CARTESIAN_POINT('',(0.32,-2.22,2.54));
#1487 = LINE('',#1488,#1489);
#1488 = CARTESIAN_POINT('',(-0.16,-2.22,2.54));
#1489 = VECTOR('',#1490,1.);
#1490 = DIRECTION('',(-1.,0.,0.));
#1491 = ORIENTED_EDGE('',*,*,#1492,.F.);
#1492 = EDGE_CURVE('',#1467,#1485,#1493,.T.);
#1493 = LINE('',#1494,#1495);
#1494 = CARTESIAN_POINT('',(0.32,-2.7,2.54));
#1495 = VECTOR('',#1496,1.);
#1496 = DIRECTION('',(0.,1.,0.));
#1497 = FACE_BOUND('',#1498,.T.);
#1498 = EDGE_LOOP('',(#1499,#1509,#1517,#1525));
#1499 = ORIENTED_EDGE('',*,*,#1500,.F.);
#1500 = EDGE_CURVE('',#1501,#1503,#1505,.T.);
#1501 = VERTEX_POINT('',#1502);
#1502 = CARTESIAN_POINT('',(0.32,-4.76,2.54));
#1503 = VERTEX_POINT('',#1504);
#1504 = CARTESIAN_POINT('',(-0.32,-4.76,2.54));
#1505 = LINE('',#1506,#1507);
#1506 = CARTESIAN_POINT('',(-0.16,-4.76,2.54));
#1507 = VECTOR('',#1508,1.);
#1508 = DIRECTION('',(-1.,0.,0.));
#1509 = ORIENTED_EDGE('',*,*,#1510,.F.);
#1510 = EDGE_CURVE('',#1511,#1501,#1513,.T.);
#1511 = VERTEX_POINT('',#1512);
#1512 = CARTESIAN_POINT('',(0.32,-5.4,2.54));
#1513 = LINE('',#1514,#1515);
#1514 = CARTESIAN_POINT('',(0.32,-3.97,2.54));
#1515 = VECTOR('',#1516,1.);
#1516 = DIRECTION('',(0.,1.,0.));
#1517 = ORIENTED_EDGE('',*,*,#1518,.T.);
#1518 = EDGE_CURVE('',#1511,#1519,#1521,.T.);
#1519 = VERTEX_POINT('',#1520);
#1520 = CARTESIAN_POINT('',(-0.32,-5.4,2.54));
#1521 = LINE('',#1522,#1523);
#1522 = CARTESIAN_POINT('',(-0.16,-5.4,2.54));
#1523 = VECTOR('',#1524,1.);
#1524 = DIRECTION('',(-1.,0.,0.));
#1525 = ORIENTED_EDGE('',*,*,#1526,.T.);
#1526 = EDGE_CURVE('',#1519,#1503,#1527,.T.);
#1527 = LINE('',#1528,#1529);
#1528 = CARTESIAN_POINT('',(-0.32,-3.97,2.54));
#1529 = VECTOR('',#1530,1.);
#1530 = DIRECTION('',(0.,1.,0.));
#1531 = PLANE('',#1532);
#1532 = AXIS2_PLACEMENT_3D('',#1533,#1534,#1535);
#1533 = CARTESIAN_POINT('',(5.398204781459E-17,-2.54,2.54));
#1534 = DIRECTION('',(0.,0.,1.));
#1535 = DIRECTION('',(1.,0.,-0.));
#1536 = ADVANCED_FACE('',(#1537),#1548,.F.);
#1537 = FACE_BOUND('',#1538,.F.);
#1538 = EDGE_LOOP('',(#1539,#1545,#1546,#1547));
#1539 = ORIENTED_EDGE('',*,*,#1540,.T.);
#1540 = EDGE_CURVE('',#1169,#1416,#1541,.T.);
#1541 = LINE('',#1542,#1543);
#1542 = CARTESIAN_POINT('',(1.27,1.016,0.));
#1543 = VECTOR('',#1544,1.);
#1544 = DIRECTION('',(0.,0.,1.));
#1545 = ORIENTED_EDGE('',*,*,#1423,.T.);
#1546 = ORIENTED_EDGE('',*,*,#984,.F.);
#1547 = ORIENTED_EDGE('',*,*,#1176,.F.);
#1548 = PLANE('',#1549);
#1549 = AXIS2_PLACEMENT_3D('',#1550,#1551,#1552);
#1550 = CARTESIAN_POINT('',(1.27,1.016,0.));
#1551 = DIRECTION('',(-0.707106781187,-0.707106781187,0.));
#1552 = DIRECTION('',(-0.707106781187,0.707106781187,0.));
#1553 = ADVANCED_FACE('',(#1554),#1565,.F.);
#1554 = FACE_BOUND('',#1555,.F.);
#1555 = EDGE_LOOP('',(#1556,#1557,#1558,#1564));
#1556 = ORIENTED_EDGE('',*,*,#1024,.T.);
#1557 = ORIENTED_EDGE('',*,*,#1295,.T.);
#1558 = ORIENTED_EDGE('',*,*,#1559,.F.);
#1559 = EDGE_CURVE('',#1049,#1296,#1560,.T.);
#1560 = LINE('',#1561,#1562);
#1561 = CARTESIAN_POINT('',(-1.016,-1.27,0.));
#1562 = VECTOR('',#1563,1.);
#1563 = DIRECTION('',(0.,0.,1.));
#1564 = ORIENTED_EDGE('',*,*,#1048,.F.);
#1565 = PLANE('',#1566);
#1566 = AXIS2_PLACEMENT_3D('',#1567,#1568,#1569);
#1567 = CARTESIAN_POINT('',(-1.27,-1.016,0.));
#1568 = DIRECTION('',(0.707106781187,0.707106781187,0.));
#1569 = DIRECTION('',(0.707106781187,-0.707106781187,0.));
#1570 = ADVANCED_FACE('',(#1571),#1582,.F.);
#1571 = FACE_BOUND('',#1572,.F.);
#1572 = EDGE_LOOP('',(#1573,#1579,#1580,#1581));
#1573 = ORIENTED_EDGE('',*,*,#1574,.T.);
#1574 = EDGE_CURVE('',#1161,#1408,#1575,.T.);
#1575 = LINE('',#1576,#1577);
#1576 = CARTESIAN_POINT('',(1.27,-1.016,0.));
#1577 = VECTOR('',#1578,1.);
#1578 = DIRECTION('',(0.,0.,1.));
#1579 = ORIENTED_EDGE('',*,*,#1415,.T.);
#1580 = ORIENTED_EDGE('',*,*,#1540,.F.);
#1581 = ORIENTED_EDGE('',*,*,#1168,.F.);
#1582 = PLANE('',#1583);
#1583 = AXIS2_PLACEMENT_3D('',#1584,#1585,#1586);
#1584 = CARTESIAN_POINT('',(1.27,-1.016,0.));
#1585 = DIRECTION('',(-1.,0.,0.));
#1586 = DIRECTION('',(0.,1.,0.));
#1587 = ADVANCED_FACE('',(#1588),#1599,.F.);
#1588 = FACE_BOUND('',#1589,.F.);
#1589 = EDGE_LOOP('',(#1590,#1591,#1592,#1598));
#1590 = ORIENTED_EDGE('',*,*,#1559,.T.);
#1591 = ORIENTED_EDGE('',*,*,#1303,.T.);
#1592 = ORIENTED_EDGE('',*,*,#1593,.F.);
#1593 = EDGE_CURVE('',#1057,#1304,#1594,.T.);
#1594 = LINE('',#1595,#1596);
#1595 = CARTESIAN_POINT('',(-1.27,-1.524,0.));
#1596 = VECTOR('',#1597,1.);
#1597 = DIRECTION('',(0.,0.,1.));
#1598 = ORIENTED_EDGE('',*,*,#1056,.F.);
#1599 = PLANE('',#1600);
#1600 = AXIS2_PLACEMENT_3D('',#1601,#1602,#1603);
#1601 = CARTESIAN_POINT('',(-1.016,-1.27,0.));
#1602 = DIRECTION('',(0.707106781187,-0.707106781187,0.));
#1603 = DIRECTION('',(-0.707106781187,-0.707106781187,0.));
#1604 = ADVANCED_FACE('',(#1605),#1616,.F.);
#1605 = FACE_BOUND('',#1606,.F.);
#1606 = EDGE_LOOP('',(#1607,#1613,#1614,#1615));
#1607 = ORIENTED_EDGE('',*,*,#1608,.T.);
#1608 = EDGE_CURVE('',#1153,#1400,#1609,.T.);
#1609 = LINE('',#1610,#1611);
#1610 = CARTESIAN_POINT('',(1.016,-1.27,0.));
#1611 = VECTOR('',#1612,1.);
#1612 = DIRECTION('',(0.,0.,1.));
#1613 = ORIENTED_EDGE('',*,*,#1407,.T.);
#1614 = ORIENTED_EDGE('',*,*,#1574,.F.);
#1615 = ORIENTED_EDGE('',*,*,#1160,.F.);
#1616 = PLANE('',#1617);
#1617 = AXIS2_PLACEMENT_3D('',#1618,#1619,#1620);
#1618 = CARTESIAN_POINT('',(1.016,-1.27,0.));
#1619 = DIRECTION('',(-0.707106781187,0.707106781187,0.));
#1620 = DIRECTION('',(0.707106781187,0.707106781187,0.));
#1621 = ADVANCED_FACE('',(#1622),#1633,.F.);
#1622 = FACE_BOUND('',#1623,.F.);
#1623 = EDGE_LOOP('',(#1624,#1625,#1626,#1632));
#1624 = ORIENTED_EDGE('',*,*,#1593,.T.);
#1625 = ORIENTED_EDGE('',*,*,#1311,.T.);
#1626 = ORIENTED_EDGE('',*,*,#1627,.F.);
#1627 = EDGE_CURVE('',#1065,#1312,#1628,.T.);
#1628 = LINE('',#1629,#1630);
#1629 = CARTESIAN_POINT('',(-1.27,-3.556,0.));
#1630 = VECTOR('',#1631,1.);
#1631 = DIRECTION('',(0.,0.,1.));
#1632 = ORIENTED_EDGE('',*,*,#1064,.F.);
#1633 = PLANE('',#1634);
#1634 = AXIS2_PLACEMENT_3D('',#1635,#1636,#1637);
#1635 = CARTESIAN_POINT('',(-1.27,-1.524,0.));
#1636 = DIRECTION('',(1.,0.,0.));
#1637 = DIRECTION('',(0.,-1.,0.));
#1638 = ADVANCED_FACE('',(#1639),#1650,.F.);
#1639 = FACE_BOUND('',#1640,.F.);
#1640 = EDGE_LOOP('',(#1641,#1647,#1648,#1649));
#1641 = ORIENTED_EDGE('',*,*,#1642,.T.);
#1642 = EDGE_CURVE('',#1145,#1392,#1643,.T.);
#1643 = LINE('',#1644,#1645);
#1644 = CARTESIAN_POINT('',(1.27,-1.524,0.));
#1645 = VECTOR('',#1646,1.);
#1646 = DIRECTION('',(0.,0.,1.));
#1647 = ORIENTED_EDGE('',*,*,#1399,.T.);
#1648 = ORIENTED_EDGE('',*,*,#1608,.F.);
#1649 = ORIENTED_EDGE('',*,*,#1152,.F.);
#1650 = PLANE('',#1651);
#1651 = AXIS2_PLACEMENT_3D('',#1652,#1653,#1654);
#1652 = CARTESIAN_POINT('',(1.27,-1.524,0.));
#1653 = DIRECTION('',(-0.707106781187,-0.707106781187,0.));
#1654 = DIRECTION('',(-0.707106781187,0.707106781187,0.));
#1655 = ADVANCED_FACE('',(#1656),#1667,.F.);
#1656 = FACE_BOUND('',#1657,.F.);
#1657 = EDGE_LOOP('',(#1658,#1659,#1660,#1666));
#1658 = ORIENTED_EDGE('',*,*,#1627,.T.);
#1659 = ORIENTED_EDGE('',*,*,#1319,.T.);
#1660 = ORIENTED_EDGE('',*,*,#1661,.F.);
#1661 = EDGE_CURVE('',#1073,#1320,#1662,.T.);
#1662 = LINE('',#1663,#1664);
#1663 = CARTESIAN_POINT('',(-1.016,-3.81,0.));
#1664 = VECTOR('',#1665,1.);
#1665 = DIRECTION('',(0.,0.,1.));
#1666 = ORIENTED_EDGE('',*,*,#1072,.F.);
#1667 = PLANE('',#1668);
#1668 = AXIS2_PLACEMENT_3D('',#1669,#1670,#1671);
#1669 = CARTESIAN_POINT('',(-1.27,-3.556,0.));
#1670 = DIRECTION('',(0.707106781187,0.707106781187,0.));
#1671 = DIRECTION('',(0.707106781187,-0.707106781187,0.));
#1672 = ADVANCED_FACE('',(#1673),#1684,.F.);
#1673 = FACE_BOUND('',#1674,.F.);
#1674 = EDGE_LOOP('',(#1675,#1681,#1682,#1683));
#1675 = ORIENTED_EDGE('',*,*,#1676,.T.);
#1676 = EDGE_CURVE('',#1137,#1384,#1677,.T.);
#1677 = LINE('',#1678,#1679);
#1678 = CARTESIAN_POINT('',(1.27,-3.556,0.));
#1679 = VECTOR('',#1680,1.);
#1680 = DIRECTION('',(0.,0.,1.));
#1681 = ORIENTED_EDGE('',*,*,#1391,.T.);
#1682 = ORIENTED_EDGE('',*,*,#1642,.F.);
#1683 = ORIENTED_EDGE('',*,*,#1144,.F.);
#1684 = PLANE('',#1685);
#1685 = AXIS2_PLACEMENT_3D('',#1686,#1687,#1688);
#1686 = CARTESIAN_POINT('',(1.27,-3.556,0.));
#1687 = DIRECTION('',(-1.,0.,0.));
#1688 = DIRECTION('',(0.,1.,0.));
#1689 = ADVANCED_FACE('',(#1690),#1701,.F.);
#1690 = FACE_BOUND('',#1691,.F.);
#1691 = EDGE_LOOP('',(#1692,#1693,#1694,#1700));
#1692 = ORIENTED_EDGE('',*,*,#1661,.T.);
#1693 = ORIENTED_EDGE('',*,*,#1327,.T.);
#1694 = ORIENTED_EDGE('',*,*,#1695,.F.);
#1695 = EDGE_CURVE('',#1081,#1328,#1696,.T.);
#1696 = LINE('',#1697,#1698);
#1697 = CARTESIAN_POINT('',(-1.27,-4.064,0.));
#1698 = VECTOR('',#1699,1.);
#1699 = DIRECTION('',(0.,0.,1.));
#1700 = ORIENTED_EDGE('',*,*,#1080,.F.);
#1701 = PLANE('',#1702);
#1702 = AXIS2_PLACEMENT_3D('',#1703,#1704,#1705);
#1703 = CARTESIAN_POINT('',(-1.016,-3.81,0.));
#1704 = DIRECTION('',(0.707106781187,-0.707106781187,0.));
#1705 = DIRECTION('',(-0.707106781187,-0.707106781187,0.));
#1706 = ADVANCED_FACE('',(#1707),#1718,.F.);
#1707 = FACE_BOUND('',#1708,.F.);
#1708 = EDGE_LOOP('',(#1709,#1715,#1716,#1717));
#1709 = ORIENTED_EDGE('',*,*,#1710,.T.);
#1710 = EDGE_CURVE('',#1129,#1376,#1711,.T.);
#1711 = LINE('',#1712,#1713);
#1712 = CARTESIAN_POINT('',(1.016,-3.81,0.));
#1713 = VECTOR('',#1714,1.);
#1714 = DIRECTION('',(0.,0.,1.));
#1715 = ORIENTED_EDGE('',*,*,#1383,.T.);
#1716 = ORIENTED_EDGE('',*,*,#1676,.F.);
#1717 = ORIENTED_EDGE('',*,*,#1136,.F.);
#1718 = PLANE('',#1719);
#1719 = AXIS2_PLACEMENT_3D('',#1720,#1721,#1722);
#1720 = CARTESIAN_POINT('',(1.016,-3.81,0.));
#1721 = DIRECTION('',(-0.707106781187,0.707106781187,0.));
#1722 = DIRECTION('',(0.707106781187,0.707106781187,0.));
#1723 = ADVANCED_FACE('',(#1724),#1735,.F.);
#1724 = FACE_BOUND('',#1725,.F.);
#1725 = EDGE_LOOP('',(#1726,#1727,#1728,#1734));
#1726 = ORIENTED_EDGE('',*,*,#1695,.T.);
#1727 = ORIENTED_EDGE('',*,*,#1335,.T.);
#1728 = ORIENTED_EDGE('',*,*,#1729,.F.);
#1729 = EDGE_CURVE('',#1089,#1336,#1730,.T.);
#1730 = LINE('',#1731,#1732);
#1731 = CARTESIAN_POINT('',(-1.27,-6.096,0.));
#1732 = VECTOR('',#1733,1.);
#1733 = DIRECTION('',(0.,0.,1.));
#1734 = ORIENTED_EDGE('',*,*,#1088,.F.);
#1735 = PLANE('',#1736);
#1736 = AXIS2_PLACEMENT_3D('',#1737,#1738,#1739);
#1737 = CARTESIAN_POINT('',(-1.27,-4.064,0.));
#1738 = DIRECTION('',(1.,0.,0.));
#1739 = DIRECTION('',(0.,-1.,0.));
#1740 = ADVANCED_FACE('',(#1741),#1752,.F.);
#1741 = FACE_BOUND('',#1742,.F.);
#1742 = EDGE_LOOP('',(#1743,#1749,#1750,#1751));
#1743 = ORIENTED_EDGE('',*,*,#1744,.T.);
#1744 = EDGE_CURVE('',#1121,#1368,#1745,.T.);
#1745 = LINE('',#1746,#1747);
#1746 = CARTESIAN_POINT('',(1.27,-4.064,0.));
#1747 = VECTOR('',#1748,1.);
#1748 = DIRECTION('',(0.,0.,1.));
#1749 = ORIENTED_EDGE('',*,*,#1375,.T.);
#1750 = ORIENTED_EDGE('',*,*,#1710,.F.);
#1751 = ORIENTED_EDGE('',*,*,#1128,.F.);
#1752 = PLANE('',#1753);
#1753 = AXIS2_PLACEMENT_3D('',#1754,#1755,#1756);
#1754 = CARTESIAN_POINT('',(1.27,-4.064,0.));
#1755 = DIRECTION('',(-0.707106781187,-0.707106781187,0.));
#1756 = DIRECTION('',(-0.707106781187,0.707106781187,0.));
#1757 = ADVANCED_FACE('',(#1758),#1769,.F.);
#1758 = FACE_BOUND('',#1759,.F.);
#1759 = EDGE_LOOP('',(#1760,#1761,#1762,#1768));
#1760 = ORIENTED_EDGE('',*,*,#1729,.T.);
#1761 = ORIENTED_EDGE('',*,*,#1343,.T.);
#1762 = ORIENTED_EDGE('',*,*,#1763,.F.);
#1763 = EDGE_CURVE('',#1097,#1344,#1764,.T.);
#1764 = LINE('',#1765,#1766);
#1765 = CARTESIAN_POINT('',(-1.016,-6.35,0.));
#1766 = VECTOR('',#1767,1.);
#1767 = DIRECTION('',(0.,0.,1.));
#1768 = ORIENTED_EDGE('',*,*,#1096,.F.);
#1769 = PLANE('',#1770);
#1770 = AXIS2_PLACEMENT_3D('',#1771,#1772,#1773);
#1771 = CARTESIAN_POINT('',(-1.27,-6.096,0.));
#1772 = DIRECTION('',(0.707106781187,0.707106781187,0.));
#1773 = DIRECTION('',(0.707106781187,-0.707106781187,0.));
#1774 = ADVANCED_FACE('',(#1775),#1786,.F.);
#1775 = FACE_BOUND('',#1776,.F.);
#1776 = EDGE_LOOP('',(#1777,#1783,#1784,#1785));
#1777 = ORIENTED_EDGE('',*,*,#1778,.T.);
#1778 = EDGE_CURVE('',#1113,#1360,#1779,.T.);
#1779 = LINE('',#1780,#1781);
#1780 = CARTESIAN_POINT('',(1.27,-6.096,0.));
#1781 = VECTOR('',#1782,1.);
#1782 = DIRECTION('',(0.,0.,1.));
#1783 = ORIENTED_EDGE('',*,*,#1367,.T.);
#1784 = ORIENTED_EDGE('',*,*,#1744,.F.);
#1785 = ORIENTED_EDGE('',*,*,#1120,.F.);
#1786 = PLANE('',#1787);
#1787 = AXIS2_PLACEMENT_3D('',#1788,#1789,#1790);
#1788 = CARTESIAN_POINT('',(1.27,-6.096,0.));
#1789 = DIRECTION('',(-1.,0.,0.));
#1790 = DIRECTION('',(0.,1.,0.));
#1791 = ADVANCED_FACE('',(#1792),#1803,.F.);
#1792 = FACE_BOUND('',#1793,.F.);
#1793 = EDGE_LOOP('',(#1794,#1795,#1796,#1802));
#1794 = ORIENTED_EDGE('',*,*,#1763,.T.);
#1795 = ORIENTED_EDGE('',*,*,#1351,.T.);
#1796 = ORIENTED_EDGE('',*,*,#1797,.F.);
#1797 = EDGE_CURVE('',#1105,#1352,#1798,.T.);
#1798 = LINE('',#1799,#1800);
#1799 = CARTESIAN_POINT('',(1.016,-6.35,0.));
#1800 = VECTOR('',#1801,1.);
#1801 = DIRECTION('',(0.,0.,1.));
#1802 = ORIENTED_EDGE('',*,*,#1104,.F.);
#1803 = PLANE('',#1804);
#1804 = AXIS2_PLACEMENT_3D('',#1805,#1806,#1807);
#1805 = CARTESIAN_POINT('',(-1.016,-6.35,0.));
#1806 = DIRECTION('',(0.,1.,0.));
#1807 = DIRECTION('',(1.,0.,0.));
#1808 = ADVANCED_FACE('',(#1809),#1815,.F.);
#1809 = FACE_BOUND('',#1810,.F.);
#1810 = EDGE_LOOP('',(#1811,#1812,#1813,#1814));
#1811 = ORIENTED_EDGE('',*,*,#1797,.T.);
#1812 = ORIENTED_EDGE('',*,*,#1359,.T.);
#1813 = ORIENTED_EDGE('',*,*,#1778,.F.);
#1814 = ORIENTED_EDGE('',*,*,#1112,.F.);
#1815 = PLANE('',#1816);
#1816 = AXIS2_PLACEMENT_3D('',#1817,#1818,#1819);
#1817 = CARTESIAN_POINT('',(1.016,-6.35,0.));
#1818 = DIRECTION('',(-0.707106781187,0.707106781187,0.));
#1819 = DIRECTION('',(0.707106781187,0.707106781187,0.));
#1820 = ADVANCED_FACE('',(#1821),#1846,.T.);
#1821 = FACE_BOUND('',#1822,.T.);
#1822 = EDGE_LOOP('',(#1823,#1831,#1839,#1845));
#1823 = ORIENTED_EDGE('',*,*,#1824,.F.);
#1824 = EDGE_CURVE('',#1825,#1186,#1827,.T.);
#1825 = VERTEX_POINT('',#1826);
#1826 = CARTESIAN_POINT('',(0.32,-0.32,-2.84));
#1827 = LINE('',#1828,#1829);
#1828 = CARTESIAN_POINT('',(0.32,-0.32,-3.));
#1829 = VECTOR('',#1830,1.);
#1830 = DIRECTION('',(0.,0.,1.));
#1831 = ORIENTED_EDGE('',*,*,#1832,.T.);
#1832 = EDGE_CURVE('',#1825,#1833,#1835,.T.);
#1833 = VERTEX_POINT('',#1834);
#1834 = CARTESIAN_POINT('',(0.32,0.32,-2.84));
#1835 = LINE('',#1836,#1837);
#1836 = CARTESIAN_POINT('',(0.32,-0.32,-2.84));
#1837 = VECTOR('',#1838,1.);
#1838 = DIRECTION('',(0.,1.,0.));
#1839 = ORIENTED_EDGE('',*,*,#1840,.T.);
#1840 = EDGE_CURVE('',#1833,#1188,#1841,.T.);
#1841 = LINE('',#1842,#1843);
#1842 = CARTESIAN_POINT('',(0.32,0.32,-3.));
#1843 = VECTOR('',#1844,1.);
#1844 = DIRECTION('',(0.,0.,1.));
#1845 = ORIENTED_EDGE('',*,*,#1185,.F.);
#1846 = PLANE('',#1847);
#1847 = AXIS2_PLACEMENT_3D('',#1848,#1849,#1850);
#1848 = CARTESIAN_POINT('',(0.32,-0.32,-3.));
#1849 = DIRECTION('',(1.,0.,0.));
#1850 = DIRECTION('',(0.,0.,1.));
#1851 = ADVANCED_FACE('',(#1852),#1870,.T.);
#1852 = FACE_BOUND('',#1853,.T.);
#1853 = EDGE_LOOP('',(#1854,#1855,#1863,#1869));
#1854 = ORIENTED_EDGE('',*,*,#1840,.F.);
#1855 = ORIENTED_EDGE('',*,*,#1856,.F.);
#1856 = EDGE_CURVE('',#1857,#1833,#1859,.T.);
#1857 = VERTEX_POINT('',#1858);
#1858 = CARTESIAN_POINT('',(-0.32,0.32,-2.84));
#1859 = LINE('',#1860,#1861);
#1860 = CARTESIAN_POINT('',(-0.32,0.32,-2.84));
#1861 = VECTOR('',#1862,1.);
#1862 = DIRECTION('',(1.,0.,0.));
#1863 = ORIENTED_EDGE('',*,*,#1864,.T.);
#1864 = EDGE_CURVE('',#1857,#1204,#1865,.T.);
#1865 = LINE('',#1866,#1867);
#1866 = CARTESIAN_POINT('',(-0.32,0.32,-3.));
#1867 = VECTOR('',#1868,1.);
#1868 = DIRECTION('',(0.,0.,1.));
#1869 = ORIENTED_EDGE('',*,*,#1211,.F.);
#1870 = PLANE('',#1871);
#1871 = AXIS2_PLACEMENT_3D('',#1872,#1873,#1874);
#1872 = CARTESIAN_POINT('',(-0.32,0.32,-3.));
#1873 = DIRECTION('',(0.,1.,0.));
#1874 = DIRECTION('',(0.,-0.,1.));
#1875 = ADVANCED_FACE('',(#1876),#1894,.F.);
#1876 = FACE_BOUND('',#1877,.F.);
#1877 = EDGE_LOOP('',(#1878,#1886,#1892,#1893));
#1878 = ORIENTED_EDGE('',*,*,#1879,.F.);
#1879 = EDGE_CURVE('',#1880,#1196,#1882,.T.);
#1880 = VERTEX_POINT('',#1881);
#1881 = CARTESIAN_POINT('',(-0.32,-0.32,-2.84));
#1882 = LINE('',#1883,#1884);
#1883 = CARTESIAN_POINT('',(-0.32,-0.32,-3.));
#1884 = VECTOR('',#1885,1.);
#1885 = DIRECTION('',(0.,0.,1.));
#1886 = ORIENTED_EDGE('',*,*,#1887,.T.);
#1887 = EDGE_CURVE('',#1880,#1857,#1888,.T.);
#1888 = LINE('',#1889,#1890);
#1889 = CARTESIAN_POINT('',(-0.32,-0.32,-2.84));
#1890 = VECTOR('',#1891,1.);
#1891 = DIRECTION('',(0.,1.,0.));
#1892 = ORIENTED_EDGE('',*,*,#1864,.T.);
#1893 = ORIENTED_EDGE('',*,*,#1203,.F.);
#1894 = PLANE('',#1895);
#1895 = AXIS2_PLACEMENT_3D('',#1896,#1897,#1898);
#1896 = CARTESIAN_POINT('',(-0.32,-0.32,-3.));
#1897 = DIRECTION('',(1.,0.,0.));
#1898 = DIRECTION('',(0.,0.,1.));
#1899 = ADVANCED_FACE('',(#1900),#1911,.F.);
#1900 = FACE_BOUND('',#1901,.F.);
#1901 = EDGE_LOOP('',(#1902,#1903,#1909,#1910));
#1902 = ORIENTED_EDGE('',*,*,#1824,.F.);
#1903 = ORIENTED_EDGE('',*,*,#1904,.F.);
#1904 = EDGE_CURVE('',#1880,#1825,#1905,.T.);
#1905 = LINE('',#1906,#1907);
#1906 = CARTESIAN_POINT('',(-0.32,-0.32,-2.84));
#1907 = VECTOR('',#1908,1.);
#1908 = DIRECTION('',(1.,0.,0.));
#1909 = ORIENTED_EDGE('',*,*,#1879,.T.);
#1910 = ORIENTED_EDGE('',*,*,#1195,.F.);
#1911 = PLANE('',#1912);
#1912 = AXIS2_PLACEMENT_3D('',#1913,#1914,#1915);
#1913 = CARTESIAN_POINT('',(-0.32,-0.32,-3.));
#1914 = DIRECTION('',(0.,1.,0.));
#1915 = DIRECTION('',(0.,-0.,1.));
#1916 = ADVANCED_FACE('',(#1917),#1942,.F.);
#1917 = FACE_BOUND('',#1918,.F.);
#1918 = EDGE_LOOP('',(#1919,#1927,#1935,#1941));
#1919 = ORIENTED_EDGE('',*,*,#1920,.F.);
#1920 = EDGE_CURVE('',#1921,#1220,#1923,.T.);
#1921 = VERTEX_POINT('',#1922);
#1922 = CARTESIAN_POINT('',(0.32,-2.86,-2.84));
#1923 = LINE('',#1924,#1925);
#1924 = CARTESIAN_POINT('',(0.32,-2.86,-3.));
#1925 = VECTOR('',#1926,1.);
#1926 = DIRECTION('',(0.,0.,1.));
#1927 = ORIENTED_EDGE('',*,*,#1928,.F.);
#1928 = EDGE_CURVE('',#1929,#1921,#1931,.T.);
#1929 = VERTEX_POINT('',#1930);
#1930 = CARTESIAN_POINT('',(-0.32,-2.86,-2.84));
#1931 = LINE('',#1932,#1933);
#1932 = CARTESIAN_POINT('',(-0.32,-2.86,-2.84));
#1933 = VECTOR('',#1934,1.);
#1934 = DIRECTION('',(1.,0.,0.));
#1935 = ORIENTED_EDGE('',*,*,#1936,.T.);
#1936 = EDGE_CURVE('',#1929,#1222,#1937,.T.);
#1937 = LINE('',#1938,#1939);
#1938 = CARTESIAN_POINT('',(-0.32,-2.86,-3.));
#1939 = VECTOR('',#1940,1.);
#1940 = DIRECTION('',(0.,0.,1.));
#1941 = ORIENTED_EDGE('',*,*,#1219,.F.);
#1942 = PLANE('',#1943);
#1943 = AXIS2_PLACEMENT_3D('',#1944,#1945,#1946);
#1944 = CARTESIAN_POINT('',(-0.32,-2.86,-3.));
#1945 = DIRECTION('',(0.,1.,0.));
#1946 = DIRECTION('',(0.,-0.,1.));
#1947 = ADVANCED_FACE('',(#1948),#1966,.T.);
#1948 = FACE_BOUND('',#1949,.T.);
#1949 = EDGE_LOOP('',(#1950,#1951,#1959,#1965));
#1950 = ORIENTED_EDGE('',*,*,#1920,.F.);
#1951 = ORIENTED_EDGE('',*,*,#1952,.T.);
#1952 = EDGE_CURVE('',#1921,#1953,#1955,.T.);
#1953 = VERTEX_POINT('',#1954);
#1954 = CARTESIAN_POINT('',(0.32,-2.22,-2.84));
#1955 = LINE('',#1956,#1957);
#1956 = CARTESIAN_POINT('',(0.32,-2.86,-2.84));
#1957 = VECTOR('',#1958,1.);
#1958 = DIRECTION('',(0.,1.,0.));
#1959 = ORIENTED_EDGE('',*,*,#1960,.T.);
#1960 = EDGE_CURVE('',#1953,#1238,#1961,.T.);
#1961 = LINE('',#1962,#1963);
#1962 = CARTESIAN_POINT('',(0.32,-2.22,-3.));
#1963 = VECTOR('',#1964,1.);
#1964 = DIRECTION('',(0.,0.,1.));
#1965 = ORIENTED_EDGE('',*,*,#1245,.F.);
#1966 = PLANE('',#1967);
#1967 = AXIS2_PLACEMENT_3D('',#1968,#1969,#1970);
#1968 = CARTESIAN_POINT('',(0.32,-2.86,-3.));
#1969 = DIRECTION('',(1.,0.,0.));
#1970 = DIRECTION('',(0.,0.,1.));
#1971 = ADVANCED_FACE('',(#1972),#1990,.T.);
#1972 = FACE_BOUND('',#1973,.T.);
#1973 = EDGE_LOOP('',(#1974,#1975,#1983,#1989));
#1974 = ORIENTED_EDGE('',*,*,#1960,.F.);
#1975 = ORIENTED_EDGE('',*,*,#1976,.F.);
#1976 = EDGE_CURVE('',#1977,#1953,#1979,.T.);
#1977 = VERTEX_POINT('',#1978);
#1978 = CARTESIAN_POINT('',(-0.32,-2.22,-2.84));
#1979 = LINE('',#1980,#1981);
#1980 = CARTESIAN_POINT('',(-0.32,-2.22,-2.84));
#1981 = VECTOR('',#1982,1.);
#1982 = DIRECTION('',(1.,0.,0.));
#1983 = ORIENTED_EDGE('',*,*,#1984,.T.);
#1984 = EDGE_CURVE('',#1977,#1230,#1985,.T.);
#1985 = LINE('',#1986,#1987);
#1986 = CARTESIAN_POINT('',(-0.32,-2.22,-3.));
#1987 = VECTOR('',#1988,1.);
#1988 = DIRECTION('',(0.,0.,1.));
#1989 = ORIENTED_EDGE('',*,*,#1237,.F.);
#1990 = PLANE('',#1991);
#1991 = AXIS2_PLACEMENT_3D('',#1992,#1993,#1994);
#1992 = CARTESIAN_POINT('',(-0.32,-2.22,-3.));
#1993 = DIRECTION('',(0.,1.,0.));
#1994 = DIRECTION('',(0.,-0.,1.));
#1995 = ADVANCED_FACE('',(#1996),#2007,.F.);
#1996 = FACE_BOUND('',#1997,.F.);
#1997 = EDGE_LOOP('',(#1998,#1999,#2005,#2006));
#1998 = ORIENTED_EDGE('',*,*,#1936,.F.);
#1999 = ORIENTED_EDGE('',*,*,#2000,.T.);
#2000 = EDGE_CURVE('',#1929,#1977,#2001,.T.);
#2001 = LINE('',#2002,#2003);
#2002 = CARTESIAN_POINT('',(-0.32,-2.86,-2.84));
#2003 = VECTOR('',#2004,1.);
#2004 = DIRECTION('',(0.,1.,0.));
#2005 = ORIENTED_EDGE('',*,*,#1984,.T.);
#2006 = ORIENTED_EDGE('',*,*,#1229,.F.);
#2007 = PLANE('',#2008);
#2008 = AXIS2_PLACEMENT_3D('',#2009,#2010,#2011);
#2009 = CARTESIAN_POINT('',(-0.32,-2.86,-3.));
#2010 = DIRECTION('',(1.,0.,0.));
#2011 = DIRECTION('',(0.,0.,1.));
#2012 = ADVANCED_FACE('',(#2013),#2038,.T.);
#2013 = FACE_BOUND('',#2014,.T.);
#2014 = EDGE_LOOP('',(#2015,#2023,#2031,#2037));
#2015 = ORIENTED_EDGE('',*,*,#2016,.F.);
#2016 = EDGE_CURVE('',#2017,#1254,#2019,.T.);
#2017 = VERTEX_POINT('',#2018);
#2018 = CARTESIAN_POINT('',(0.32,-4.76,-2.84));
#2019 = LINE('',#2020,#2021);
#2020 = CARTESIAN_POINT('',(0.32,-4.76,-3.));
#2021 = VECTOR('',#2022,1.);
#2022 = DIRECTION('',(0.,0.,1.));
#2023 = ORIENTED_EDGE('',*,*,#2024,.F.);
#2024 = EDGE_CURVE('',#2025,#2017,#2027,.T.);
#2025 = VERTEX_POINT('',#2026);
#2026 = CARTESIAN_POINT('',(-0.32,-4.76,-2.84));
#2027 = LINE('',#2028,#2029);
#2028 = CARTESIAN_POINT('',(-0.32,-4.76,-2.84));
#2029 = VECTOR('',#2030,1.);
#2030 = DIRECTION('',(1.,0.,0.));
#2031 = ORIENTED_EDGE('',*,*,#2032,.T.);
#2032 = EDGE_CURVE('',#2025,#1256,#2033,.T.);
#2033 = LINE('',#2034,#2035);
#2034 = CARTESIAN_POINT('',(-0.32,-4.76,-3.));
#2035 = VECTOR('',#2036,1.);
#2036 = DIRECTION('',(0.,0.,1.));
#2037 = ORIENTED_EDGE('',*,*,#1253,.F.);
#2038 = PLANE('',#2039);
#2039 = AXIS2_PLACEMENT_3D('',#2040,#2041,#2042);
#2040 = CARTESIAN_POINT('',(-0.32,-4.76,-3.));
#2041 = DIRECTION('',(0.,1.,0.));
#2042 = DIRECTION('',(0.,-0.,1.));
#2043 = ADVANCED_FACE('',(#2044),#2062,.F.);
#2044 = FACE_BOUND('',#2045,.F.);
#2045 = EDGE_LOOP('',(#2046,#2054,#2060,#2061));
#2046 = ORIENTED_EDGE('',*,*,#2047,.F.);
#2047 = EDGE_CURVE('',#2048,#1272,#2050,.T.);
#2048 = VERTEX_POINT('',#2049);
#2049 = CARTESIAN_POINT('',(-0.32,-5.4,-2.84));
#2050 = LINE('',#2051,#2052);
#2051 = CARTESIAN_POINT('',(-0.32,-5.4,-3.));
#2052 = VECTOR('',#2053,1.);
#2053 = DIRECTION('',(0.,0.,1.));
#2054 = ORIENTED_EDGE('',*,*,#2055,.T.);
#2055 = EDGE_CURVE('',#2048,#2025,#2056,.T.);
#2056 = LINE('',#2057,#2058);
#2057 = CARTESIAN_POINT('',(-0.32,-5.4,-2.84));
#2058 = VECTOR('',#2059,1.);
#2059 = DIRECTION('',(0.,1.,0.));
#2060 = ORIENTED_EDGE('',*,*,#2032,.T.);
#2061 = ORIENTED_EDGE('',*,*,#1279,.F.);
#2062 = PLANE('',#2063);
#2063 = AXIS2_PLACEMENT_3D('',#2064,#2065,#2066);
#2064 = CARTESIAN_POINT('',(-0.32,-5.4,-3.));
#2065 = DIRECTION('',(1.,0.,0.));
#2066 = DIRECTION('',(0.,0.,1.));
#2067 = ADVANCED_FACE('',(#2068),#2086,.F.);
#2068 = FACE_BOUND('',#2069,.F.);
#2069 = EDGE_LOOP('',(#2070,#2078,#2084,#2085));
#2070 = ORIENTED_EDGE('',*,*,#2071,.F.);
#2071 = EDGE_CURVE('',#2072,#1264,#2074,.T.);
#2072 = VERTEX_POINT('',#2073);
#2073 = CARTESIAN_POINT('',(0.32,-5.4,-2.84));
#2074 = LINE('',#2075,#2076);
#2075 = CARTESIAN_POINT('',(0.32,-5.4,-3.));
#2076 = VECTOR('',#2077,1.);
#2077 = DIRECTION('',(0.,0.,1.));
#2078 = ORIENTED_EDGE('',*,*,#2079,.F.);
#2079 = EDGE_CURVE('',#2048,#2072,#2080,.T.);
#2080 = LINE('',#2081,#2082);
#2081 = CARTESIAN_POINT('',(-0.32,-5.4,-2.84));
#2082 = VECTOR('',#2083,1.);
#2083 = DIRECTION('',(1.,0.,0.));
#2084 = ORIENTED_EDGE('',*,*,#2047,.T.);
#2085 = ORIENTED_EDGE('',*,*,#1271,.F.);
#2086 = PLANE('',#2087);
#2087 = AXIS2_PLACEMENT_3D('',#2088,#2089,#2090);
#2088 = CARTESIAN_POINT('',(-0.32,-5.4,-3.));
#2089 = DIRECTION('',(0.,1.,0.));
#2090 = DIRECTION('',(0.,-0.,1.));
#2091 = ADVANCED_FACE('',(#2092),#2103,.T.);
#2092 = FACE_BOUND('',#2093,.T.);
#2093 = EDGE_LOOP('',(#2094,#2095,#2101,#2102));
#2094 = ORIENTED_EDGE('',*,*,#2071,.F.);
#2095 = ORIENTED_EDGE('',*,*,#2096,.T.);
#2096 = EDGE_CURVE('',#2072,#2017,#2097,.T.);
#2097 = LINE('',#2098,#2099);
#2098 = CARTESIAN_POINT('',(0.32,-5.4,-2.84));
#2099 = VECTOR('',#2100,1.);
#2100 = DIRECTION('',(0.,1.,0.));
#2101 = ORIENTED_EDGE('',*,*,#2016,.T.);
#2102 = ORIENTED_EDGE('',*,*,#1263,.F.);
#2103 = PLANE('',#2104);
#2104 = AXIS2_PLACEMENT_3D('',#2105,#2106,#2107);
#2105 = CARTESIAN_POINT('',(0.32,-5.4,-3.));
#2106 = DIRECTION('',(1.,0.,0.));
#2107 = DIRECTION('',(0.,0.,1.));
#2108 = ADVANCED_FACE('',(#2109),#2134,.T.);
#2109 = FACE_BOUND('',#2110,.T.);
#2110 = EDGE_LOOP('',(#2111,#2119,#2120,#2128));
#2111 = ORIENTED_EDGE('',*,*,#2112,.F.);
#2112 = EDGE_CURVE('',#1433,#2113,#2115,.T.);
#2113 = VERTEX_POINT('',#2114);
#2114 = CARTESIAN_POINT('',(0.32,-0.32,8.38));
#2115 = LINE('',#2116,#2117);
#2116 = CARTESIAN_POINT('',(0.32,-0.32,-3.));
#2117 = VECTOR('',#2118,1.);
#2118 = DIRECTION('',(0.,0.,1.));
#2119 = ORIENTED_EDGE('',*,*,#1432,.T.);
#2120 = ORIENTED_EDGE('',*,*,#2121,.T.);
#2121 = EDGE_CURVE('',#1435,#2122,#2124,.T.);
#2122 = VERTEX_POINT('',#2123);
#2123 = CARTESIAN_POINT('',(0.32,0.32,8.38));
#2124 = LINE('',#2125,#2126);
#2125 = CARTESIAN_POINT('',(0.32,0.32,-3.));
#2126 = VECTOR('',#2127,1.);
#2127 = DIRECTION('',(0.,0.,1.));
#2128 = ORIENTED_EDGE('',*,*,#2129,.F.);
#2129 = EDGE_CURVE('',#2113,#2122,#2130,.T.);
#2130 = LINE('',#2131,#2132);
#2131 = CARTESIAN_POINT('',(0.32,-0.32,8.38));
#2132 = VECTOR('',#2133,1.);
#2133 = DIRECTION('',(0.,1.,0.));
#2134 = PLANE('',#2135);
#2135 = AXIS2_PLACEMENT_3D('',#2136,#2137,#2138);
#2136 = CARTESIAN_POINT('',(0.32,-0.32,-3.));
#2137 = DIRECTION('',(1.,0.,0.));
#2138 = DIRECTION('',(0.,0.,1.));
#2139 = ADVANCED_FACE('',(#2140),#2158,.T.);
#2140 = FACE_BOUND('',#2141,.T.);
#2141 = EDGE_LOOP('',(#2142,#2143,#2144,#2152));
#2142 = ORIENTED_EDGE('',*,*,#2121,.F.);
#2143 = ORIENTED_EDGE('',*,*,#1458,.T.);
#2144 = ORIENTED_EDGE('',*,*,#2145,.T.);
#2145 = EDGE_CURVE('',#1451,#2146,#2148,.T.);
#2146 = VERTEX_POINT('',#2147);
#2147 = CARTESIAN_POINT('',(-0.32,0.32,8.38));
#2148 = LINE('',#2149,#2150);
#2149 = CARTESIAN_POINT('',(-0.32,0.32,-3.));
#2150 = VECTOR('',#2151,1.);
#2151 = DIRECTION('',(0.,0.,1.));
#2152 = ORIENTED_EDGE('',*,*,#2153,.T.);
#2153 = EDGE_CURVE('',#2146,#2122,#2154,.T.);
#2154 = LINE('',#2155,#2156);
#2155 = CARTESIAN_POINT('',(-0.32,0.32,8.38));
#2156 = VECTOR('',#2157,1.);
#2157 = DIRECTION('',(1.,0.,0.));
#2158 = PLANE('',#2159);
#2159 = AXIS2_PLACEMENT_3D('',#2160,#2161,#2162);
#2160 = CARTESIAN_POINT('',(-0.32,0.32,-3.));
#2161 = DIRECTION('',(0.,1.,0.));
#2162 = DIRECTION('',(0.,-0.,1.));
#2163 = ADVANCED_FACE('',(#2164),#2182,.F.);
#2164 = FACE_BOUND('',#2165,.F.);
#2165 = EDGE_LOOP('',(#2166,#2174,#2175,#2176));
#2166 = ORIENTED_EDGE('',*,*,#2167,.F.);
#2167 = EDGE_CURVE('',#1443,#2168,#2170,.T.);
#2168 = VERTEX_POINT('',#2169);
#2169 = CARTESIAN_POINT('',(-0.32,-0.32,8.38));
#2170 = LINE('',#2171,#2172);
#2171 = CARTESIAN_POINT('',(-0.32,-0.32,-3.));
#2172 = VECTOR('',#2173,1.);
#2173 = DIRECTION('',(0.,0.,1.));
#2174 = ORIENTED_EDGE('',*,*,#1450,.T.);
#2175 = ORIENTED_EDGE('',*,*,#2145,.T.);
#2176 = ORIENTED_EDGE('',*,*,#2177,.F.);
#2177 = EDGE_CURVE('',#2168,#2146,#2178,.T.);
#2178 = LINE('',#2179,#2180);
#2179 = CARTESIAN_POINT('',(-0.32,-0.32,8.38));
#2180 = VECTOR('',#2181,1.);
#2181 = DIRECTION('',(0.,1.,0.));
#2182 = PLANE('',#2183);
#2183 = AXIS2_PLACEMENT_3D('',#2184,#2185,#2186);
#2184 = CARTESIAN_POINT('',(-0.32,-0.32,-3.));
#2185 = DIRECTION('',(1.,0.,0.));
#2186 = DIRECTION('',(0.,0.,1.));
#2187 = ADVANCED_FACE('',(#2188),#2199,.F.);
#2188 = FACE_BOUND('',#2189,.F.);
#2189 = EDGE_LOOP('',(#2190,#2191,#2192,#2193));
#2190 = ORIENTED_EDGE('',*,*,#2112,.F.);
#2191 = ORIENTED_EDGE('',*,*,#1442,.T.);
#2192 = ORIENTED_EDGE('',*,*,#2167,.T.);
#2193 = ORIENTED_EDGE('',*,*,#2194,.T.);
#2194 = EDGE_CURVE('',#2168,#2113,#2195,.T.);
#2195 = LINE('',#2196,#2197);
#2196 = CARTESIAN_POINT('',(-0.32,-0.32,8.38));
#2197 = VECTOR('',#2198,1.);
#2198 = DIRECTION('',(1.,0.,0.));
#2199 = PLANE('',#2200);
#2200 = AXIS2_PLACEMENT_3D('',#2201,#2202,#2203);
#2201 = CARTESIAN_POINT('',(-0.32,-0.32,-3.));
#2202 = DIRECTION('',(0.,1.,0.));
#2203 = DIRECTION('',(0.,-0.,1.));
#2204 = ADVANCED_FACE('',(#2205),#2230,.F.);
#2205 = FACE_BOUND('',#2206,.F.);
#2206 = EDGE_LOOP('',(#2207,#2215,#2216,#2224));
#2207 = ORIENTED_EDGE('',*,*,#2208,.F.);
#2208 = EDGE_CURVE('',#1467,#2209,#2211,.T.);
#2209 = VERTEX_POINT('',#2210);
#2210 = CARTESIAN_POINT('',(0.32,-2.86,8.38));
#2211 = LINE('',#2212,#2213);
#2212 = CARTESIAN_POINT('',(0.32,-2.86,-3.));
#2213 = VECTOR('',#2214,1.);
#2214 = DIRECTION('',(0.,0.,1.));
#2215 = ORIENTED_EDGE('',*,*,#1466,.T.);
#2216 = ORIENTED_EDGE('',*,*,#2217,.T.);
#2217 = EDGE_CURVE('',#1469,#2218,#2220,.T.);
#2218 = VERTEX_POINT('',#2219);
#2219 = CARTESIAN_POINT('',(-0.32,-2.86,8.38));
#2220 = LINE('',#2221,#2222);
#2221 = CARTESIAN_POINT('',(-0.32,-2.86,-3.));
#2222 = VECTOR('',#2223,1.);
#2223 = DIRECTION('',(0.,0.,1.));
#2224 = ORIENTED_EDGE('',*,*,#2225,.T.);
#2225 = EDGE_CURVE('',#2218,#2209,#2226,.T.);
#2226 = LINE('',#2227,#2228);
#2227 = CARTESIAN_POINT('',(-0.32,-2.86,8.38));
#2228 = VECTOR('',#2229,1.);
#2229 = DIRECTION('',(1.,0.,0.));
#2230 = PLANE('',#2231);
#2231 = AXIS2_PLACEMENT_3D('',#2232,#2233,#2234);
#2232 = CARTESIAN_POINT('',(-0.32,-2.86,-3.));
#2233 = DIRECTION('',(0.,1.,0.));
#2234 = DIRECTION('',(0.,-0.,1.));
#2235 = ADVANCED_FACE('',(#2236),#2254,.T.);
#2236 = FACE_BOUND('',#2237,.T.);
#2237 = EDGE_LOOP('',(#2238,#2239,#2240,#2248));
#2238 = ORIENTED_EDGE('',*,*,#2208,.F.);
#2239 = ORIENTED_EDGE('',*,*,#1492,.T.);
#2240 = ORIENTED_EDGE('',*,*,#2241,.T.);
#2241 = EDGE_CURVE('',#1485,#2242,#2244,.T.);
#2242 = VERTEX_POINT('',#2243);
#2243 = CARTESIAN_POINT('',(0.32,-2.22,8.38));
#2244 = LINE('',#2245,#2246);
#2245 = CARTESIAN_POINT('',(0.32,-2.22,-3.));
#2246 = VECTOR('',#2247,1.);
#2247 = DIRECTION('',(0.,0.,1.));
#2248 = ORIENTED_EDGE('',*,*,#2249,.F.);
#2249 = EDGE_CURVE('',#2209,#2242,#2250,.T.);
#2250 = LINE('',#2251,#2252);
#2251 = CARTESIAN_POINT('',(0.32,-2.86,8.38));
#2252 = VECTOR('',#2253,1.);
#2253 = DIRECTION('',(0.,1.,0.));
#2254 = PLANE('',#2255);
#2255 = AXIS2_PLACEMENT_3D('',#2256,#2257,#2258);
#2256 = CARTESIAN_POINT('',(0.32,-2.86,-3.));
#2257 = DIRECTION('',(1.,0.,0.));
#2258 = DIRECTION('',(0.,0.,1.));
#2259 = ADVANCED_FACE('',(#2260),#2278,.T.);
#2260 = FACE_BOUND('',#2261,.T.);
#2261 = EDGE_LOOP('',(#2262,#2263,#2264,#2272));
#2262 = ORIENTED_EDGE('',*,*,#2241,.F.);
#2263 = ORIENTED_EDGE('',*,*,#1484,.T.);
#2264 = ORIENTED_EDGE('',*,*,#2265,.T.);
#2265 = EDGE_CURVE('',#1477,#2266,#2268,.T.);
#2266 = VERTEX_POINT('',#2267);
#2267 = CARTESIAN_POINT('',(-0.32,-2.22,8.38));
#2268 = LINE('',#2269,#2270);
#2269 = CARTESIAN_POINT('',(-0.32,-2.22,-3.));
#2270 = VECTOR('',#2271,1.);
#2271 = DIRECTION('',(0.,0.,1.));
#2272 = ORIENTED_EDGE('',*,*,#2273,.T.);
#2273 = EDGE_CURVE('',#2266,#2242,#2274,.T.);
#2274 = LINE('',#2275,#2276);
#2275 = CARTESIAN_POINT('',(-0.32,-2.22,8.38));
#2276 = VECTOR('',#2277,1.);
#2277 = DIRECTION('',(1.,0.,0.));
#2278 = PLANE('',#2279);
#2279 = AXIS2_PLACEMENT_3D('',#2280,#2281,#2282);
#2280 = CARTESIAN_POINT('',(-0.32,-2.22,-3.));
#2281 = DIRECTION('',(0.,1.,0.));
#2282 = DIRECTION('',(0.,-0.,1.));
#2283 = ADVANCED_FACE('',(#2284),#2295,.F.);
#2284 = FACE_BOUND('',#2285,.F.);
#2285 = EDGE_LOOP('',(#2286,#2287,#2288,#2289));
#2286 = ORIENTED_EDGE('',*,*,#2217,.F.);
#2287 = ORIENTED_EDGE('',*,*,#1476,.T.);
#2288 = ORIENTED_EDGE('',*,*,#2265,.T.);
#2289 = ORIENTED_EDGE('',*,*,#2290,.F.);
#2290 = EDGE_CURVE('',#2218,#2266,#2291,.T.);
#2291 = LINE('',#2292,#2293);
#2292 = CARTESIAN_POINT('',(-0.32,-2.86,8.38));
#2293 = VECTOR('',#2294,1.);
#2294 = DIRECTION('',(0.,1.,0.));
#2295 = PLANE('',#2296);
#2296 = AXIS2_PLACEMENT_3D('',#2297,#2298,#2299);
#2297 = CARTESIAN_POINT('',(-0.32,-2.86,-3.));
#2298 = DIRECTION('',(1.,0.,0.));
#2299 = DIRECTION('',(0.,0.,1.));
#2300 = ADVANCED_FACE('',(#2301),#2326,.T.);
#2301 = FACE_BOUND('',#2302,.T.);
#2302 = EDGE_LOOP('',(#2303,#2311,#2312,#2320));
#2303 = ORIENTED_EDGE('',*,*,#2304,.F.);
#2304 = EDGE_CURVE('',#1501,#2305,#2307,.T.);
#2305 = VERTEX_POINT('',#2306);
#2306 = CARTESIAN_POINT('',(0.32,-4.76,8.38));
#2307 = LINE('',#2308,#2309);
#2308 = CARTESIAN_POINT('',(0.32,-4.76,-3.));
#2309 = VECTOR('',#2310,1.);
#2310 = DIRECTION('',(0.,0.,1.));
#2311 = ORIENTED_EDGE('',*,*,#1500,.T.);
#2312 = ORIENTED_EDGE('',*,*,#2313,.T.);
#2313 = EDGE_CURVE('',#1503,#2314,#2316,.T.);
#2314 = VERTEX_POINT('',#2315);
#2315 = CARTESIAN_POINT('',(-0.32,-4.76,8.38));
#2316 = LINE('',#2317,#2318);
#2317 = CARTESIAN_POINT('',(-0.32,-4.76,-3.));
#2318 = VECTOR('',#2319,1.);
#2319 = DIRECTION('',(0.,0.,1.));
#2320 = ORIENTED_EDGE('',*,*,#2321,.T.);
#2321 = EDGE_CURVE('',#2314,#2305,#2322,.T.);
#2322 = LINE('',#2323,#2324);
#2323 = CARTESIAN_POINT('',(-0.32,-4.76,8.38));
#2324 = VECTOR('',#2325,1.);
#2325 = DIRECTION('',(1.,0.,0.));
#2326 = PLANE('',#2327);
#2327 = AXIS2_PLACEMENT_3D('',#2328,#2329,#2330);
#2328 = CARTESIAN_POINT('',(-0.32,-4.76,-3.));
#2329 = DIRECTION('',(0.,1.,0.));
#2330 = DIRECTION('',(0.,-0.,1.));
#2331 = ADVANCED_FACE('',(#2332),#2350,.F.);
#2332 = FACE_BOUND('',#2333,.F.);
#2333 = EDGE_LOOP('',(#2334,#2342,#2343,#2344));
#2334 = ORIENTED_EDGE('',*,*,#2335,.F.);
#2335 = EDGE_CURVE('',#1519,#2336,#2338,.T.);
#2336 = VERTEX_POINT('',#2337);
#2337 = CARTESIAN_POINT('',(-0.32,-5.4,8.38));
#2338 = LINE('',#2339,#2340);
#2339 = CARTESIAN_POINT('',(-0.32,-5.4,-3.));
#2340 = VECTOR('',#2341,1.);
#2341 = DIRECTION('',(0.,0.,1.));
#2342 = ORIENTED_EDGE('',*,*,#1526,.T.);
#2343 = ORIENTED_EDGE('',*,*,#2313,.T.);
#2344 = ORIENTED_EDGE('',*,*,#2345,.F.);
#2345 = EDGE_CURVE('',#2336,#2314,#2346,.T.);
#2346 = LINE('',#2347,#2348);
#2347 = CARTESIAN_POINT('',(-0.32,-5.4,8.38));
#2348 = VECTOR('',#2349,1.);
#2349 = DIRECTION('',(0.,1.,0.));
#2350 = PLANE('',#2351);
#2351 = AXIS2_PLACEMENT_3D('',#2352,#2353,#2354);
#2352 = CARTESIAN_POINT('',(-0.32,-5.4,-3.));
#2353 = DIRECTION('',(1.,0.,0.));
#2354 = DIRECTION('',(0.,0.,1.));
#2355 = ADVANCED_FACE('',(#2356),#2374,.F.);
#2356 = FACE_BOUND('',#2357,.F.);
#2357 = EDGE_LOOP('',(#2358,#2366,#2367,#2368));
#2358 = ORIENTED_EDGE('',*,*,#2359,.F.);
#2359 = EDGE_CURVE('',#1511,#2360,#2362,.T.);
#2360 = VERTEX_POINT('',#2361);
#2361 = CARTESIAN_POINT('',(0.32,-5.4,8.38));
#2362 = LINE('',#2363,#2364);
#2363 = CARTESIAN_POINT('',(0.32,-5.4,-3.));
#2364 = VECTOR('',#2365,1.);
#2365 = DIRECTION('',(0.,0.,1.));
#2366 = ORIENTED_EDGE('',*,*,#1518,.T.);
#2367 = ORIENTED_EDGE('',*,*,#2335,.T.);
#2368 = ORIENTED_EDGE('',*,*,#2369,.T.);
#2369 = EDGE_CURVE('',#2336,#2360,#2370,.T.);
#2370 = LINE('',#2371,#2372);
#2371 = CARTESIAN_POINT('',(-0.32,-5.4,8.38));
#2372 = VECTOR('',#2373,1.);
#2373 = DIRECTION('',(1.,0.,0.));
#2374 = PLANE('',#2375);
#2375 = AXIS2_PLACEMENT_3D('',#2376,#2377,#2378);
#2376 = CARTESIAN_POINT('',(-0.32,-5.4,-3.));
#2377 = DIRECTION('',(0.,1.,0.));
#2378 = DIRECTION('',(0.,-0.,1.));
#2379 = ADVANCED_FACE('',(#2380),#2391,.T.);
#2380 = FACE_BOUND('',#2381,.T.);
#2381 = EDGE_LOOP('',(#2382,#2383,#2384,#2385));
#2382 = ORIENTED_EDGE('',*,*,#2359,.F.);
#2383 = ORIENTED_EDGE('',*,*,#1510,.T.);
#2384 = ORIENTED_EDGE('',*,*,#2304,.T.);
#2385 = ORIENTED_EDGE('',*,*,#2386,.F.);
#2386 = EDGE_CURVE('',#2360,#2305,#2387,.T.);
#2387 = LINE('',#2388,#2389);
#2388 = CARTESIAN_POINT('',(0.32,-5.4,8.38));
#2389 = VECTOR('',#2390,1.);
#2390 = DIRECTION('',(0.,1.,0.));
#2391 = PLANE('',#2392);
#2392 = AXIS2_PLACEMENT_3D('',#2393,#2394,#2395);
#2393 = CARTESIAN_POINT('',(0.32,-5.4,-3.));
#2394 = DIRECTION('',(1.,0.,0.));
#2395 = DIRECTION('',(0.,0.,1.));
#2396 = ADVANCED_FACE('',(#2397),#2422,.F.);
#2397 = FACE_BOUND('',#2398,.F.);
#2398 = EDGE_LOOP('',(#2399,#2407,#2408,#2416));
#2399 = ORIENTED_EDGE('',*,*,#2400,.F.);
#2400 = EDGE_CURVE('',#1825,#2401,#2403,.T.);
#2401 = VERTEX_POINT('',#2402);
#2402 = CARTESIAN_POINT('',(0.16,-0.16,-3.));
#2403 = LINE('',#2404,#2405);
#2404 = CARTESIAN_POINT('',(0.16,-0.16,-3.));
#2405 = VECTOR('',#2406,1.);
#2406 = DIRECTION('',(-0.57735026919,0.57735026919,-0.57735026919));
#2407 = ORIENTED_EDGE('',*,*,#1832,.T.);
#2408 = ORIENTED_EDGE('',*,*,#2409,.T.);
#2409 = EDGE_CURVE('',#1833,#2410,#2412,.T.);
#2410 = VERTEX_POINT('',#2411);
#2411 = CARTESIAN_POINT('',(0.16,0.16,-3.));
#2412 = LINE('',#2413,#2414);
#2413 = CARTESIAN_POINT('',(5.333333333333E-02,5.333333333333E-02,
    -3.106666666667));
#2414 = VECTOR('',#2415,1.);
#2415 = DIRECTION('',(-0.57735026919,-0.57735026919,-0.57735026919));
#2416 = ORIENTED_EDGE('',*,*,#2417,.F.);
#2417 = EDGE_CURVE('',#2401,#2410,#2418,.T.);
#2418 = LINE('',#2419,#2420);
#2419 = CARTESIAN_POINT('',(0.16,-0.32,-3.));
#2420 = VECTOR('',#2421,1.);
#2421 = DIRECTION('',(0.,1.,0.));
#2422 = PLANE('',#2423);
#2423 = AXIS2_PLACEMENT_3D('',#2424,#2425,#2426);
#2424 = CARTESIAN_POINT('',(0.24,-0.32,-2.92));
#2425 = DIRECTION('',(-0.707106781187,1.735167508357E-18,0.707106781187)
  );
#2426 = DIRECTION('',(1.226948711654E-18,1.,-1.226948711654E-18));
#2427 = ADVANCED_FACE('',(#2428),#2446,.F.);
#2428 = FACE_BOUND('',#2429,.T.);
#2429 = EDGE_LOOP('',(#2430,#2438,#2439,#2440));
#2430 = ORIENTED_EDGE('',*,*,#2431,.F.);
#2431 = EDGE_CURVE('',#1857,#2432,#2434,.T.);
#2432 = VERTEX_POINT('',#2433);
#2433 = CARTESIAN_POINT('',(-0.16,0.16,-3.));
#2434 = LINE('',#2435,#2436);
#2435 = CARTESIAN_POINT('',(-0.16,0.16,-3.));
#2436 = VECTOR('',#2437,1.);
#2437 = DIRECTION('',(0.57735026919,-0.57735026919,-0.57735026919));
#2438 = ORIENTED_EDGE('',*,*,#1856,.T.);
#2439 = ORIENTED_EDGE('',*,*,#2409,.T.);
#2440 = ORIENTED_EDGE('',*,*,#2441,.F.);
#2441 = EDGE_CURVE('',#2432,#2410,#2442,.T.);
#2442 = LINE('',#2443,#2444);
#2443 = CARTESIAN_POINT('',(-0.32,0.16,-3.));
#2444 = VECTOR('',#2445,1.);
#2445 = DIRECTION('',(1.,0.,0.));
#2446 = PLANE('',#2447);
#2447 = AXIS2_PLACEMENT_3D('',#2448,#2449,#2450);
#2448 = CARTESIAN_POINT('',(-0.32,0.24,-2.92));
#2449 = DIRECTION('',(-1.735167508357E-18,-0.707106781187,0.707106781187
    ));
#2450 = DIRECTION('',(-1.,1.226948711654E-18,-1.226948711654E-18));
#2451 = ADVANCED_FACE('',(#2452),#2470,.T.);
#2452 = FACE_BOUND('',#2453,.T.);
#2453 = EDGE_LOOP('',(#2454,#2462,#2463,#2464));
#2454 = ORIENTED_EDGE('',*,*,#2455,.F.);
#2455 = EDGE_CURVE('',#1880,#2456,#2458,.T.);
#2456 = VERTEX_POINT('',#2457);
#2457 = CARTESIAN_POINT('',(-0.16,-0.16,-3.));
#2458 = LINE('',#2459,#2460);
#2459 = CARTESIAN_POINT('',(-0.266666666667,-0.266666666667,
    -2.893333333333));
#2460 = VECTOR('',#2461,1.);
#2461 = DIRECTION('',(0.57735026919,0.57735026919,-0.57735026919));
#2462 = ORIENTED_EDGE('',*,*,#1887,.T.);
#2463 = ORIENTED_EDGE('',*,*,#2431,.T.);
#2464 = ORIENTED_EDGE('',*,*,#2465,.F.);
#2465 = EDGE_CURVE('',#2456,#2432,#2466,.T.);
#2466 = LINE('',#2467,#2468);
#2467 = CARTESIAN_POINT('',(-0.16,-0.32,-3.));
#2468 = VECTOR('',#2469,1.);
#2469 = DIRECTION('',(0.,1.,0.));
#2470 = PLANE('',#2471);
#2471 = AXIS2_PLACEMENT_3D('',#2472,#2473,#2474);
#2472 = CARTESIAN_POINT('',(-0.24,-0.32,-2.92));
#2473 = DIRECTION('',(-0.707106781187,-1.735167508357E-18,
    -0.707106781187));
#2474 = DIRECTION('',(-1.226948711654E-18,1.,-1.226948711654E-18));
#2475 = ADVANCED_FACE('',(#2476),#2487,.T.);
#2476 = FACE_BOUND('',#2477,.F.);
#2477 = EDGE_LOOP('',(#2478,#2479,#2480,#2481));
#2478 = ORIENTED_EDGE('',*,*,#2455,.F.);
#2479 = ORIENTED_EDGE('',*,*,#1904,.T.);
#2480 = ORIENTED_EDGE('',*,*,#2400,.T.);
#2481 = ORIENTED_EDGE('',*,*,#2482,.F.);
#2482 = EDGE_CURVE('',#2456,#2401,#2483,.T.);
#2483 = LINE('',#2484,#2485);
#2484 = CARTESIAN_POINT('',(-0.32,-0.16,-3.));
#2485 = VECTOR('',#2486,1.);
#2486 = DIRECTION('',(1.,0.,0.));
#2487 = PLANE('',#2488);
#2488 = AXIS2_PLACEMENT_3D('',#2489,#2490,#2491);
#2489 = CARTESIAN_POINT('',(-0.32,-0.24,-2.92));
#2490 = DIRECTION('',(1.735167508357E-18,-0.707106781187,-0.707106781187
    ));
#2491 = DIRECTION('',(-1.,-1.226948711654E-18,-1.226948711654E-18));
#2492 = ADVANCED_FACE('',(#2493),#2518,.T.);
#2493 = FACE_BOUND('',#2494,.F.);
#2494 = EDGE_LOOP('',(#2495,#2503,#2504,#2512));
#2495 = ORIENTED_EDGE('',*,*,#2496,.F.);
#2496 = EDGE_CURVE('',#1929,#2497,#2499,.T.);
#2497 = VERTEX_POINT('',#2498);
#2498 = CARTESIAN_POINT('',(-0.16,-2.7,-3.));
#2499 = LINE('',#2500,#2501);
#2500 = CARTESIAN_POINT('',(-0.266666666667,-2.806666666667,
    -2.893333333333));
#2501 = VECTOR('',#2502,1.);
#2502 = DIRECTION('',(0.57735026919,0.57735026919,-0.57735026919));
#2503 = ORIENTED_EDGE('',*,*,#1928,.T.);
#2504 = ORIENTED_EDGE('',*,*,#2505,.T.);
#2505 = EDGE_CURVE('',#1921,#2506,#2508,.T.);
#2506 = VERTEX_POINT('',#2507);
#2507 = CARTESIAN_POINT('',(0.16,-2.7,-3.));
#2508 = LINE('',#2509,#2510);
#2509 = CARTESIAN_POINT('',(0.16,-2.7,-3.));
#2510 = VECTOR('',#2511,1.);
#2511 = DIRECTION('',(-0.57735026919,0.57735026919,-0.57735026919));
#2512 = ORIENTED_EDGE('',*,*,#2513,.F.);
#2513 = EDGE_CURVE('',#2497,#2506,#2514,.T.);
#2514 = LINE('',#2515,#2516);
#2515 = CARTESIAN_POINT('',(-0.32,-2.7,-3.));
#2516 = VECTOR('',#2517,1.);
#2517 = DIRECTION('',(1.,0.,0.));
#2518 = PLANE('',#2519);
#2519 = AXIS2_PLACEMENT_3D('',#2520,#2521,#2522);
#2520 = CARTESIAN_POINT('',(-0.32,-2.78,-2.92));
#2521 = DIRECTION('',(1.735167508357E-18,-0.707106781187,-0.707106781187
    ));
#2522 = DIRECTION('',(-1.,-1.226948711654E-18,-1.226948711654E-18));
#2523 = ADVANCED_FACE('',(#2524),#2542,.F.);
#2524 = FACE_BOUND('',#2525,.F.);
#2525 = EDGE_LOOP('',(#2526,#2527,#2528,#2536));
#2526 = ORIENTED_EDGE('',*,*,#2505,.F.);
#2527 = ORIENTED_EDGE('',*,*,#1952,.T.);
#2528 = ORIENTED_EDGE('',*,*,#2529,.T.);
#2529 = EDGE_CURVE('',#1953,#2530,#2532,.T.);
#2530 = VERTEX_POINT('',#2531);
#2531 = CARTESIAN_POINT('',(0.16,-2.38,-3.));
#2532 = LINE('',#2533,#2534);
#2533 = CARTESIAN_POINT('',(5.333333333333E-02,-2.486666666667,
    -3.106666666667));
#2534 = VECTOR('',#2535,1.);
#2535 = DIRECTION('',(-0.57735026919,-0.57735026919,-0.57735026919));
#2536 = ORIENTED_EDGE('',*,*,#2537,.F.);
#2537 = EDGE_CURVE('',#2506,#2530,#2538,.T.);
#2538 = LINE('',#2539,#2540);
#2539 = CARTESIAN_POINT('',(0.16,-2.86,-3.));
#2540 = VECTOR('',#2541,1.);
#2541 = DIRECTION('',(0.,1.,0.));
#2542 = PLANE('',#2543);
#2543 = AXIS2_PLACEMENT_3D('',#2544,#2545,#2546);
#2544 = CARTESIAN_POINT('',(0.24,-2.86,-2.92));
#2545 = DIRECTION('',(-0.707106781187,1.735167508357E-18,0.707106781187)
  );
#2546 = DIRECTION('',(1.226948711654E-18,1.,-1.226948711654E-18));
#2547 = ADVANCED_FACE('',(#2548),#2566,.F.);
#2548 = FACE_BOUND('',#2549,.T.);
#2549 = EDGE_LOOP('',(#2550,#2558,#2559,#2560));
#2550 = ORIENTED_EDGE('',*,*,#2551,.F.);
#2551 = EDGE_CURVE('',#1977,#2552,#2554,.T.);
#2552 = VERTEX_POINT('',#2553);
#2553 = CARTESIAN_POINT('',(-0.16,-2.38,-3.));
#2554 = LINE('',#2555,#2556);
#2555 = CARTESIAN_POINT('',(-0.16,-2.38,-3.));
#2556 = VECTOR('',#2557,1.);
#2557 = DIRECTION('',(0.57735026919,-0.57735026919,-0.57735026919));
#2558 = ORIENTED_EDGE('',*,*,#1976,.T.);
#2559 = ORIENTED_EDGE('',*,*,#2529,.T.);
#2560 = ORIENTED_EDGE('',*,*,#2561,.F.);
#2561 = EDGE_CURVE('',#2552,#2530,#2562,.T.);
#2562 = LINE('',#2563,#2564);
#2563 = CARTESIAN_POINT('',(-0.32,-2.38,-3.));
#2564 = VECTOR('',#2565,1.);
#2565 = DIRECTION('',(1.,0.,0.));
#2566 = PLANE('',#2567);
#2567 = AXIS2_PLACEMENT_3D('',#2568,#2569,#2570);
#2568 = CARTESIAN_POINT('',(-0.32,-2.3,-2.92));
#2569 = DIRECTION('',(-1.735167508357E-18,-0.707106781187,0.707106781187
    ));
#2570 = DIRECTION('',(-1.,1.226948711654E-18,-1.226948711654E-18));
#2571 = ADVANCED_FACE('',(#2572),#2583,.T.);
#2572 = FACE_BOUND('',#2573,.T.);
#2573 = EDGE_LOOP('',(#2574,#2575,#2576,#2577));
#2574 = ORIENTED_EDGE('',*,*,#2496,.F.);
#2575 = ORIENTED_EDGE('',*,*,#2000,.T.);
#2576 = ORIENTED_EDGE('',*,*,#2551,.T.);
#2577 = ORIENTED_EDGE('',*,*,#2578,.F.);
#2578 = EDGE_CURVE('',#2497,#2552,#2579,.T.);
#2579 = LINE('',#2580,#2581);
#2580 = CARTESIAN_POINT('',(-0.16,-2.86,-3.));
#2581 = VECTOR('',#2582,1.);
#2582 = DIRECTION('',(0.,1.,0.));
#2583 = PLANE('',#2584);
#2584 = AXIS2_PLACEMENT_3D('',#2585,#2586,#2587);
#2585 = CARTESIAN_POINT('',(-0.24,-2.86,-2.92));
#2586 = DIRECTION('',(-0.707106781187,-1.735167508357E-18,
    -0.707106781187));
#2587 = DIRECTION('',(-1.226948711654E-18,1.,-1.226948711654E-18));
#2588 = ADVANCED_FACE('',(#2589),#2614,.F.);
#2589 = FACE_BOUND('',#2590,.T.);
#2590 = EDGE_LOOP('',(#2591,#2599,#2600,#2608));
#2591 = ORIENTED_EDGE('',*,*,#2592,.F.);
#2592 = EDGE_CURVE('',#2025,#2593,#2595,.T.);
#2593 = VERTEX_POINT('',#2594);
#2594 = CARTESIAN_POINT('',(-0.16,-4.92,-3.));
#2595 = LINE('',#2596,#2597);
#2596 = CARTESIAN_POINT('',(-0.16,-4.92,-3.));
#2597 = VECTOR('',#2598,1.);
#2598 = DIRECTION('',(0.57735026919,-0.57735026919,-0.57735026919));
#2599 = ORIENTED_EDGE('',*,*,#2024,.T.);
#2600 = ORIENTED_EDGE('',*,*,#2601,.T.);
#2601 = EDGE_CURVE('',#2017,#2602,#2604,.T.);
#2602 = VERTEX_POINT('',#2603);
#2603 = CARTESIAN_POINT('',(0.16,-4.92,-3.));
#2604 = LINE('',#2605,#2606);
#2605 = CARTESIAN_POINT('',(5.333333333333E-02,-5.026666666667,
    -3.106666666667));
#2606 = VECTOR('',#2607,1.);
#2607 = DIRECTION('',(-0.57735026919,-0.57735026919,-0.57735026919));
#2608 = ORIENTED_EDGE('',*,*,#2609,.F.);
#2609 = EDGE_CURVE('',#2593,#2602,#2610,.T.);
#2610 = LINE('',#2611,#2612);
#2611 = CARTESIAN_POINT('',(-0.32,-4.92,-3.));
#2612 = VECTOR('',#2613,1.);
#2613 = DIRECTION('',(1.,0.,0.));
#2614 = PLANE('',#2615);
#2615 = AXIS2_PLACEMENT_3D('',#2616,#2617,#2618);
#2616 = CARTESIAN_POINT('',(-0.32,-4.84,-2.92));
#2617 = DIRECTION('',(-1.735167508357E-18,-0.707106781187,0.707106781187
    ));
#2618 = DIRECTION('',(-1.,1.226948711654E-18,-1.226948711654E-18));
#2619 = ADVANCED_FACE('',(#2620),#2638,.T.);
#2620 = FACE_BOUND('',#2621,.T.);
#2621 = EDGE_LOOP('',(#2622,#2630,#2631,#2632));
#2622 = ORIENTED_EDGE('',*,*,#2623,.F.);
#2623 = EDGE_CURVE('',#2048,#2624,#2626,.T.);
#2624 = VERTEX_POINT('',#2625);
#2625 = CARTESIAN_POINT('',(-0.16,-5.24,-3.));
#2626 = LINE('',#2627,#2628);
#2627 = CARTESIAN_POINT('',(-0.266666666667,-5.346666666667,
    -2.893333333333));
#2628 = VECTOR('',#2629,1.);
#2629 = DIRECTION('',(0.57735026919,0.57735026919,-0.57735026919));
#2630 = ORIENTED_EDGE('',*,*,#2055,.T.);
#2631 = ORIENTED_EDGE('',*,*,#2592,.T.);
#2632 = ORIENTED_EDGE('',*,*,#2633,.F.);
#2633 = EDGE_CURVE('',#2624,#2593,#2634,.T.);
#2634 = LINE('',#2635,#2636);
#2635 = CARTESIAN_POINT('',(-0.16,-5.4,-3.));
#2636 = VECTOR('',#2637,1.);
#2637 = DIRECTION('',(0.,1.,0.));
#2638 = PLANE('',#2639);
#2639 = AXIS2_PLACEMENT_3D('',#2640,#2641,#2642);
#2640 = CARTESIAN_POINT('',(-0.24,-5.4,-2.92));
#2641 = DIRECTION('',(-0.707106781187,-1.735167508357E-18,
    -0.707106781187));
#2642 = DIRECTION('',(-1.226948711654E-18,1.,-1.226948711654E-18));
#2643 = ADVANCED_FACE('',(#2644),#2662,.T.);
#2644 = FACE_BOUND('',#2645,.F.);
#2645 = EDGE_LOOP('',(#2646,#2647,#2648,#2656));
#2646 = ORIENTED_EDGE('',*,*,#2623,.F.);
#2647 = ORIENTED_EDGE('',*,*,#2079,.T.);
#2648 = ORIENTED_EDGE('',*,*,#2649,.T.);
#2649 = EDGE_CURVE('',#2072,#2650,#2652,.T.);
#2650 = VERTEX_POINT('',#2651);
#2651 = CARTESIAN_POINT('',(0.16,-5.24,-3.));
#2652 = LINE('',#2653,#2654);
#2653 = CARTESIAN_POINT('',(0.16,-5.24,-3.));
#2654 = VECTOR('',#2655,1.);
#2655 = DIRECTION('',(-0.57735026919,0.57735026919,-0.57735026919));
#2656 = ORIENTED_EDGE('',*,*,#2657,.F.);
#2657 = EDGE_CURVE('',#2624,#2650,#2658,.T.);
#2658 = LINE('',#2659,#2660);
#2659 = CARTESIAN_POINT('',(-0.32,-5.24,-3.));
#2660 = VECTOR('',#2661,1.);
#2661 = DIRECTION('',(1.,0.,0.));
#2662 = PLANE('',#2663);
#2663 = AXIS2_PLACEMENT_3D('',#2664,#2665,#2666);
#2664 = CARTESIAN_POINT('',(-0.32,-5.32,-2.92));
#2665 = DIRECTION('',(1.735167508357E-18,-0.707106781187,-0.707106781187
    ));
#2666 = DIRECTION('',(-1.,-1.226948711654E-18,-1.226948711654E-18));
#2667 = ADVANCED_FACE('',(#2668),#2679,.F.);
#2668 = FACE_BOUND('',#2669,.F.);
#2669 = EDGE_LOOP('',(#2670,#2671,#2672,#2673));
#2670 = ORIENTED_EDGE('',*,*,#2649,.F.);
#2671 = ORIENTED_EDGE('',*,*,#2096,.T.);
#2672 = ORIENTED_EDGE('',*,*,#2601,.T.);
#2673 = ORIENTED_EDGE('',*,*,#2674,.F.);
#2674 = EDGE_CURVE('',#2650,#2602,#2675,.T.);
#2675 = LINE('',#2676,#2677);
#2676 = CARTESIAN_POINT('',(0.16,-5.4,-3.));
#2677 = VECTOR('',#2678,1.);
#2678 = DIRECTION('',(0.,1.,0.));
#2679 = PLANE('',#2680);
#2680 = AXIS2_PLACEMENT_3D('',#2681,#2682,#2683);
#2681 = CARTESIAN_POINT('',(0.24,-5.4,-2.92));
#2682 = DIRECTION('',(-0.707106781187,1.735167508357E-18,0.707106781187)
  );
#2683 = DIRECTION('',(1.226948711654E-18,1.,-1.226948711654E-18));
#2684 = ADVANCED_FACE('',(#2685),#2710,.T.);
#2685 = FACE_BOUND('',#2686,.T.);
#2686 = EDGE_LOOP('',(#2687,#2695,#2696,#2704));
#2687 = ORIENTED_EDGE('',*,*,#2688,.F.);
#2688 = EDGE_CURVE('',#2113,#2689,#2691,.T.);
#2689 = VERTEX_POINT('',#2690);
#2690 = CARTESIAN_POINT('',(0.16,-0.16,8.54));
#2691 = LINE('',#2692,#2693);
#2692 = CARTESIAN_POINT('',(0.16,-0.16,8.54));
#2693 = VECTOR('',#2694,1.);
#2694 = DIRECTION('',(-0.57735026919,0.57735026919,0.57735026919));
#2695 = ORIENTED_EDGE('',*,*,#2129,.T.);
#2696 = ORIENTED_EDGE('',*,*,#2697,.T.);
#2697 = EDGE_CURVE('',#2122,#2698,#2700,.T.);
#2698 = VERTEX_POINT('',#2699);
#2699 = CARTESIAN_POINT('',(0.16,0.16,8.54));
#2700 = LINE('',#2701,#2702);
#2701 = CARTESIAN_POINT('',(5.333333333333E-02,5.333333333333E-02,
    8.646666666667));
#2702 = VECTOR('',#2703,1.);
#2703 = DIRECTION('',(-0.57735026919,-0.57735026919,0.57735026919));
#2704 = ORIENTED_EDGE('',*,*,#2705,.F.);
#2705 = EDGE_CURVE('',#2689,#2698,#2706,.T.);
#2706 = LINE('',#2707,#2708);
#2707 = CARTESIAN_POINT('',(0.16,-0.32,8.54));
#2708 = VECTOR('',#2709,1.);
#2709 = DIRECTION('',(0.,1.,0.));
#2710 = PLANE('',#2711);
#2711 = AXIS2_PLACEMENT_3D('',#2712,#2713,#2714);
#2712 = CARTESIAN_POINT('',(0.24,-0.32,8.46));
#2713 = DIRECTION('',(0.707106781187,-1.735167508357E-18,0.707106781187)
  );
#2714 = DIRECTION('',(1.226948711654E-18,1.,1.226948711654E-18));
#2715 = ADVANCED_FACE('',(#2716),#2734,.T.);
#2716 = FACE_BOUND('',#2717,.F.);
#2717 = EDGE_LOOP('',(#2718,#2726,#2727,#2728));
#2718 = ORIENTED_EDGE('',*,*,#2719,.F.);
#2719 = EDGE_CURVE('',#2146,#2720,#2722,.T.);
#2720 = VERTEX_POINT('',#2721);
#2721 = CARTESIAN_POINT('',(-0.16,0.16,8.54));
#2722 = LINE('',#2723,#2724);
#2723 = CARTESIAN_POINT('',(-0.16,0.16,8.54));
#2724 = VECTOR('',#2725,1.);
#2725 = DIRECTION('',(0.57735026919,-0.57735026919,0.57735026919));
#2726 = ORIENTED_EDGE('',*,*,#2153,.T.);
#2727 = ORIENTED_EDGE('',*,*,#2697,.T.);
#2728 = ORIENTED_EDGE('',*,*,#2729,.F.);
#2729 = EDGE_CURVE('',#2720,#2698,#2730,.T.);
#2730 = LINE('',#2731,#2732);
#2731 = CARTESIAN_POINT('',(-0.32,0.16,8.54));
#2732 = VECTOR('',#2733,1.);
#2733 = DIRECTION('',(1.,0.,0.));
#2734 = PLANE('',#2735);
#2735 = AXIS2_PLACEMENT_3D('',#2736,#2737,#2738);
#2736 = CARTESIAN_POINT('',(-0.32,0.24,8.46));
#2737 = DIRECTION('',(1.735167508357E-18,0.707106781187,0.707106781187)
  );
#2738 = DIRECTION('',(-1.,1.226948711654E-18,1.226948711654E-18));
#2739 = ADVANCED_FACE('',(#2740),#2758,.F.);
#2740 = FACE_BOUND('',#2741,.F.);
#2741 = EDGE_LOOP('',(#2742,#2750,#2751,#2752));
#2742 = ORIENTED_EDGE('',*,*,#2743,.F.);
#2743 = EDGE_CURVE('',#2168,#2744,#2746,.T.);
#2744 = VERTEX_POINT('',#2745);
#2745 = CARTESIAN_POINT('',(-0.16,-0.16,8.54));
#2746 = LINE('',#2747,#2748);
#2747 = CARTESIAN_POINT('',(-0.266666666667,-0.266666666667,
    8.433333333333));
#2748 = VECTOR('',#2749,1.);
#2749 = DIRECTION('',(0.57735026919,0.57735026919,0.57735026919));
#2750 = ORIENTED_EDGE('',*,*,#2177,.T.);
#2751 = ORIENTED_EDGE('',*,*,#2719,.T.);
#2752 = ORIENTED_EDGE('',*,*,#2753,.F.);
#2753 = EDGE_CURVE('',#2744,#2720,#2754,.T.);
#2754 = LINE('',#2755,#2756);
#2755 = CARTESIAN_POINT('',(-0.16,-0.32,8.54));
#2756 = VECTOR('',#2757,1.);
#2757 = DIRECTION('',(0.,1.,0.));
#2758 = PLANE('',#2759);
#2759 = AXIS2_PLACEMENT_3D('',#2760,#2761,#2762);
#2760 = CARTESIAN_POINT('',(-0.24,-0.32,8.46));
#2761 = DIRECTION('',(0.707106781187,1.735167508357E-18,-0.707106781187)
  );
#2762 = DIRECTION('',(-1.226948711654E-18,1.,1.226948711654E-18));
#2763 = ADVANCED_FACE('',(#2764),#2775,.F.);
#2764 = FACE_BOUND('',#2765,.T.);
#2765 = EDGE_LOOP('',(#2766,#2767,#2768,#2769));
#2766 = ORIENTED_EDGE('',*,*,#2743,.F.);
#2767 = ORIENTED_EDGE('',*,*,#2194,.T.);
#2768 = ORIENTED_EDGE('',*,*,#2688,.T.);
#2769 = ORIENTED_EDGE('',*,*,#2770,.F.);
#2770 = EDGE_CURVE('',#2744,#2689,#2771,.T.);
#2771 = LINE('',#2772,#2773);
#2772 = CARTESIAN_POINT('',(-0.32,-0.16,8.54));
#2773 = VECTOR('',#2774,1.);
#2774 = DIRECTION('',(1.,0.,0.));
#2775 = PLANE('',#2776);
#2776 = AXIS2_PLACEMENT_3D('',#2777,#2778,#2779);
#2777 = CARTESIAN_POINT('',(-0.32,-0.24,8.46));
#2778 = DIRECTION('',(-1.735167508357E-18,0.707106781187,-0.707106781187
    ));
#2779 = DIRECTION('',(-1.,-1.226948711654E-18,1.226948711654E-18));
#2780 = ADVANCED_FACE('',(#2781),#2806,.F.);
#2781 = FACE_BOUND('',#2782,.T.);
#2782 = EDGE_LOOP('',(#2783,#2791,#2792,#2800));
#2783 = ORIENTED_EDGE('',*,*,#2784,.F.);
#2784 = EDGE_CURVE('',#2218,#2785,#2787,.T.);
#2785 = VERTEX_POINT('',#2786);
#2786 = CARTESIAN_POINT('',(-0.16,-2.7,8.54));
#2787 = LINE('',#2788,#2789);
#2788 = CARTESIAN_POINT('',(-0.266666666667,-2.806666666667,
    8.433333333333));
#2789 = VECTOR('',#2790,1.);
#2790 = DIRECTION('',(0.57735026919,0.57735026919,0.57735026919));
#2791 = ORIENTED_EDGE('',*,*,#2225,.T.);
#2792 = ORIENTED_EDGE('',*,*,#2793,.T.);
#2793 = EDGE_CURVE('',#2209,#2794,#2796,.T.);
#2794 = VERTEX_POINT('',#2795);
#2795 = CARTESIAN_POINT('',(0.16,-2.7,8.54));
#2796 = LINE('',#2797,#2798);
#2797 = CARTESIAN_POINT('',(0.16,-2.7,8.54));
#2798 = VECTOR('',#2799,1.);
#2799 = DIRECTION('',(-0.57735026919,0.57735026919,0.57735026919));
#2800 = ORIENTED_EDGE('',*,*,#2801,.F.);
#2801 = EDGE_CURVE('',#2785,#2794,#2802,.T.);
#2802 = LINE('',#2803,#2804);
#2803 = CARTESIAN_POINT('',(-0.32,-2.7,8.54));
#2804 = VECTOR('',#2805,1.);
#2805 = DIRECTION('',(1.,0.,0.));
#2806 = PLANE('',#2807);
#2807 = AXIS2_PLACEMENT_3D('',#2808,#2809,#2810);
#2808 = CARTESIAN_POINT('',(-0.32,-2.78,8.46));
#2809 = DIRECTION('',(-1.735167508357E-18,0.707106781187,-0.707106781187
    ));
#2810 = DIRECTION('',(-1.,-1.226948711654E-18,1.226948711654E-18));
#2811 = ADVANCED_FACE('',(#2812),#2830,.T.);
#2812 = FACE_BOUND('',#2813,.T.);
#2813 = EDGE_LOOP('',(#2814,#2815,#2816,#2824));
#2814 = ORIENTED_EDGE('',*,*,#2793,.F.);
#2815 = ORIENTED_EDGE('',*,*,#2249,.T.);
#2816 = ORIENTED_EDGE('',*,*,#2817,.T.);
#2817 = EDGE_CURVE('',#2242,#2818,#2820,.T.);
#2818 = VERTEX_POINT('',#2819);
#2819 = CARTESIAN_POINT('',(0.16,-2.38,8.54));
#2820 = LINE('',#2821,#2822);
#2821 = CARTESIAN_POINT('',(5.333333333333E-02,-2.486666666667,
    8.646666666667));
#2822 = VECTOR('',#2823,1.);
#2823 = DIRECTION('',(-0.57735026919,-0.57735026919,0.57735026919));
#2824 = ORIENTED_EDGE('',*,*,#2825,.F.);
#2825 = EDGE_CURVE('',#2794,#2818,#2826,.T.);
#2826 = LINE('',#2827,#2828);
#2827 = CARTESIAN_POINT('',(0.16,-2.86,8.54));
#2828 = VECTOR('',#2829,1.);
#2829 = DIRECTION('',(0.,1.,0.));
#2830 = PLANE('',#2831);
#2831 = AXIS2_PLACEMENT_3D('',#2832,#2833,#2834);
#2832 = CARTESIAN_POINT('',(0.24,-2.86,8.46));
#2833 = DIRECTION('',(0.707106781187,-1.735167508357E-18,0.707106781187)
  );
#2834 = DIRECTION('',(1.226948711654E-18,1.,1.226948711654E-18));
#2835 = ADVANCED_FACE('',(#2836),#2854,.T.);
#2836 = FACE_BOUND('',#2837,.F.);
#2837 = EDGE_LOOP('',(#2838,#2846,#2847,#2848));
#2838 = ORIENTED_EDGE('',*,*,#2839,.F.);
#2839 = EDGE_CURVE('',#2266,#2840,#2842,.T.);
#2840 = VERTEX_POINT('',#2841);
#2841 = CARTESIAN_POINT('',(-0.16,-2.38,8.54));
#2842 = LINE('',#2843,#2844);
#2843 = CARTESIAN_POINT('',(-0.16,-2.38,8.54));
#2844 = VECTOR('',#2845,1.);
#2845 = DIRECTION('',(0.57735026919,-0.57735026919,0.57735026919));
#2846 = ORIENTED_EDGE('',*,*,#2273,.T.);
#2847 = ORIENTED_EDGE('',*,*,#2817,.T.);
#2848 = ORIENTED_EDGE('',*,*,#2849,.F.);
#2849 = EDGE_CURVE('',#2840,#2818,#2850,.T.);
#2850 = LINE('',#2851,#2852);
#2851 = CARTESIAN_POINT('',(-0.32,-2.38,8.54));
#2852 = VECTOR('',#2853,1.);
#2853 = DIRECTION('',(1.,0.,0.));
#2854 = PLANE('',#2855);
#2855 = AXIS2_PLACEMENT_3D('',#2856,#2857,#2858);
#2856 = CARTESIAN_POINT('',(-0.32,-2.3,8.46));
#2857 = DIRECTION('',(1.735167508357E-18,0.707106781187,0.707106781187)
  );
#2858 = DIRECTION('',(-1.,1.226948711654E-18,1.226948711654E-18));
#2859 = ADVANCED_FACE('',(#2860),#2871,.F.);
#2860 = FACE_BOUND('',#2861,.F.);
#2861 = EDGE_LOOP('',(#2862,#2863,#2864,#2865));
#2862 = ORIENTED_EDGE('',*,*,#2784,.F.);
#2863 = ORIENTED_EDGE('',*,*,#2290,.T.);
#2864 = ORIENTED_EDGE('',*,*,#2839,.T.);
#2865 = ORIENTED_EDGE('',*,*,#2866,.F.);
#2866 = EDGE_CURVE('',#2785,#2840,#2867,.T.);
#2867 = LINE('',#2868,#2869);
#2868 = CARTESIAN_POINT('',(-0.16,-2.86,8.54));
#2869 = VECTOR('',#2870,1.);
#2870 = DIRECTION('',(0.,1.,0.));
#2871 = PLANE('',#2872);
#2872 = AXIS2_PLACEMENT_3D('',#2873,#2874,#2875);
#2873 = CARTESIAN_POINT('',(-0.24,-2.86,8.46));
#2874 = DIRECTION('',(0.707106781187,1.735167508357E-18,-0.707106781187)
  );
#2875 = DIRECTION('',(-1.226948711654E-18,1.,1.226948711654E-18));
#2876 = ADVANCED_FACE('',(#2877),#2902,.T.);
#2877 = FACE_BOUND('',#2878,.F.);
#2878 = EDGE_LOOP('',(#2879,#2887,#2888,#2896));
#2879 = ORIENTED_EDGE('',*,*,#2880,.F.);
#2880 = EDGE_CURVE('',#2314,#2881,#2883,.T.);
#2881 = VERTEX_POINT('',#2882);
#2882 = CARTESIAN_POINT('',(-0.16,-4.92,8.54));
#2883 = LINE('',#2884,#2885);
#2884 = CARTESIAN_POINT('',(-0.16,-4.92,8.54));
#2885 = VECTOR('',#2886,1.);
#2886 = DIRECTION('',(0.57735026919,-0.57735026919,0.57735026919));
#2887 = ORIENTED_EDGE('',*,*,#2321,.T.);
#2888 = ORIENTED_EDGE('',*,*,#2889,.T.);
#2889 = EDGE_CURVE('',#2305,#2890,#2892,.T.);
#2890 = VERTEX_POINT('',#2891);
#2891 = CARTESIAN_POINT('',(0.16,-4.92,8.54));
#2892 = LINE('',#2893,#2894);
#2893 = CARTESIAN_POINT('',(5.333333333333E-02,-5.026666666667,
    8.646666666667));
#2894 = VECTOR('',#2895,1.);
#2895 = DIRECTION('',(-0.57735026919,-0.57735026919,0.57735026919));
#2896 = ORIENTED_EDGE('',*,*,#2897,.F.);
#2897 = EDGE_CURVE('',#2881,#2890,#2898,.T.);
#2898 = LINE('',#2899,#2900);
#2899 = CARTESIAN_POINT('',(-0.32,-4.92,8.54));
#2900 = VECTOR('',#2901,1.);
#2901 = DIRECTION('',(1.,0.,0.));
#2902 = PLANE('',#2903);
#2903 = AXIS2_PLACEMENT_3D('',#2904,#2905,#2906);
#2904 = CARTESIAN_POINT('',(-0.32,-4.84,8.46));
#2905 = DIRECTION('',(1.735167508357E-18,0.707106781187,0.707106781187)
  );
#2906 = DIRECTION('',(-1.,1.226948711654E-18,1.226948711654E-18));
#2907 = ADVANCED_FACE('',(#2908),#2926,.F.);
#2908 = FACE_BOUND('',#2909,.F.);
#2909 = EDGE_LOOP('',(#2910,#2918,#2919,#2920));
#2910 = ORIENTED_EDGE('',*,*,#2911,.F.);
#2911 = EDGE_CURVE('',#2336,#2912,#2914,.T.);
#2912 = VERTEX_POINT('',#2913);
#2913 = CARTESIAN_POINT('',(-0.16,-5.24,8.54));
#2914 = LINE('',#2915,#2916);
#2915 = CARTESIAN_POINT('',(-0.266666666667,-5.346666666667,
    8.433333333333));
#2916 = VECTOR('',#2917,1.);
#2917 = DIRECTION('',(0.57735026919,0.57735026919,0.57735026919));
#2918 = ORIENTED_EDGE('',*,*,#2345,.T.);
#2919 = ORIENTED_EDGE('',*,*,#2880,.T.);
#2920 = ORIENTED_EDGE('',*,*,#2921,.F.);
#2921 = EDGE_CURVE('',#2912,#2881,#2922,.T.);
#2922 = LINE('',#2923,#2924);
#2923 = CARTESIAN_POINT('',(-0.16,-5.4,8.54));
#2924 = VECTOR('',#2925,1.);
#2925 = DIRECTION('',(0.,1.,0.));
#2926 = PLANE('',#2927);
#2927 = AXIS2_PLACEMENT_3D('',#2928,#2929,#2930);
#2928 = CARTESIAN_POINT('',(-0.24,-5.4,8.46));
#2929 = DIRECTION('',(0.707106781187,1.735167508357E-18,-0.707106781187)
  );
#2930 = DIRECTION('',(-1.226948711654E-18,1.,1.226948711654E-18));
#2931 = ADVANCED_FACE('',(#2932),#2950,.F.);
#2932 = FACE_BOUND('',#2933,.T.);
#2933 = EDGE_LOOP('',(#2934,#2935,#2936,#2944));
#2934 = ORIENTED_EDGE('',*,*,#2911,.F.);
#2935 = ORIENTED_EDGE('',*,*,#2369,.T.);
#2936 = ORIENTED_EDGE('',*,*,#2937,.T.);
#2937 = EDGE_CURVE('',#2360,#2938,#2940,.T.);
#2938 = VERTEX_POINT('',#2939);
#2939 = CARTESIAN_POINT('',(0.16,-5.24,8.54));
#2940 = LINE('',#2941,#2942);
#2941 = CARTESIAN_POINT('',(0.16,-5.24,8.54));
#2942 = VECTOR('',#2943,1.);
#2943 = DIRECTION('',(-0.57735026919,0.57735026919,0.57735026919));
#2944 = ORIENTED_EDGE('',*,*,#2945,.F.);
#2945 = EDGE_CURVE('',#2912,#2938,#2946,.T.);
#2946 = LINE('',#2947,#2948);
#2947 = CARTESIAN_POINT('',(-0.32,-5.24,8.54));
#2948 = VECTOR('',#2949,1.);
#2949 = DIRECTION('',(1.,0.,0.));
#2950 = PLANE('',#2951);
#2951 = AXIS2_PLACEMENT_3D('',#2952,#2953,#2954);
#2952 = CARTESIAN_POINT('',(-0.32,-5.32,8.46));
#2953 = DIRECTION('',(-1.735167508357E-18,0.707106781187,-0.707106781187
    ));
#2954 = DIRECTION('',(-1.,-1.226948711654E-18,1.226948711654E-18));
#2955 = ADVANCED_FACE('',(#2956),#2967,.T.);
#2956 = FACE_BOUND('',#2957,.T.);
#2957 = EDGE_LOOP('',(#2958,#2959,#2960,#2961));
#2958 = ORIENTED_EDGE('',*,*,#2937,.F.);
#2959 = ORIENTED_EDGE('',*,*,#2386,.T.);
#2960 = ORIENTED_EDGE('',*,*,#2889,.T.);
#2961 = ORIENTED_EDGE('',*,*,#2962,.F.);
#2962 = EDGE_CURVE('',#2938,#2890,#2963,.T.);
#2963 = LINE('',#2964,#2965);
#2964 = CARTESIAN_POINT('',(0.16,-5.4,8.54));
#2965 = VECTOR('',#2966,1.);
#2966 = DIRECTION('',(0.,1.,0.));
#2967 = PLANE('',#2968);
#2968 = AXIS2_PLACEMENT_3D('',#2969,#2970,#2971);
#2969 = CARTESIAN_POINT('',(0.24,-5.4,8.46));
#2970 = DIRECTION('',(0.707106781187,-1.735167508357E-18,0.707106781187)
  );
#2971 = DIRECTION('',(1.226948711654E-18,1.,1.226948711654E-18));
#2972 = ADVANCED_FACE('',(#2973),#2979,.F.);
#2973 = FACE_BOUND('',#2974,.F.);
#2974 = EDGE_LOOP('',(#2975,#2976,#2977,#2978));
#2975 = ORIENTED_EDGE('',*,*,#2441,.F.);
#2976 = ORIENTED_EDGE('',*,*,#2465,.F.);
#2977 = ORIENTED_EDGE('',*,*,#2482,.T.);
#2978 = ORIENTED_EDGE('',*,*,#2417,.T.);
#2979 = PLANE('',#2980);
#2980 = AXIS2_PLACEMENT_3D('',#2981,#2982,#2983);
#2981 = CARTESIAN_POINT('',(-0.32,-0.32,-3.));
#2982 = DIRECTION('',(0.,0.,1.));
#2983 = DIRECTION('',(1.,0.,-0.));
#2984 = ADVANCED_FACE('',(#2985),#2991,.F.);
#2985 = FACE_BOUND('',#2986,.F.);
#2986 = EDGE_LOOP('',(#2987,#2988,#2989,#2990));
#2987 = ORIENTED_EDGE('',*,*,#2561,.F.);
#2988 = ORIENTED_EDGE('',*,*,#2578,.F.);
#2989 = ORIENTED_EDGE('',*,*,#2513,.T.);
#2990 = ORIENTED_EDGE('',*,*,#2537,.T.);
#2991 = PLANE('',#2992);
#2992 = AXIS2_PLACEMENT_3D('',#2993,#2994,#2995);
#2993 = CARTESIAN_POINT('',(-0.32,-2.86,-3.));
#2994 = DIRECTION('',(0.,0.,1.));
#2995 = DIRECTION('',(1.,0.,-0.));
#2996 = ADVANCED_FACE('',(#2997),#3003,.F.);
#2997 = FACE_BOUND('',#2998,.F.);
#2998 = EDGE_LOOP('',(#2999,#3000,#3001,#3002));
#2999 = ORIENTED_EDGE('',*,*,#2609,.F.);
#3000 = ORIENTED_EDGE('',*,*,#2633,.F.);
#3001 = ORIENTED_EDGE('',*,*,#2657,.T.);
#3002 = ORIENTED_EDGE('',*,*,#2674,.T.);
#3003 = PLANE('',#3004);
#3004 = AXIS2_PLACEMENT_3D('',#3005,#3006,#3007);
#3005 = CARTESIAN_POINT('',(-0.32,-5.4,-3.));
#3006 = DIRECTION('',(0.,0.,1.));
#3007 = DIRECTION('',(1.,0.,-0.));
#3008 = ADVANCED_FACE('',(#3009),#3015,.T.);
#3009 = FACE_BOUND('',#3010,.T.);
#3010 = EDGE_LOOP('',(#3011,#3012,#3013,#3014));
#3011 = ORIENTED_EDGE('',*,*,#2770,.T.);
#3012 = ORIENTED_EDGE('',*,*,#2705,.T.);
#3013 = ORIENTED_EDGE('',*,*,#2729,.F.);
#3014 = ORIENTED_EDGE('',*,*,#2753,.F.);
#3015 = PLANE('',#3016);
#3016 = AXIS2_PLACEMENT_3D('',#3017,#3018,#3019);
#3017 = CARTESIAN_POINT('',(-0.32,-0.32,8.54));
#3018 = DIRECTION('',(0.,0.,1.));
#3019 = DIRECTION('',(1.,0.,-0.));
#3020 = ADVANCED_FACE('',(#3021),#3027,.T.);
#3021 = FACE_BOUND('',#3022,.T.);
#3022 = EDGE_LOOP('',(#3023,#3024,#3025,#3026));
#3023 = ORIENTED_EDGE('',*,*,#2801,.T.);
#3024 = ORIENTED_EDGE('',*,*,#2825,.T.);
#3025 = ORIENTED_EDGE('',*,*,#2849,.F.);
#3026 = ORIENTED_EDGE('',*,*,#2866,.F.);
#3027 = PLANE('',#3028);
#3028 = AXIS2_PLACEMENT_3D('',#3029,#3030,#3031);
#3029 = CARTESIAN_POINT('',(-0.32,-2.86,8.54));
#3030 = DIRECTION('',(0.,0.,1.));
#3031 = DIRECTION('',(1.,0.,-0.));
#3032 = ADVANCED_FACE('',(#3033),#3039,.T.);
#3033 = FACE_BOUND('',#3034,.T.);
#3034 = EDGE_LOOP('',(#3035,#3036,#3037,#3038));
#3035 = ORIENTED_EDGE('',*,*,#2945,.T.);
#3036 = ORIENTED_EDGE('',*,*,#2962,.T.);
#3037 = ORIENTED_EDGE('',*,*,#2897,.F.);
#3038 = ORIENTED_EDGE('',*,*,#2921,.F.);
#3039 = PLANE('',#3040);
#3040 = AXIS2_PLACEMENT_3D('',#3041,#3042,#3043);
#3041 = CARTESIAN_POINT('',(-0.32,-5.4,8.54));
#3042 = DIRECTION('',(0.,0.,1.));
#3043 = DIRECTION('',(1.,0.,-0.));
#3044 = ( GEOMETRIC_REPRESENTATION_CONTEXT(3) 
GLOBAL_UNCERTAINTY_ASSIGNED_CONTEXT((#3048)) 
GLOBAL_UNIT_ASSIGNED_CONTEXT((#3045,#3046,#3047)) REPRESENTATION_CONTEXT
('Context #1','3D Context with UNIT and UNCERTAINTY') );
#3045 = ( LENGTH_UNIT() NAMED_UNIT(*) SI_UNIT(.MILLI.,.METRE.) );
#3046 = ( NAMED_UNIT(*) PLANE_ANGLE_UNIT() SI_UNIT($,.RADIAN.) );
#3047 = ( NAMED_UNIT(*) SI_UNIT($,.STERADIAN.) SOLID_ANGLE_UNIT() );
#3048 = UNCERTAINTY_MEASURE_WITH_UNIT(LENGTH_MEASURE(1.E-07),#3045,
  'distance_accuracy_value','confusion accuracy');
#3049 = CONTEXT_DEPENDENT_SHAPE_REPRESENTATION(#3050,#3052);
#3050 = ( REPRESENTATION_RELATIONSHIP('','',#937,#10) 
REPRESENTATION_RELATIONSHIP_WITH_TRANSFORMATION(#3051) 
SHAPE_REPRESENTATION_RELATIONSHIP() );
#3051 = ITEM_DEFINED_TRANSFORMATION('','',#11,#19);
#3052 = PRODUCT_DEFINITION_SHAPE('Placement','Placement of an item',
  #3053);
#3053 = NEXT_ASSEMBLY_USAGE_OCCURRENCE('2','D2','',#5,#932,$);
#3054 = PRODUCT_RELATED_PRODUCT_CATEGORY('part',$,(#934));
#3055 = SHAPE_DEFINITION_REPRESENTATION(#3056,#3062);
#3056 = PRODUCT_DEFINITION_SHAPE('','',#3057);
#3057 = PRODUCT_DEFINITION('design','',#3058,#3061);
#3058 = PRODUCT_DEFINITION_FORMATION('','',#3059);
#3059 = PRODUCT('PinHeader_1x02_P2.54mm_Vertical',
  'PinHeader_1x02_P2.54mm_Vertical','',(#3060));
#3060 = PRODUCT_CONTEXT('',#2,'mechanical');
#3061 = PRODUCT_DEFINITION_CONTEXT('part definition',#2,'design');
#3062 = ADVANCED_BREP_SHAPE_REPRESENTATION('',(#11,#3063),#4495);
#3063 = MANIFOLD_SOLID_BREP('',#3064);
#3064 = CLOSED_SHELL('',(#3065,#3105,#3136,#3167,#3332,#3497,#3514,#3531
    ,#3548,#3565,#3582,#3599,#3616,#3633,#3650,#3667,#3679,#3710,#3734,
    #3758,#3775,#3806,#3830,#3854,#3871,#3902,#3926,#3950,#3967,#3998,
    #4022,#4046,#4063,#4094,#4118,#4142,#4159,#4190,#4214,#4238,#4255,
    #4286,#4310,#4334,#4351,#4382,#4406,#4430,#4447,#4459,#4471,#4483));
#3065 = ADVANCED_FACE('',(#3066),#3100,.F.);
#3066 = FACE_BOUND('',#3067,.F.);
#3067 = EDGE_LOOP('',(#3068,#3078,#3086,#3094));
#3068 = ORIENTED_EDGE('',*,*,#3069,.T.);
#3069 = EDGE_CURVE('',#3070,#3072,#3074,.T.);
#3070 = VERTEX_POINT('',#3071);
#3071 = CARTESIAN_POINT('',(-1.016,1.27,0.));
#3072 = VERTEX_POINT('',#3073);
#3073 = CARTESIAN_POINT('',(-1.016,1.27,2.54));
#3074 = LINE('',#3075,#3076);
#3075 = CARTESIAN_POINT('',(-1.016,1.27,0.));
#3076 = VECTOR('',#3077,1.);
#3077 = DIRECTION('',(0.,0.,1.));
#3078 = ORIENTED_EDGE('',*,*,#3079,.T.);
#3079 = EDGE_CURVE('',#3072,#3080,#3082,.T.);
#3080 = VERTEX_POINT('',#3081);
#3081 = CARTESIAN_POINT('',(-1.27,1.016,2.54));
#3082 = LINE('',#3083,#3084);
#3083 = CARTESIAN_POINT('',(-1.016,1.27,2.54));
#3084 = VECTOR('',#3085,1.);
#3085 = DIRECTION('',(-0.707106781187,-0.707106781187,0.));
#3086 = ORIENTED_EDGE('',*,*,#3087,.F.);
#3087 = EDGE_CURVE('',#3088,#3080,#3090,.T.);
#3088 = VERTEX_POINT('',#3089);
#3089 = CARTESIAN_POINT('',(-1.27,1.016,0.));
#3090 = LINE('',#3091,#3092);
#3091 = CARTESIAN_POINT('',(-1.27,1.016,0.));
#3092 = VECTOR('',#3093,1.);
#3093 = DIRECTION('',(0.,0.,1.));
#3094 = ORIENTED_EDGE('',*,*,#3095,.F.);
#3095 = EDGE_CURVE('',#3070,#3088,#3096,.T.);
#3096 = LINE('',#3097,#3098);
#3097 = CARTESIAN_POINT('',(-1.016,1.27,0.));
#3098 = VECTOR('',#3099,1.);
#3099 = DIRECTION('',(-0.707106781187,-0.707106781187,0.));
#3100 = PLANE('',#3101);
#3101 = AXIS2_PLACEMENT_3D('',#3102,#3103,#3104);
#3102 = CARTESIAN_POINT('',(-1.016,1.27,0.));
#3103 = DIRECTION('',(0.707106781187,-0.707106781187,0.));
#3104 = DIRECTION('',(-0.707106781187,-0.707106781187,0.));
#3105 = ADVANCED_FACE('',(#3106),#3131,.F.);
#3106 = FACE_BOUND('',#3107,.F.);
#3107 = EDGE_LOOP('',(#3108,#3118,#3124,#3125));
#3108 = ORIENTED_EDGE('',*,*,#3109,.T.);
#3109 = EDGE_CURVE('',#3110,#3112,#3114,.T.);
#3110 = VERTEX_POINT('',#3111);
#3111 = CARTESIAN_POINT('',(1.016,1.27,0.));
#3112 = VERTEX_POINT('',#3113);
#3113 = CARTESIAN_POINT('',(1.016,1.27,2.54));
#3114 = LINE('',#3115,#3116);
#3115 = CARTESIAN_POINT('',(1.016,1.27,0.));
#3116 = VECTOR('',#3117,1.);
#3117 = DIRECTION('',(0.,0.,1.));
#3118 = ORIENTED_EDGE('',*,*,#3119,.T.);
#3119 = EDGE_CURVE('',#3112,#3072,#3120,.T.);
#3120 = LINE('',#3121,#3122);
#3121 = CARTESIAN_POINT('',(1.016,1.27,2.54));
#3122 = VECTOR('',#3123,1.);
#3123 = DIRECTION('',(-1.,0.,0.));
#3124 = ORIENTED_EDGE('',*,*,#3069,.F.);
#3125 = ORIENTED_EDGE('',*,*,#3126,.F.);
#3126 = EDGE_CURVE('',#3110,#3070,#3127,.T.);
#3127 = LINE('',#3128,#3129);
#3128 = CARTESIAN_POINT('',(1.016,1.27,0.));
#3129 = VECTOR('',#3130,1.);
#3130 = DIRECTION('',(-1.,0.,0.));
#3131 = PLANE('',#3132);
#3132 = AXIS2_PLACEMENT_3D('',#3133,#3134,#3135);
#3133 = CARTESIAN_POINT('',(1.016,1.27,0.));
#3134 = DIRECTION('',(0.,-1.,0.));
#3135 = DIRECTION('',(-1.,0.,0.));
#3136 = ADVANCED_FACE('',(#3137),#3162,.F.);
#3137 = FACE_BOUND('',#3138,.F.);
#3138 = EDGE_LOOP('',(#3139,#3140,#3148,#3156));
#3139 = ORIENTED_EDGE('',*,*,#3087,.T.);
#3140 = ORIENTED_EDGE('',*,*,#3141,.T.);
#3141 = EDGE_CURVE('',#3080,#3142,#3144,.T.);
#3142 = VERTEX_POINT('',#3143);
#3143 = CARTESIAN_POINT('',(-1.27,-1.016,2.54));
#3144 = LINE('',#3145,#3146);
#3145 = CARTESIAN_POINT('',(-1.27,1.016,2.54));
#3146 = VECTOR('',#3147,1.);
#3147 = DIRECTION('',(0.,-1.,0.));
#3148 = ORIENTED_EDGE('',*,*,#3149,.F.);
#3149 = EDGE_CURVE('',#3150,#3142,#3152,.T.);
#3150 = VERTEX_POINT('',#3151);
#3151 = CARTESIAN_POINT('',(-1.27,-1.016,0.));
#3152 = LINE('',#3153,#3154);
#3153 = CARTESIAN_POINT('',(-1.27,-1.016,0.));
#3154 = VECTOR('',#3155,1.);
#3155 = DIRECTION('',(0.,0.,1.));
#3156 = ORIENTED_EDGE('',*,*,#3157,.F.);
#3157 = EDGE_CURVE('',#3088,#3150,#3158,.T.);
#3158 = LINE('',#3159,#3160);
#3159 = CARTESIAN_POINT('',(-1.27,1.016,0.));
#3160 = VECTOR('',#3161,1.);
#3161 = DIRECTION('',(0.,-1.,0.));
#3162 = PLANE('',#3163);
#3163 = AXIS2_PLACEMENT_3D('',#3164,#3165,#3166);
#3164 = CARTESIAN_POINT('',(-1.27,1.016,0.));
#3165 = DIRECTION('',(1.,0.,0.));
#3166 = DIRECTION('',(0.,-1.,0.));
#3167 = ADVANCED_FACE('',(#3168,#3259,#3293),#3327,.F.);
#3168 = FACE_BOUND('',#3169,.F.);
#3169 = EDGE_LOOP('',(#3170,#3171,#3172,#3180,#3188,#3196,#3204,#3212,
    #3220,#3228,#3236,#3244,#3252,#3258));
#3170 = ORIENTED_EDGE('',*,*,#3095,.T.);
#3171 = ORIENTED_EDGE('',*,*,#3157,.T.);
#3172 = ORIENTED_EDGE('',*,*,#3173,.T.);
#3173 = EDGE_CURVE('',#3150,#3174,#3176,.T.);
#3174 = VERTEX_POINT('',#3175);
#3175 = CARTESIAN_POINT('',(-1.016,-1.27,0.));
#3176 = LINE('',#3177,#3178);
#3177 = CARTESIAN_POINT('',(-1.27,-1.016,0.));
#3178 = VECTOR('',#3179,1.);
#3179 = DIRECTION('',(0.707106781187,-0.707106781187,0.));
#3180 = ORIENTED_EDGE('',*,*,#3181,.T.);
#3181 = EDGE_CURVE('',#3174,#3182,#3184,.T.);
#3182 = VERTEX_POINT('',#3183);
#3183 = CARTESIAN_POINT('',(-1.27,-1.524,0.));
#3184 = LINE('',#3185,#3186);
#3185 = CARTESIAN_POINT('',(-1.016,-1.27,0.));
#3186 = VECTOR('',#3187,1.);
#3187 = DIRECTION('',(-0.707106781187,-0.707106781187,0.));
#3188 = ORIENTED_EDGE('',*,*,#3189,.T.);
#3189 = EDGE_CURVE('',#3182,#3190,#3192,.T.);
#3190 = VERTEX_POINT('',#3191);
#3191 = CARTESIAN_POINT('',(-1.27,-3.556,0.));
#3192 = LINE('',#3193,#3194);
#3193 = CARTESIAN_POINT('',(-1.27,-1.524,0.));
#3194 = VECTOR('',#3195,1.);
#3195 = DIRECTION('',(0.,-1.,0.));
#3196 = ORIENTED_EDGE('',*,*,#3197,.T.);
#3197 = EDGE_CURVE('',#3190,#3198,#3200,.T.);
#3198 = VERTEX_POINT('',#3199);
#3199 = CARTESIAN_POINT('',(-1.016,-3.81,0.));
#3200 = LINE('',#3201,#3202);
#3201 = CARTESIAN_POINT('',(-1.27,-3.556,0.));
#3202 = VECTOR('',#3203,1.);
#3203 = DIRECTION('',(0.707106781187,-0.707106781187,0.));
#3204 = ORIENTED_EDGE('',*,*,#3205,.T.);
#3205 = EDGE_CURVE('',#3198,#3206,#3208,.T.);
#3206 = VERTEX_POINT('',#3207);
#3207 = CARTESIAN_POINT('',(1.016,-3.81,0.));
#3208 = LINE('',#3209,#3210);
#3209 = CARTESIAN_POINT('',(-1.016,-3.81,0.));
#3210 = VECTOR('',#3211,1.);
#3211 = DIRECTION('',(1.,0.,0.));
#3212 = ORIENTED_EDGE('',*,*,#3213,.T.);
#3213 = EDGE_CURVE('',#3206,#3214,#3216,.T.);
#3214 = VERTEX_POINT('',#3215);
#3215 = CARTESIAN_POINT('',(1.27,-3.556,0.));
#3216 = LINE('',#3217,#3218);
#3217 = CARTESIAN_POINT('',(1.016,-3.81,0.));
#3218 = VECTOR('',#3219,1.);
#3219 = DIRECTION('',(0.707106781187,0.707106781187,0.));
#3220 = ORIENTED_EDGE('',*,*,#3221,.T.);
#3221 = EDGE_CURVE('',#3214,#3222,#3224,.T.);
#3222 = VERTEX_POINT('',#3223);
#3223 = CARTESIAN_POINT('',(1.27,-1.524,0.));
#3224 = LINE('',#3225,#3226);
#3225 = CARTESIAN_POINT('',(1.27,-3.556,0.));
#3226 = VECTOR('',#3227,1.);
#3227 = DIRECTION('',(0.,1.,0.));
#3228 = ORIENTED_EDGE('',*,*,#3229,.T.);
#3229 = EDGE_CURVE('',#3222,#3230,#3232,.T.);
#3230 = VERTEX_POINT('',#3231);
#3231 = CARTESIAN_POINT('',(1.016,-1.27,0.));
#3232 = LINE('',#3233,#3234);
#3233 = CARTESIAN_POINT('',(1.27,-1.524,0.));
#3234 = VECTOR('',#3235,1.);
#3235 = DIRECTION('',(-0.707106781187,0.707106781187,0.));
#3236 = ORIENTED_EDGE('',*,*,#3237,.T.);
#3237 = EDGE_CURVE('',#3230,#3238,#3240,.T.);
#3238 = VERTEX_POINT('',#3239);
#3239 = CARTESIAN_POINT('',(1.27,-1.016,0.));
#3240 = LINE('',#3241,#3242);
#3241 = CARTESIAN_POINT('',(1.016,-1.27,0.));
#3242 = VECTOR('',#3243,1.);
#3243 = DIRECTION('',(0.707106781187,0.707106781187,0.));
#3244 = ORIENTED_EDGE('',*,*,#3245,.T.);
#3245 = EDGE_CURVE('',#3238,#3246,#3248,.T.);
#3246 = VERTEX_POINT('',#3247);
#3247 = CARTESIAN_POINT('',(1.27,1.016,0.));
#3248 = LINE('',#3249,#3250);
#3249 = CARTESIAN_POINT('',(1.27,-1.016,0.));
#3250 = VECTOR('',#3251,1.);
#3251 = DIRECTION('',(0.,1.,0.));
#3252 = ORIENTED_EDGE('',*,*,#3253,.T.);
#3253 = EDGE_CURVE('',#3246,#3110,#3254,.T.);
#3254 = LINE('',#3255,#3256);
#3255 = CARTESIAN_POINT('',(1.27,1.016,0.));
#3256 = VECTOR('',#3257,1.);
#3257 = DIRECTION('',(-0.707106781187,0.707106781187,0.));
#3258 = ORIENTED_EDGE('',*,*,#3126,.T.);
#3259 = FACE_BOUND('',#3260,.F.);
#3260 = EDGE_LOOP('',(#3261,#3271,#3279,#3287));
#3261 = ORIENTED_EDGE('',*,*,#3262,.T.);
#3262 = EDGE_CURVE('',#3263,#3265,#3267,.T.);
#3263 = VERTEX_POINT('',#3264);
#3264 = CARTESIAN_POINT('',(0.32,-0.32,0.));
#3265 = VERTEX_POINT('',#3266);
#3266 = CARTESIAN_POINT('',(-0.32,-0.32,0.));
#3267 = LINE('',#3268,#3269);
#3268 = CARTESIAN_POINT('',(-0.16,-0.32,0.));
#3269 = VECTOR('',#3270,1.);
#3270 = DIRECTION('',(-1.,0.,0.));
#3271 = ORIENTED_EDGE('',*,*,#3272,.T.);
#3272 = EDGE_CURVE('',#3265,#3273,#3275,.T.);
#3273 = VERTEX_POINT('',#3274);
#3274 = CARTESIAN_POINT('',(-0.32,0.32,0.));
#3275 = LINE('',#3276,#3277);
#3276 = CARTESIAN_POINT('',(-0.32,-0.795,0.));
#3277 = VECTOR('',#3278,1.);
#3278 = DIRECTION('',(0.,1.,0.));
#3279 = ORIENTED_EDGE('',*,*,#3280,.F.);
#3280 = EDGE_CURVE('',#3281,#3273,#3283,.T.);
#3281 = VERTEX_POINT('',#3282);
#3282 = CARTESIAN_POINT('',(0.32,0.32,0.));
#3283 = LINE('',#3284,#3285);
#3284 = CARTESIAN_POINT('',(-0.16,0.32,0.));
#3285 = VECTOR('',#3286,1.);
#3286 = DIRECTION('',(-1.,0.,0.));
#3287 = ORIENTED_EDGE('',*,*,#3288,.F.);
#3288 = EDGE_CURVE('',#3263,#3281,#3289,.T.);
#3289 = LINE('',#3290,#3291);
#3290 = CARTESIAN_POINT('',(0.32,-0.795,0.));
#3291 = VECTOR('',#3292,1.);
#3292 = DIRECTION('',(0.,1.,0.));
#3293 = FACE_BOUND('',#3294,.F.);
#3294 = EDGE_LOOP('',(#3295,#3305,#3313,#3321));
#3295 = ORIENTED_EDGE('',*,*,#3296,.T.);
#3296 = EDGE_CURVE('',#3297,#3299,#3301,.T.);
#3297 = VERTEX_POINT('',#3298);
#3298 = CARTESIAN_POINT('',(0.32,-2.86,0.));
#3299 = VERTEX_POINT('',#3300);
#3300 = CARTESIAN_POINT('',(-0.32,-2.86,0.));
#3301 = LINE('',#3302,#3303);
#3302 = CARTESIAN_POINT('',(-0.16,-2.86,0.));
#3303 = VECTOR('',#3304,1.);
#3304 = DIRECTION('',(-1.,0.,0.));
#3305 = ORIENTED_EDGE('',*,*,#3306,.T.);
#3306 = EDGE_CURVE('',#3299,#3307,#3309,.T.);
#3307 = VERTEX_POINT('',#3308);
#3308 = CARTESIAN_POINT('',(-0.32,-2.22,0.));
#3309 = LINE('',#3310,#3311);
#3310 = CARTESIAN_POINT('',(-0.32,-2.065,0.));
#3311 = VECTOR('',#3312,1.);
#3312 = DIRECTION('',(0.,1.,0.));
#3313 = ORIENTED_EDGE('',*,*,#3314,.F.);
#3314 = EDGE_CURVE('',#3315,#3307,#3317,.T.);
#3315 = VERTEX_POINT('',#3316);
#3316 = CARTESIAN_POINT('',(0.32,-2.22,0.));
#3317 = LINE('',#3318,#3319);
#3318 = CARTESIAN_POINT('',(-0.16,-2.22,0.));
#3319 = VECTOR('',#3320,1.);
#3320 = DIRECTION('',(-1.,0.,0.));
#3321 = ORIENTED_EDGE('',*,*,#3322,.F.);
#3322 = EDGE_CURVE('',#3297,#3315,#3323,.T.);
#3323 = LINE('',#3324,#3325);
#3324 = CARTESIAN_POINT('',(0.32,-2.065,0.));
#3325 = VECTOR('',#3326,1.);
#3326 = DIRECTION('',(0.,1.,0.));
#3327 = PLANE('',#3328);
#3328 = AXIS2_PLACEMENT_3D('',#3329,#3330,#3331);
#3329 = CARTESIAN_POINT('',(1.473843703412E-17,-1.27,0.));
#3330 = DIRECTION('',(0.,0.,1.));
#3331 = DIRECTION('',(1.,0.,-0.));
#3332 = ADVANCED_FACE('',(#3333,#3424,#3458),#3492,.T.);
#3333 = FACE_BOUND('',#3334,.T.);
#3334 = EDGE_LOOP('',(#3335,#3336,#3337,#3345,#3353,#3361,#3369,#3377,
    #3385,#3393,#3401,#3409,#3417,#3423));
#3335 = ORIENTED_EDGE('',*,*,#3079,.T.);
#3336 = ORIENTED_EDGE('',*,*,#3141,.T.);
#3337 = ORIENTED_EDGE('',*,*,#3338,.T.);
#3338 = EDGE_CURVE('',#3142,#3339,#3341,.T.);
#3339 = VERTEX_POINT('',#3340);
#3340 = CARTESIAN_POINT('',(-1.016,-1.27,2.54));
#3341 = LINE('',#3342,#3343);
#3342 = CARTESIAN_POINT('',(-1.27,-1.016,2.54));
#3343 = VECTOR('',#3344,1.);
#3344 = DIRECTION('',(0.707106781187,-0.707106781187,0.));
#3345 = ORIENTED_EDGE('',*,*,#3346,.T.);
#3346 = EDGE_CURVE('',#3339,#3347,#3349,.T.);
#3347 = VERTEX_POINT('',#3348);
#3348 = CARTESIAN_POINT('',(-1.27,-1.524,2.54));
#3349 = LINE('',#3350,#3351);
#3350 = CARTESIAN_POINT('',(-1.016,-1.27,2.54));
#3351 = VECTOR('',#3352,1.);
#3352 = DIRECTION('',(-0.707106781187,-0.707106781187,0.));
#3353 = ORIENTED_EDGE('',*,*,#3354,.T.);
#3354 = EDGE_CURVE('',#3347,#3355,#3357,.T.);
#3355 = VERTEX_POINT('',#3356);
#3356 = CARTESIAN_POINT('',(-1.27,-3.556,2.54));
#3357 = LINE('',#3358,#3359);
#3358 = CARTESIAN_POINT('',(-1.27,-1.524,2.54));
#3359 = VECTOR('',#3360,1.);
#3360 = DIRECTION('',(0.,-1.,0.));
#3361 = ORIENTED_EDGE('',*,*,#3362,.T.);
#3362 = EDGE_CURVE('',#3355,#3363,#3365,.T.);
#3363 = VERTEX_POINT('',#3364);
#3364 = CARTESIAN_POINT('',(-1.016,-3.81,2.54));
#3365 = LINE('',#3366,#3367);
#3366 = CARTESIAN_POINT('',(-1.27,-3.556,2.54));
#3367 = VECTOR('',#3368,1.);
#3368 = DIRECTION('',(0.707106781187,-0.707106781187,0.));
#3369 = ORIENTED_EDGE('',*,*,#3370,.T.);
#3370 = EDGE_CURVE('',#3363,#3371,#3373,.T.);
#3371 = VERTEX_POINT('',#3372);
#3372 = CARTESIAN_POINT('',(1.016,-3.81,2.54));
#3373 = LINE('',#3374,#3375);
#3374 = CARTESIAN_POINT('',(-1.016,-3.81,2.54));
#3375 = VECTOR('',#3376,1.);
#3376 = DIRECTION('',(1.,0.,0.));
#3377 = ORIENTED_EDGE('',*,*,#3378,.T.);
#3378 = EDGE_CURVE('',#3371,#3379,#3381,.T.);
#3379 = VERTEX_POINT('',#3380);
#3380 = CARTESIAN_POINT('',(1.27,-3.556,2.54));
#3381 = LINE('',#3382,#3383);
#3382 = CARTESIAN_POINT('',(1.016,-3.81,2.54));
#3383 = VECTOR('',#3384,1.);
#3384 = DIRECTION('',(0.707106781187,0.707106781187,0.));
#3385 = ORIENTED_EDGE('',*,*,#3386,.T.);
#3386 = EDGE_CURVE('',#3379,#3387,#3389,.T.);
#3387 = VERTEX_POINT('',#3388);
#3388 = CARTESIAN_POINT('',(1.27,-1.524,2.54));
#3389 = LINE('',#3390,#3391);
#3390 = CARTESIAN_POINT('',(1.27,-3.556,2.54));
#3391 = VECTOR('',#3392,1.);
#3392 = DIRECTION('',(0.,1.,0.));
#3393 = ORIENTED_EDGE('',*,*,#3394,.T.);
#3394 = EDGE_CURVE('',#3387,#3395,#3397,.T.);
#3395 = VERTEX_POINT('',#3396);
#3396 = CARTESIAN_POINT('',(1.016,-1.27,2.54));
#3397 = LINE('',#3398,#3399);
#3398 = CARTESIAN_POINT('',(1.27,-1.524,2.54));
#3399 = VECTOR('',#3400,1.);
#3400 = DIRECTION('',(-0.707106781187,0.707106781187,0.));
#3401 = ORIENTED_EDGE('',*,*,#3402,.T.);
#3402 = EDGE_CURVE('',#3395,#3403,#3405,.T.);
#3403 = VERTEX_POINT('',#3404);
#3404 = CARTESIAN_POINT('',(1.27,-1.016,2.54));
#3405 = LINE('',#3406,#3407);
#3406 = CARTESIAN_POINT('',(1.016,-1.27,2.54));
#3407 = VECTOR('',#3408,1.);
#3408 = DIRECTION('',(0.707106781187,0.707106781187,0.));
#3409 = ORIENTED_EDGE('',*,*,#3410,.T.);
#3410 = EDGE_CURVE('',#3403,#3411,#3413,.T.);
#3411 = VERTEX_POINT('',#3412);
#3412 = CARTESIAN_POINT('',(1.27,1.016,2.54));
#3413 = LINE('',#3414,#3415);
#3414 = CARTESIAN_POINT('',(1.27,-1.016,2.54));
#3415 = VECTOR('',#3416,1.);
#3416 = DIRECTION('',(0.,1.,0.));
#3417 = ORIENTED_EDGE('',*,*,#3418,.T.);
#3418 = EDGE_CURVE('',#3411,#3112,#3419,.T.);
#3419 = LINE('',#3420,#3421);
#3420 = CARTESIAN_POINT('',(1.27,1.016,2.54));
#3421 = VECTOR('',#3422,1.);
#3422 = DIRECTION('',(-0.707106781187,0.707106781187,0.));
#3423 = ORIENTED_EDGE('',*,*,#3119,.T.);
#3424 = FACE_BOUND('',#3425,.T.);
#3425 = EDGE_LOOP('',(#3426,#3436,#3444,#3452));
#3426 = ORIENTED_EDGE('',*,*,#3427,.T.);
#3427 = EDGE_CURVE('',#3428,#3430,#3432,.T.);
#3428 = VERTEX_POINT('',#3429);
#3429 = CARTESIAN_POINT('',(0.32,-0.32,2.54));
#3430 = VERTEX_POINT('',#3431);
#3431 = CARTESIAN_POINT('',(-0.32,-0.32,2.54));
#3432 = LINE('',#3433,#3434);
#3433 = CARTESIAN_POINT('',(-0.16,-0.32,2.54));
#3434 = VECTOR('',#3435,1.);
#3435 = DIRECTION('',(-1.,0.,0.));
#3436 = ORIENTED_EDGE('',*,*,#3437,.T.);
#3437 = EDGE_CURVE('',#3430,#3438,#3440,.T.);
#3438 = VERTEX_POINT('',#3439);
#3439 = CARTESIAN_POINT('',(-0.32,0.32,2.54));
#3440 = LINE('',#3441,#3442);
#3441 = CARTESIAN_POINT('',(-0.32,-0.795,2.54));
#3442 = VECTOR('',#3443,1.);
#3443 = DIRECTION('',(0.,1.,0.));
#3444 = ORIENTED_EDGE('',*,*,#3445,.F.);
#3445 = EDGE_CURVE('',#3446,#3438,#3448,.T.);
#3446 = VERTEX_POINT('',#3447);
#3447 = CARTESIAN_POINT('',(0.32,0.32,2.54));
#3448 = LINE('',#3449,#3450);
#3449 = CARTESIAN_POINT('',(-0.16,0.32,2.54));
#3450 = VECTOR('',#3451,1.);
#3451 = DIRECTION('',(-1.,0.,0.));
#3452 = ORIENTED_EDGE('',*,*,#3453,.F.);
#3453 = EDGE_CURVE('',#3428,#3446,#3454,.T.);
#3454 = LINE('',#3455,#3456);
#3455 = CARTESIAN_POINT('',(0.32,-0.795,2.54));
#3456 = VECTOR('',#3457,1.);
#3457 = DIRECTION('',(0.,1.,0.));
#3458 = FACE_BOUND('',#3459,.T.);
#3459 = EDGE_LOOP('',(#3460,#3470,#3478,#3486));
#3460 = ORIENTED_EDGE('',*,*,#3461,.T.);
#3461 = EDGE_CURVE('',#3462,#3464,#3466,.T.);
#3462 = VERTEX_POINT('',#3463);
#3463 = CARTESIAN_POINT('',(0.32,-2.86,2.54));
#3464 = VERTEX_POINT('',#3465);
#3465 = CARTESIAN_POINT('',(-0.32,-2.86,2.54));
#3466 = LINE('',#3467,#3468);
#3467 = CARTESIAN_POINT('',(-0.16,-2.86,2.54));
#3468 = VECTOR('',#3469,1.);
#3469 = DIRECTION('',(-1.,0.,0.));
#3470 = ORIENTED_EDGE('',*,*,#3471,.T.);
#3471 = EDGE_CURVE('',#3464,#3472,#3474,.T.);
#3472 = VERTEX_POINT('',#3473);
#3473 = CARTESIAN_POINT('',(-0.32,-2.22,2.54));
#3474 = LINE('',#3475,#3476);
#3475 = CARTESIAN_POINT('',(-0.32,-2.065,2.54));
#3476 = VECTOR('',#3477,1.);
#3477 = DIRECTION('',(0.,1.,0.));
#3478 = ORIENTED_EDGE('',*,*,#3479,.F.);
#3479 = EDGE_CURVE('',#3480,#3472,#3482,.T.);
#3480 = VERTEX_POINT('',#3481);
#3481 = CARTESIAN_POINT('',(0.32,-2.22,2.54));
#3482 = LINE('',#3483,#3484);
#3483 = CARTESIAN_POINT('',(-0.16,-2.22,2.54));
#3484 = VECTOR('',#3485,1.);
#3485 = DIRECTION('',(-1.,0.,0.));
#3486 = ORIENTED_EDGE('',*,*,#3487,.F.);
#3487 = EDGE_CURVE('',#3462,#3480,#3488,.T.);
#3488 = LINE('',#3489,#3490);
#3489 = CARTESIAN_POINT('',(0.32,-2.065,2.54));
#3490 = VECTOR('',#3491,1.);
#3491 = DIRECTION('',(0.,1.,0.));
#3492 = PLANE('',#3493);
#3493 = AXIS2_PLACEMENT_3D('',#3494,#3495,#3496);
#3494 = CARTESIAN_POINT('',(1.473843703412E-17,-1.27,2.54));
#3495 = DIRECTION('',(0.,0.,1.));
#3496 = DIRECTION('',(1.,0.,-0.));
#3497 = ADVANCED_FACE('',(#3498),#3509,.F.);
#3498 = FACE_BOUND('',#3499,.F.);
#3499 = EDGE_LOOP('',(#3500,#3506,#3507,#3508));
#3500 = ORIENTED_EDGE('',*,*,#3501,.T.);
#3501 = EDGE_CURVE('',#3246,#3411,#3502,.T.);
#3502 = LINE('',#3503,#3504);
#3503 = CARTESIAN_POINT('',(1.27,1.016,0.));
#3504 = VECTOR('',#3505,1.);
#3505 = DIRECTION('',(0.,0.,1.));
#3506 = ORIENTED_EDGE('',*,*,#3418,.T.);
#3507 = ORIENTED_EDGE('',*,*,#3109,.F.);
#3508 = ORIENTED_EDGE('',*,*,#3253,.F.);
#3509 = PLANE('',#3510);
#3510 = AXIS2_PLACEMENT_3D('',#3511,#3512,#3513);
#3511 = CARTESIAN_POINT('',(1.27,1.016,0.));
#3512 = DIRECTION('',(-0.707106781187,-0.707106781187,0.));
#3513 = DIRECTION('',(-0.707106781187,0.707106781187,0.));
#3514 = ADVANCED_FACE('',(#3515),#3526,.F.);
#3515 = FACE_BOUND('',#3516,.F.);
#3516 = EDGE_LOOP('',(#3517,#3518,#3519,#3525));
#3517 = ORIENTED_EDGE('',*,*,#3149,.T.);
#3518 = ORIENTED_EDGE('',*,*,#3338,.T.);
#3519 = ORIENTED_EDGE('',*,*,#3520,.F.);
#3520 = EDGE_CURVE('',#3174,#3339,#3521,.T.);
#3521 = LINE('',#3522,#3523);
#3522 = CARTESIAN_POINT('',(-1.016,-1.27,0.));
#3523 = VECTOR('',#3524,1.);
#3524 = DIRECTION('',(0.,0.,1.));
#3525 = ORIENTED_EDGE('',*,*,#3173,.F.);
#3526 = PLANE('',#3527);
#3527 = AXIS2_PLACEMENT_3D('',#3528,#3529,#3530);
#3528 = CARTESIAN_POINT('',(-1.27,-1.016,0.));
#3529 = DIRECTION('',(0.707106781187,0.707106781187,0.));
#3530 = DIRECTION('',(0.707106781187,-0.707106781187,0.));
#3531 = ADVANCED_FACE('',(#3532),#3543,.F.);
#3532 = FACE_BOUND('',#3533,.F.);
#3533 = EDGE_LOOP('',(#3534,#3540,#3541,#3542));
#3534 = ORIENTED_EDGE('',*,*,#3535,.T.);
#3535 = EDGE_CURVE('',#3238,#3403,#3536,.T.);
#3536 = LINE('',#3537,#3538);
#3537 = CARTESIAN_POINT('',(1.27,-1.016,0.));
#3538 = VECTOR('',#3539,1.);
#3539 = DIRECTION('',(0.,0.,1.));
#3540 = ORIENTED_EDGE('',*,*,#3410,.T.);
#3541 = ORIENTED_EDGE('',*,*,#3501,.F.);
#3542 = ORIENTED_EDGE('',*,*,#3245,.F.);
#3543 = PLANE('',#3544);
#3544 = AXIS2_PLACEMENT_3D('',#3545,#3546,#3547);
#3545 = CARTESIAN_POINT('',(1.27,-1.016,0.));
#3546 = DIRECTION('',(-1.,0.,0.));
#3547 = DIRECTION('',(0.,1.,0.));
#3548 = ADVANCED_FACE('',(#3549),#3560,.F.);
#3549 = FACE_BOUND('',#3550,.F.);
#3550 = EDGE_LOOP('',(#3551,#3552,#3553,#3559));
#3551 = ORIENTED_EDGE('',*,*,#3520,.T.);
#3552 = ORIENTED_EDGE('',*,*,#3346,.T.);
#3553 = ORIENTED_EDGE('',*,*,#3554,.F.);
#3554 = EDGE_CURVE('',#3182,#3347,#3555,.T.);
#3555 = LINE('',#3556,#3557);
#3556 = CARTESIAN_POINT('',(-1.27,-1.524,0.));
#3557 = VECTOR('',#3558,1.);
#3558 = DIRECTION('',(0.,0.,1.));
#3559 = ORIENTED_EDGE('',*,*,#3181,.F.);
#3560 = PLANE('',#3561);
#3561 = AXIS2_PLACEMENT_3D('',#3562,#3563,#3564);
#3562 = CARTESIAN_POINT('',(-1.016,-1.27,0.));
#3563 = DIRECTION('',(0.707106781187,-0.707106781187,0.));
#3564 = DIRECTION('',(-0.707106781187,-0.707106781187,0.));
#3565 = ADVANCED_FACE('',(#3566),#3577,.F.);
#3566 = FACE_BOUND('',#3567,.F.);
#3567 = EDGE_LOOP('',(#3568,#3574,#3575,#3576));
#3568 = ORIENTED_EDGE('',*,*,#3569,.T.);
#3569 = EDGE_CURVE('',#3230,#3395,#3570,.T.);
#3570 = LINE('',#3571,#3572);
#3571 = CARTESIAN_POINT('',(1.016,-1.27,0.));
#3572 = VECTOR('',#3573,1.);
#3573 = DIRECTION('',(0.,0.,1.));
#3574 = ORIENTED_EDGE('',*,*,#3402,.T.);
#3575 = ORIENTED_EDGE('',*,*,#3535,.F.);
#3576 = ORIENTED_EDGE('',*,*,#3237,.F.);
#3577 = PLANE('',#3578);
#3578 = AXIS2_PLACEMENT_3D('',#3579,#3580,#3581);
#3579 = CARTESIAN_POINT('',(1.016,-1.27,0.));
#3580 = DIRECTION('',(-0.707106781187,0.707106781187,0.));
#3581 = DIRECTION('',(0.707106781187,0.707106781187,0.));
#3582 = ADVANCED_FACE('',(#3583),#3594,.F.);
#3583 = FACE_BOUND('',#3584,.F.);
#3584 = EDGE_LOOP('',(#3585,#3586,#3587,#3593));
#3585 = ORIENTED_EDGE('',*,*,#3554,.T.);
#3586 = ORIENTED_EDGE('',*,*,#3354,.T.);
#3587 = ORIENTED_EDGE('',*,*,#3588,.F.);
#3588 = EDGE_CURVE('',#3190,#3355,#3589,.T.);
#3589 = LINE('',#3590,#3591);
#3590 = CARTESIAN_POINT('',(-1.27,-3.556,0.));
#3591 = VECTOR('',#3592,1.);
#3592 = DIRECTION('',(0.,0.,1.));
#3593 = ORIENTED_EDGE('',*,*,#3189,.F.);
#3594 = PLANE('',#3595);
#3595 = AXIS2_PLACEMENT_3D('',#3596,#3597,#3598);
#3596 = CARTESIAN_POINT('',(-1.27,-1.524,0.));
#3597 = DIRECTION('',(1.,0.,0.));
#3598 = DIRECTION('',(0.,-1.,0.));
#3599 = ADVANCED_FACE('',(#3600),#3611,.F.);
#3600 = FACE_BOUND('',#3601,.F.);
#3601 = EDGE_LOOP('',(#3602,#3608,#3609,#3610));
#3602 = ORIENTED_EDGE('',*,*,#3603,.T.);
#3603 = EDGE_CURVE('',#3222,#3387,#3604,.T.);
#3604 = LINE('',#3605,#3606);
#3605 = CARTESIAN_POINT('',(1.27,-1.524,0.));
#3606 = VECTOR('',#3607,1.);
#3607 = DIRECTION('',(0.,0.,1.));
#3608 = ORIENTED_EDGE('',*,*,#3394,.T.);
#3609 = ORIENTED_EDGE('',*,*,#3569,.F.);
#3610 = ORIENTED_EDGE('',*,*,#3229,.F.);
#3611 = PLANE('',#3612);
#3612 = AXIS2_PLACEMENT_3D('',#3613,#3614,#3615);
#3613 = CARTESIAN_POINT('',(1.27,-1.524,0.));
#3614 = DIRECTION('',(-0.707106781187,-0.707106781187,0.));
#3615 = DIRECTION('',(-0.707106781187,0.707106781187,0.));
#3616 = ADVANCED_FACE('',(#3617),#3628,.F.);
#3617 = FACE_BOUND('',#3618,.F.);
#3618 = EDGE_LOOP('',(#3619,#3620,#3621,#3627));
#3619 = ORIENTED_EDGE('',*,*,#3588,.T.);
#3620 = ORIENTED_EDGE('',*,*,#3362,.T.);
#3621 = ORIENTED_EDGE('',*,*,#3622,.F.);
#3622 = EDGE_CURVE('',#3198,#3363,#3623,.T.);
#3623 = LINE('',#3624,#3625);
#3624 = CARTESIAN_POINT('',(-1.016,-3.81,0.));
#3625 = VECTOR('',#3626,1.);
#3626 = DIRECTION('',(0.,0.,1.));
#3627 = ORIENTED_EDGE('',*,*,#3197,.F.);
#3628 = PLANE('',#3629);
#3629 = AXIS2_PLACEMENT_3D('',#3630,#3631,#3632);
#3630 = CARTESIAN_POINT('',(-1.27,-3.556,0.));
#3631 = DIRECTION('',(0.707106781187,0.707106781187,0.));
#3632 = DIRECTION('',(0.707106781187,-0.707106781187,0.));
#3633 = ADVANCED_FACE('',(#3634),#3645,.F.);
#3634 = FACE_BOUND('',#3635,.F.);
#3635 = EDGE_LOOP('',(#3636,#3642,#3643,#3644));
#3636 = ORIENTED_EDGE('',*,*,#3637,.T.);
#3637 = EDGE_CURVE('',#3214,#3379,#3638,.T.);
#3638 = LINE('',#3639,#3640);
#3639 = CARTESIAN_POINT('',(1.27,-3.556,0.));
#3640 = VECTOR('',#3641,1.);
#3641 = DIRECTION('',(0.,0.,1.));
#3642 = ORIENTED_EDGE('',*,*,#3386,.T.);
#3643 = ORIENTED_EDGE('',*,*,#3603,.F.);
#3644 = ORIENTED_EDGE('',*,*,#3221,.F.);
#3645 = PLANE('',#3646);
#3646 = AXIS2_PLACEMENT_3D('',#3647,#3648,#3649);
#3647 = CARTESIAN_POINT('',(1.27,-3.556,0.));
#3648 = DIRECTION('',(-1.,0.,0.));
#3649 = DIRECTION('',(0.,1.,0.));
#3650 = ADVANCED_FACE('',(#3651),#3662,.F.);
#3651 = FACE_BOUND('',#3652,.F.);
#3652 = EDGE_LOOP('',(#3653,#3654,#3655,#3661));
#3653 = ORIENTED_EDGE('',*,*,#3622,.T.);
#3654 = ORIENTED_EDGE('',*,*,#3370,.T.);
#3655 = ORIENTED_EDGE('',*,*,#3656,.F.);
#3656 = EDGE_CURVE('',#3206,#3371,#3657,.T.);
#3657 = LINE('',#3658,#3659);
#3658 = CARTESIAN_POINT('',(1.016,-3.81,0.));
#3659 = VECTOR('',#3660,1.);
#3660 = DIRECTION('',(0.,0.,1.));
#3661 = ORIENTED_EDGE('',*,*,#3205,.F.);
#3662 = PLANE('',#3663);
#3663 = AXIS2_PLACEMENT_3D('',#3664,#3665,#3666);
#3664 = CARTESIAN_POINT('',(-1.016,-3.81,0.));
#3665 = DIRECTION('',(0.,1.,0.));
#3666 = DIRECTION('',(1.,0.,0.));
#3667 = ADVANCED_FACE('',(#3668),#3674,.F.);
#3668 = FACE_BOUND('',#3669,.F.);
#3669 = EDGE_LOOP('',(#3670,#3671,#3672,#3673));
#3670 = ORIENTED_EDGE('',*,*,#3656,.T.);
#3671 = ORIENTED_EDGE('',*,*,#3378,.T.);
#3672 = ORIENTED_EDGE('',*,*,#3637,.F.);
#3673 = ORIENTED_EDGE('',*,*,#3213,.F.);
#3674 = PLANE('',#3675);
#3675 = AXIS2_PLACEMENT_3D('',#3676,#3677,#3678);
#3676 = CARTESIAN_POINT('',(1.016,-3.81,0.));
#3677 = DIRECTION('',(-0.707106781187,0.707106781187,0.));
#3678 = DIRECTION('',(0.707106781187,0.707106781187,0.));
#3679 = ADVANCED_FACE('',(#3680),#3705,.F.);
#3680 = FACE_BOUND('',#3681,.F.);
#3681 = EDGE_LOOP('',(#3682,#3690,#3698,#3704));
#3682 = ORIENTED_EDGE('',*,*,#3683,.F.);
#3683 = EDGE_CURVE('',#3684,#3263,#3686,.T.);
#3684 = VERTEX_POINT('',#3685);
#3685 = CARTESIAN_POINT('',(0.32,-0.32,-2.84));
#3686 = LINE('',#3687,#3688);
#3687 = CARTESIAN_POINT('',(0.32,-0.32,-3.));
#3688 = VECTOR('',#3689,1.);
#3689 = DIRECTION('',(0.,0.,1.));
#3690 = ORIENTED_EDGE('',*,*,#3691,.F.);
#3691 = EDGE_CURVE('',#3692,#3684,#3694,.T.);
#3692 = VERTEX_POINT('',#3693);
#3693 = CARTESIAN_POINT('',(-0.32,-0.32,-2.84));
#3694 = LINE('',#3695,#3696);
#3695 = CARTESIAN_POINT('',(-0.32,-0.32,-2.84));
#3696 = VECTOR('',#3697,1.);
#3697 = DIRECTION('',(1.,0.,0.));
#3698 = ORIENTED_EDGE('',*,*,#3699,.T.);
#3699 = EDGE_CURVE('',#3692,#3265,#3700,.T.);
#3700 = LINE('',#3701,#3702);
#3701 = CARTESIAN_POINT('',(-0.32,-0.32,-3.));
#3702 = VECTOR('',#3703,1.);
#3703 = DIRECTION('',(0.,0.,1.));
#3704 = ORIENTED_EDGE('',*,*,#3262,.F.);
#3705 = PLANE('',#3706);
#3706 = AXIS2_PLACEMENT_3D('',#3707,#3708,#3709);
#3707 = CARTESIAN_POINT('',(-0.32,-0.32,-3.));
#3708 = DIRECTION('',(0.,1.,0.));
#3709 = DIRECTION('',(0.,-0.,1.));
#3710 = ADVANCED_FACE('',(#3711),#3729,.T.);
#3711 = FACE_BOUND('',#3712,.T.);
#3712 = EDGE_LOOP('',(#3713,#3714,#3722,#3728));
#3713 = ORIENTED_EDGE('',*,*,#3683,.F.);
#3714 = ORIENTED_EDGE('',*,*,#3715,.T.);
#3715 = EDGE_CURVE('',#3684,#3716,#3718,.T.);
#3716 = VERTEX_POINT('',#3717);
#3717 = CARTESIAN_POINT('',(0.32,0.32,-2.84));
#3718 = LINE('',#3719,#3720);
#3719 = CARTESIAN_POINT('',(0.32,-0.32,-2.84));
#3720 = VECTOR('',#3721,1.);
#3721 = DIRECTION('',(0.,1.,0.));
#3722 = ORIENTED_EDGE('',*,*,#3723,.T.);
#3723 = EDGE_CURVE('',#3716,#3281,#3724,.T.);
#3724 = LINE('',#3725,#3726);
#3725 = CARTESIAN_POINT('',(0.32,0.32,-3.));
#3726 = VECTOR('',#3727,1.);
#3727 = DIRECTION('',(0.,0.,1.));
#3728 = ORIENTED_EDGE('',*,*,#3288,.F.);
#3729 = PLANE('',#3730);
#3730 = AXIS2_PLACEMENT_3D('',#3731,#3732,#3733);
#3731 = CARTESIAN_POINT('',(0.32,-0.32,-3.));
#3732 = DIRECTION('',(1.,0.,0.));
#3733 = DIRECTION('',(0.,0.,1.));
#3734 = ADVANCED_FACE('',(#3735),#3753,.T.);
#3735 = FACE_BOUND('',#3736,.T.);
#3736 = EDGE_LOOP('',(#3737,#3738,#3746,#3752));
#3737 = ORIENTED_EDGE('',*,*,#3723,.F.);
#3738 = ORIENTED_EDGE('',*,*,#3739,.F.);
#3739 = EDGE_CURVE('',#3740,#3716,#3742,.T.);
#3740 = VERTEX_POINT('',#3741);
#3741 = CARTESIAN_POINT('',(-0.32,0.32,-2.84));
#3742 = LINE('',#3743,#3744);
#3743 = CARTESIAN_POINT('',(-0.32,0.32,-2.84));
#3744 = VECTOR('',#3745,1.);
#3745 = DIRECTION('',(1.,0.,0.));
#3746 = ORIENTED_EDGE('',*,*,#3747,.T.);
#3747 = EDGE_CURVE('',#3740,#3273,#3748,.T.);
#3748 = LINE('',#3749,#3750);
#3749 = CARTESIAN_POINT('',(-0.32,0.32,-3.));
#3750 = VECTOR('',#3751,1.);
#3751 = DIRECTION('',(0.,0.,1.));
#3752 = ORIENTED_EDGE('',*,*,#3280,.F.);
#3753 = PLANE('',#3754);
#3754 = AXIS2_PLACEMENT_3D('',#3755,#3756,#3757);
#3755 = CARTESIAN_POINT('',(-0.32,0.32,-3.));
#3756 = DIRECTION('',(0.,1.,0.));
#3757 = DIRECTION('',(0.,-0.,1.));
#3758 = ADVANCED_FACE('',(#3759),#3770,.F.);
#3759 = FACE_BOUND('',#3760,.F.);
#3760 = EDGE_LOOP('',(#3761,#3762,#3768,#3769));
#3761 = ORIENTED_EDGE('',*,*,#3699,.F.);
#3762 = ORIENTED_EDGE('',*,*,#3763,.T.);
#3763 = EDGE_CURVE('',#3692,#3740,#3764,.T.);
#3764 = LINE('',#3765,#3766);
#3765 = CARTESIAN_POINT('',(-0.32,-0.32,-2.84));
#3766 = VECTOR('',#3767,1.);
#3767 = DIRECTION('',(0.,1.,0.));
#3768 = ORIENTED_EDGE('',*,*,#3747,.T.);
#3769 = ORIENTED_EDGE('',*,*,#3272,.F.);
#3770 = PLANE('',#3771);
#3771 = AXIS2_PLACEMENT_3D('',#3772,#3773,#3774);
#3772 = CARTESIAN_POINT('',(-0.32,-0.32,-3.));
#3773 = DIRECTION('',(1.,0.,0.));
#3774 = DIRECTION('',(0.,0.,1.));
#3775 = ADVANCED_FACE('',(#3776),#3801,.F.);
#3776 = FACE_BOUND('',#3777,.F.);
#3777 = EDGE_LOOP('',(#3778,#3786,#3794,#3800));
#3778 = ORIENTED_EDGE('',*,*,#3779,.F.);
#3779 = EDGE_CURVE('',#3780,#3297,#3782,.T.);
#3780 = VERTEX_POINT('',#3781);
#3781 = CARTESIAN_POINT('',(0.32,-2.86,-2.84));
#3782 = LINE('',#3783,#3784);
#3783 = CARTESIAN_POINT('',(0.32,-2.86,-3.));
#3784 = VECTOR('',#3785,1.);
#3785 = DIRECTION('',(0.,0.,1.));
#3786 = ORIENTED_EDGE('',*,*,#3787,.F.);
#3787 = EDGE_CURVE('',#3788,#3780,#3790,.T.);
#3788 = VERTEX_POINT('',#3789);
#3789 = CARTESIAN_POINT('',(-0.32,-2.86,-2.84));
#3790 = LINE('',#3791,#3792);
#3791 = CARTESIAN_POINT('',(-0.32,-2.86,-2.84));
#3792 = VECTOR('',#3793,1.);
#3793 = DIRECTION('',(1.,0.,0.));
#3794 = ORIENTED_EDGE('',*,*,#3795,.T.);
#3795 = EDGE_CURVE('',#3788,#3299,#3796,.T.);
#3796 = LINE('',#3797,#3798);
#3797 = CARTESIAN_POINT('',(-0.32,-2.86,-3.));
#3798 = VECTOR('',#3799,1.);
#3799 = DIRECTION('',(0.,0.,1.));
#3800 = ORIENTED_EDGE('',*,*,#3296,.F.);
#3801 = PLANE('',#3802);
#3802 = AXIS2_PLACEMENT_3D('',#3803,#3804,#3805);
#3803 = CARTESIAN_POINT('',(-0.32,-2.86,-3.));
#3804 = DIRECTION('',(0.,1.,0.));
#3805 = DIRECTION('',(0.,-0.,1.));
#3806 = ADVANCED_FACE('',(#3807),#3825,.T.);
#3807 = FACE_BOUND('',#3808,.T.);
#3808 = EDGE_LOOP('',(#3809,#3810,#3818,#3824));
#3809 = ORIENTED_EDGE('',*,*,#3779,.F.);
#3810 = ORIENTED_EDGE('',*,*,#3811,.T.);
#3811 = EDGE_CURVE('',#3780,#3812,#3814,.T.);
#3812 = VERTEX_POINT('',#3813);
#3813 = CARTESIAN_POINT('',(0.32,-2.22,-2.84));
#3814 = LINE('',#3815,#3816);
#3815 = CARTESIAN_POINT('',(0.32,-2.86,-2.84));
#3816 = VECTOR('',#3817,1.);
#3817 = DIRECTION('',(0.,1.,0.));
#3818 = ORIENTED_EDGE('',*,*,#3819,.T.);
#3819 = EDGE_CURVE('',#3812,#3315,#3820,.T.);
#3820 = LINE('',#3821,#3822);
#3821 = CARTESIAN_POINT('',(0.32,-2.22,-3.));
#3822 = VECTOR('',#3823,1.);
#3823 = DIRECTION('',(0.,0.,1.));
#3824 = ORIENTED_EDGE('',*,*,#3322,.F.);
#3825 = PLANE('',#3826);
#3826 = AXIS2_PLACEMENT_3D('',#3827,#3828,#3829);
#3827 = CARTESIAN_POINT('',(0.32,-2.86,-3.));
#3828 = DIRECTION('',(1.,0.,0.));
#3829 = DIRECTION('',(0.,0.,1.));
#3830 = ADVANCED_FACE('',(#3831),#3849,.T.);
#3831 = FACE_BOUND('',#3832,.T.);
#3832 = EDGE_LOOP('',(#3833,#3834,#3842,#3848));
#3833 = ORIENTED_EDGE('',*,*,#3819,.F.);
#3834 = ORIENTED_EDGE('',*,*,#3835,.F.);
#3835 = EDGE_CURVE('',#3836,#3812,#3838,.T.);
#3836 = VERTEX_POINT('',#3837);
#3837 = CARTESIAN_POINT('',(-0.32,-2.22,-2.84));
#3838 = LINE('',#3839,#3840);
#3839 = CARTESIAN_POINT('',(-0.32,-2.22,-2.84));
#3840 = VECTOR('',#3841,1.);
#3841 = DIRECTION('',(1.,0.,0.));
#3842 = ORIENTED_EDGE('',*,*,#3843,.T.);
#3843 = EDGE_CURVE('',#3836,#3307,#3844,.T.);
#3844 = LINE('',#3845,#3846);
#3845 = CARTESIAN_POINT('',(-0.32,-2.22,-3.));
#3846 = VECTOR('',#3847,1.);
#3847 = DIRECTION('',(0.,0.,1.));
#3848 = ORIENTED_EDGE('',*,*,#3314,.F.);
#3849 = PLANE('',#3850);
#3850 = AXIS2_PLACEMENT_3D('',#3851,#3852,#3853);
#3851 = CARTESIAN_POINT('',(-0.32,-2.22,-3.));
#3852 = DIRECTION('',(0.,1.,0.));
#3853 = DIRECTION('',(0.,-0.,1.));
#3854 = ADVANCED_FACE('',(#3855),#3866,.F.);
#3855 = FACE_BOUND('',#3856,.F.);
#3856 = EDGE_LOOP('',(#3857,#3858,#3864,#3865));
#3857 = ORIENTED_EDGE('',*,*,#3795,.F.);
#3858 = ORIENTED_EDGE('',*,*,#3859,.T.);
#3859 = EDGE_CURVE('',#3788,#3836,#3860,.T.);
#3860 = LINE('',#3861,#3862);
#3861 = CARTESIAN_POINT('',(-0.32,-2.86,-2.84));
#3862 = VECTOR('',#3863,1.);
#3863 = DIRECTION('',(0.,1.,0.));
#3864 = ORIENTED_EDGE('',*,*,#3843,.T.);
#3865 = ORIENTED_EDGE('',*,*,#3306,.F.);
#3866 = PLANE('',#3867);
#3867 = AXIS2_PLACEMENT_3D('',#3868,#3869,#3870);
#3868 = CARTESIAN_POINT('',(-0.32,-2.86,-3.));
#3869 = DIRECTION('',(1.,0.,0.));
#3870 = DIRECTION('',(0.,0.,1.));
#3871 = ADVANCED_FACE('',(#3872),#3897,.F.);
#3872 = FACE_BOUND('',#3873,.F.);
#3873 = EDGE_LOOP('',(#3874,#3882,#3883,#3891));
#3874 = ORIENTED_EDGE('',*,*,#3875,.F.);
#3875 = EDGE_CURVE('',#3428,#3876,#3878,.T.);
#3876 = VERTEX_POINT('',#3877);
#3877 = CARTESIAN_POINT('',(0.32,-0.32,8.38));
#3878 = LINE('',#3879,#3880);
#3879 = CARTESIAN_POINT('',(0.32,-0.32,-3.));
#3880 = VECTOR('',#3881,1.);
#3881 = DIRECTION('',(0.,0.,1.));
#3882 = ORIENTED_EDGE('',*,*,#3427,.T.);
#3883 = ORIENTED_EDGE('',*,*,#3884,.T.);
#3884 = EDGE_CURVE('',#3430,#3885,#3887,.T.);
#3885 = VERTEX_POINT('',#3886);
#3886 = CARTESIAN_POINT('',(-0.32,-0.32,8.38));
#3887 = LINE('',#3888,#3889);
#3888 = CARTESIAN_POINT('',(-0.32,-0.32,-3.));
#3889 = VECTOR('',#3890,1.);
#3890 = DIRECTION('',(0.,0.,1.));
#3891 = ORIENTED_EDGE('',*,*,#3892,.T.);
#3892 = EDGE_CURVE('',#3885,#3876,#3893,.T.);
#3893 = LINE('',#3894,#3895);
#3894 = CARTESIAN_POINT('',(-0.32,-0.32,8.38));
#3895 = VECTOR('',#3896,1.);
#3896 = DIRECTION('',(1.,0.,0.));
#3897 = PLANE('',#3898);
#3898 = AXIS2_PLACEMENT_3D('',#3899,#3900,#3901);
#3899 = CARTESIAN_POINT('',(-0.32,-0.32,-3.));
#3900 = DIRECTION('',(0.,1.,0.));
#3901 = DIRECTION('',(0.,-0.,1.));
#3902 = ADVANCED_FACE('',(#3903),#3921,.T.);
#3903 = FACE_BOUND('',#3904,.T.);
#3904 = EDGE_LOOP('',(#3905,#3906,#3907,#3915));
#3905 = ORIENTED_EDGE('',*,*,#3875,.F.);
#3906 = ORIENTED_EDGE('',*,*,#3453,.T.);
#3907 = ORIENTED_EDGE('',*,*,#3908,.T.);
#3908 = EDGE_CURVE('',#3446,#3909,#3911,.T.);
#3909 = VERTEX_POINT('',#3910);
#3910 = CARTESIAN_POINT('',(0.32,0.32,8.38));
#3911 = LINE('',#3912,#3913);
#3912 = CARTESIAN_POINT('',(0.32,0.32,-3.));
#3913 = VECTOR('',#3914,1.);
#3914 = DIRECTION('',(0.,0.,1.));
#3915 = ORIENTED_EDGE('',*,*,#3916,.F.);
#3916 = EDGE_CURVE('',#3876,#3909,#3917,.T.);
#3917 = LINE('',#3918,#3919);
#3918 = CARTESIAN_POINT('',(0.32,-0.32,8.38));
#3919 = VECTOR('',#3920,1.);
#3920 = DIRECTION('',(0.,1.,0.));
#3921 = PLANE('',#3922);
#3922 = AXIS2_PLACEMENT_3D('',#3923,#3924,#3925);
#3923 = CARTESIAN_POINT('',(0.32,-0.32,-3.));
#3924 = DIRECTION('',(1.,0.,0.));
#3925 = DIRECTION('',(0.,0.,1.));
#3926 = ADVANCED_FACE('',(#3927),#3945,.T.);
#3927 = FACE_BOUND('',#3928,.T.);
#3928 = EDGE_LOOP('',(#3929,#3930,#3931,#3939));
#3929 = ORIENTED_EDGE('',*,*,#3908,.F.);
#3930 = ORIENTED_EDGE('',*,*,#3445,.T.);
#3931 = ORIENTED_EDGE('',*,*,#3932,.T.);
#3932 = EDGE_CURVE('',#3438,#3933,#3935,.T.);
#3933 = VERTEX_POINT('',#3934);
#3934 = CARTESIAN_POINT('',(-0.32,0.32,8.38));
#3935 = LINE('',#3936,#3937);
#3936 = CARTESIAN_POINT('',(-0.32,0.32,-3.));
#3937 = VECTOR('',#3938,1.);
#3938 = DIRECTION('',(0.,0.,1.));
#3939 = ORIENTED_EDGE('',*,*,#3940,.T.);
#3940 = EDGE_CURVE('',#3933,#3909,#3941,.T.);
#3941 = LINE('',#3942,#3943);
#3942 = CARTESIAN_POINT('',(-0.32,0.32,8.38));
#3943 = VECTOR('',#3944,1.);
#3944 = DIRECTION('',(1.,0.,0.));
#3945 = PLANE('',#3946);
#3946 = AXIS2_PLACEMENT_3D('',#3947,#3948,#3949);
#3947 = CARTESIAN_POINT('',(-0.32,0.32,-3.));
#3948 = DIRECTION('',(0.,1.,0.));
#3949 = DIRECTION('',(0.,-0.,1.));
#3950 = ADVANCED_FACE('',(#3951),#3962,.F.);
#3951 = FACE_BOUND('',#3952,.F.);
#3952 = EDGE_LOOP('',(#3953,#3954,#3955,#3956));
#3953 = ORIENTED_EDGE('',*,*,#3884,.F.);
#3954 = ORIENTED_EDGE('',*,*,#3437,.T.);
#3955 = ORIENTED_EDGE('',*,*,#3932,.T.);
#3956 = ORIENTED_EDGE('',*,*,#3957,.F.);
#3957 = EDGE_CURVE('',#3885,#3933,#3958,.T.);
#3958 = LINE('',#3959,#3960);
#3959 = CARTESIAN_POINT('',(-0.32,-0.32,8.38));
#3960 = VECTOR('',#3961,1.);
#3961 = DIRECTION('',(0.,1.,0.));
#3962 = PLANE('',#3963);
#3963 = AXIS2_PLACEMENT_3D('',#3964,#3965,#3966);
#3964 = CARTESIAN_POINT('',(-0.32,-0.32,-3.));
#3965 = DIRECTION('',(1.,0.,0.));
#3966 = DIRECTION('',(0.,0.,1.));
#3967 = ADVANCED_FACE('',(#3968),#3993,.F.);
#3968 = FACE_BOUND('',#3969,.F.);
#3969 = EDGE_LOOP('',(#3970,#3978,#3979,#3987));
#3970 = ORIENTED_EDGE('',*,*,#3971,.F.);
#3971 = EDGE_CURVE('',#3462,#3972,#3974,.T.);
#3972 = VERTEX_POINT('',#3973);
#3973 = CARTESIAN_POINT('',(0.32,-2.86,8.38));
#3974 = LINE('',#3975,#3976);
#3975 = CARTESIAN_POINT('',(0.32,-2.86,-3.));
#3976 = VECTOR('',#3977,1.);
#3977 = DIRECTION('',(0.,0.,1.));
#3978 = ORIENTED_EDGE('',*,*,#3461,.T.);
#3979 = ORIENTED_EDGE('',*,*,#3980,.T.);
#3980 = EDGE_CURVE('',#3464,#3981,#3983,.T.);
#3981 = VERTEX_POINT('',#3982);
#3982 = CARTESIAN_POINT('',(-0.32,-2.86,8.38));
#3983 = LINE('',#3984,#3985);
#3984 = CARTESIAN_POINT('',(-0.32,-2.86,-3.));
#3985 = VECTOR('',#3986,1.);
#3986 = DIRECTION('',(0.,0.,1.));
#3987 = ORIENTED_EDGE('',*,*,#3988,.T.);
#3988 = EDGE_CURVE('',#3981,#3972,#3989,.T.);
#3989 = LINE('',#3990,#3991);
#3990 = CARTESIAN_POINT('',(-0.32,-2.86,8.38));
#3991 = VECTOR('',#3992,1.);
#3992 = DIRECTION('',(1.,0.,0.));
#3993 = PLANE('',#3994);
#3994 = AXIS2_PLACEMENT_3D('',#3995,#3996,#3997);
#3995 = CARTESIAN_POINT('',(-0.32,-2.86,-3.));
#3996 = DIRECTION('',(0.,1.,0.));
#3997 = DIRECTION('',(0.,-0.,1.));
#3998 = ADVANCED_FACE('',(#3999),#4017,.T.);
#3999 = FACE_BOUND('',#4000,.T.);
#4000 = EDGE_LOOP('',(#4001,#4002,#4003,#4011));
#4001 = ORIENTED_EDGE('',*,*,#3971,.F.);
#4002 = ORIENTED_EDGE('',*,*,#3487,.T.);
#4003 = ORIENTED_EDGE('',*,*,#4004,.T.);
#4004 = EDGE_CURVE('',#3480,#4005,#4007,.T.);
#4005 = VERTEX_POINT('',#4006);
#4006 = CARTESIAN_POINT('',(0.32,-2.22,8.38));
#4007 = LINE('',#4008,#4009);
#4008 = CARTESIAN_POINT('',(0.32,-2.22,-3.));
#4009 = VECTOR('',#4010,1.);
#4010 = DIRECTION('',(0.,0.,1.));
#4011 = ORIENTED_EDGE('',*,*,#4012,.F.);
#4012 = EDGE_CURVE('',#3972,#4005,#4013,.T.);
#4013 = LINE('',#4014,#4015);
#4014 = CARTESIAN_POINT('',(0.32,-2.86,8.38));
#4015 = VECTOR('',#4016,1.);
#4016 = DIRECTION('',(0.,1.,0.));
#4017 = PLANE('',#4018);
#4018 = AXIS2_PLACEMENT_3D('',#4019,#4020,#4021);
#4019 = CARTESIAN_POINT('',(0.32,-2.86,-3.));
#4020 = DIRECTION('',(1.,0.,0.));
#4021 = DIRECTION('',(0.,0.,1.));
#4022 = ADVANCED_FACE('',(#4023),#4041,.T.);
#4023 = FACE_BOUND('',#4024,.T.);
#4024 = EDGE_LOOP('',(#4025,#4026,#4027,#4035));
#4025 = ORIENTED_EDGE('',*,*,#4004,.F.);
#4026 = ORIENTED_EDGE('',*,*,#3479,.T.);
#4027 = ORIENTED_EDGE('',*,*,#4028,.T.);
#4028 = EDGE_CURVE('',#3472,#4029,#4031,.T.);
#4029 = VERTEX_POINT('',#4030);
#4030 = CARTESIAN_POINT('',(-0.32,-2.22,8.38));
#4031 = LINE('',#4032,#4033);
#4032 = CARTESIAN_POINT('',(-0.32,-2.22,-3.));
#4033 = VECTOR('',#4034,1.);
#4034 = DIRECTION('',(0.,0.,1.));
#4035 = ORIENTED_EDGE('',*,*,#4036,.T.);
#4036 = EDGE_CURVE('',#4029,#4005,#4037,.T.);
#4037 = LINE('',#4038,#4039);
#4038 = CARTESIAN_POINT('',(-0.32,-2.22,8.38));
#4039 = VECTOR('',#4040,1.);
#4040 = DIRECTION('',(1.,0.,0.));
#4041 = PLANE('',#4042);
#4042 = AXIS2_PLACEMENT_3D('',#4043,#4044,#4045);
#4043 = CARTESIAN_POINT('',(-0.32,-2.22,-3.));
#4044 = DIRECTION('',(0.,1.,0.));
#4045 = DIRECTION('',(0.,-0.,1.));
#4046 = ADVANCED_FACE('',(#4047),#4058,.F.);
#4047 = FACE_BOUND('',#4048,.F.);
#4048 = EDGE_LOOP('',(#4049,#4050,#4051,#4052));
#4049 = ORIENTED_EDGE('',*,*,#3980,.F.);
#4050 = ORIENTED_EDGE('',*,*,#3471,.T.);
#4051 = ORIENTED_EDGE('',*,*,#4028,.T.);
#4052 = ORIENTED_EDGE('',*,*,#4053,.F.);
#4053 = EDGE_CURVE('',#3981,#4029,#4054,.T.);
#4054 = LINE('',#4055,#4056);
#4055 = CARTESIAN_POINT('',(-0.32,-2.86,8.38));
#4056 = VECTOR('',#4057,1.);
#4057 = DIRECTION('',(0.,1.,0.));
#4058 = PLANE('',#4059);
#4059 = AXIS2_PLACEMENT_3D('',#4060,#4061,#4062);
#4060 = CARTESIAN_POINT('',(-0.32,-2.86,-3.));
#4061 = DIRECTION('',(1.,0.,0.));
#4062 = DIRECTION('',(0.,0.,1.));
#4063 = ADVANCED_FACE('',(#4064),#4089,.T.);
#4064 = FACE_BOUND('',#4065,.F.);
#4065 = EDGE_LOOP('',(#4066,#4074,#4075,#4083));
#4066 = ORIENTED_EDGE('',*,*,#4067,.F.);
#4067 = EDGE_CURVE('',#3692,#4068,#4070,.T.);
#4068 = VERTEX_POINT('',#4069);
#4069 = CARTESIAN_POINT('',(-0.16,-0.16,-3.));
#4070 = LINE('',#4071,#4072);
#4071 = CARTESIAN_POINT('',(-0.266666666667,-0.266666666667,
    -2.893333333333));
#4072 = VECTOR('',#4073,1.);
#4073 = DIRECTION('',(0.57735026919,0.57735026919,-0.57735026919));
#4074 = ORIENTED_EDGE('',*,*,#3691,.T.);
#4075 = ORIENTED_EDGE('',*,*,#4076,.T.);
#4076 = EDGE_CURVE('',#3684,#4077,#4079,.T.);
#4077 = VERTEX_POINT('',#4078);
#4078 = CARTESIAN_POINT('',(0.16,-0.16,-3.));
#4079 = LINE('',#4080,#4081);
#4080 = CARTESIAN_POINT('',(0.16,-0.16,-3.));
#4081 = VECTOR('',#4082,1.);
#4082 = DIRECTION('',(-0.57735026919,0.57735026919,-0.57735026919));
#4083 = ORIENTED_EDGE('',*,*,#4084,.F.);
#4084 = EDGE_CURVE('',#4068,#4077,#4085,.T.);
#4085 = LINE('',#4086,#4087);
#4086 = CARTESIAN_POINT('',(-0.32,-0.16,-3.));
#4087 = VECTOR('',#4088,1.);
#4088 = DIRECTION('',(1.,0.,0.));
#4089 = PLANE('',#4090);
#4090 = AXIS2_PLACEMENT_3D('',#4091,#4092,#4093);
#4091 = CARTESIAN_POINT('',(-0.32,-0.24,-2.92));
#4092 = DIRECTION('',(1.735167508357E-18,-0.707106781187,-0.707106781187
    ));
#4093 = DIRECTION('',(-1.,-1.226948711654E-18,-1.226948711654E-18));
#4094 = ADVANCED_FACE('',(#4095),#4113,.F.);
#4095 = FACE_BOUND('',#4096,.F.);
#4096 = EDGE_LOOP('',(#4097,#4098,#4099,#4107));
#4097 = ORIENTED_EDGE('',*,*,#4076,.F.);
#4098 = ORIENTED_EDGE('',*,*,#3715,.T.);
#4099 = ORIENTED_EDGE('',*,*,#4100,.T.);
#4100 = EDGE_CURVE('',#3716,#4101,#4103,.T.);
#4101 = VERTEX_POINT('',#4102);
#4102 = CARTESIAN_POINT('',(0.16,0.16,-3.));
#4103 = LINE('',#4104,#4105);
#4104 = CARTESIAN_POINT('',(5.333333333333E-02,5.333333333333E-02,
    -3.106666666667));
#4105 = VECTOR('',#4106,1.);
#4106 = DIRECTION('',(-0.57735026919,-0.57735026919,-0.57735026919));
#4107 = ORIENTED_EDGE('',*,*,#4108,.F.);
#4108 = EDGE_CURVE('',#4077,#4101,#4109,.T.);
#4109 = LINE('',#4110,#4111);
#4110 = CARTESIAN_POINT('',(0.16,-0.32,-3.));
#4111 = VECTOR('',#4112,1.);
#4112 = DIRECTION('',(0.,1.,0.));
#4113 = PLANE('',#4114);
#4114 = AXIS2_PLACEMENT_3D('',#4115,#4116,#4117);
#4115 = CARTESIAN_POINT('',(0.24,-0.32,-2.92));
#4116 = DIRECTION('',(-0.707106781187,1.735167508357E-18,0.707106781187)
  );
#4117 = DIRECTION('',(1.226948711654E-18,1.,-1.226948711654E-18));
#4118 = ADVANCED_FACE('',(#4119),#4137,.F.);
#4119 = FACE_BOUND('',#4120,.T.);
#4120 = EDGE_LOOP('',(#4121,#4129,#4130,#4131));
#4121 = ORIENTED_EDGE('',*,*,#4122,.F.);
#4122 = EDGE_CURVE('',#3740,#4123,#4125,.T.);
#4123 = VERTEX_POINT('',#4124);
#4124 = CARTESIAN_POINT('',(-0.16,0.16,-3.));
#4125 = LINE('',#4126,#4127);
#4126 = CARTESIAN_POINT('',(-0.16,0.16,-3.));
#4127 = VECTOR('',#4128,1.);
#4128 = DIRECTION('',(0.57735026919,-0.57735026919,-0.57735026919));
#4129 = ORIENTED_EDGE('',*,*,#3739,.T.);
#4130 = ORIENTED_EDGE('',*,*,#4100,.T.);
#4131 = ORIENTED_EDGE('',*,*,#4132,.F.);
#4132 = EDGE_CURVE('',#4123,#4101,#4133,.T.);
#4133 = LINE('',#4134,#4135);
#4134 = CARTESIAN_POINT('',(-0.32,0.16,-3.));
#4135 = VECTOR('',#4136,1.);
#4136 = DIRECTION('',(1.,0.,0.));
#4137 = PLANE('',#4138);
#4138 = AXIS2_PLACEMENT_3D('',#4139,#4140,#4141);
#4139 = CARTESIAN_POINT('',(-0.32,0.24,-2.92));
#4140 = DIRECTION('',(-1.735167508357E-18,-0.707106781187,0.707106781187
    ));
#4141 = DIRECTION('',(-1.,1.226948711654E-18,-1.226948711654E-18));
#4142 = ADVANCED_FACE('',(#4143),#4154,.T.);
#4143 = FACE_BOUND('',#4144,.T.);
#4144 = EDGE_LOOP('',(#4145,#4146,#4147,#4148));
#4145 = ORIENTED_EDGE('',*,*,#4067,.F.);
#4146 = ORIENTED_EDGE('',*,*,#3763,.T.);
#4147 = ORIENTED_EDGE('',*,*,#4122,.T.);
#4148 = ORIENTED_EDGE('',*,*,#4149,.F.);
#4149 = EDGE_CURVE('',#4068,#4123,#4150,.T.);
#4150 = LINE('',#4151,#4152);
#4151 = CARTESIAN_POINT('',(-0.16,-0.32,-3.));
#4152 = VECTOR('',#4153,1.);
#4153 = DIRECTION('',(0.,1.,0.));
#4154 = PLANE('',#4155);
#4155 = AXIS2_PLACEMENT_3D('',#4156,#4157,#4158);
#4156 = CARTESIAN_POINT('',(-0.24,-0.32,-2.92));
#4157 = DIRECTION('',(-0.707106781187,-1.735167508357E-18,
    -0.707106781187));
#4158 = DIRECTION('',(-1.226948711654E-18,1.,-1.226948711654E-18));
#4159 = ADVANCED_FACE('',(#4160),#4185,.T.);
#4160 = FACE_BOUND('',#4161,.F.);
#4161 = EDGE_LOOP('',(#4162,#4170,#4171,#4179));
#4162 = ORIENTED_EDGE('',*,*,#4163,.F.);
#4163 = EDGE_CURVE('',#3788,#4164,#4166,.T.);
#4164 = VERTEX_POINT('',#4165);
#4165 = CARTESIAN_POINT('',(-0.16,-2.7,-3.));
#4166 = LINE('',#4167,#4168);
#4167 = CARTESIAN_POINT('',(-0.266666666667,-2.806666666667,
    -2.893333333333));
#4168 = VECTOR('',#4169,1.);
#4169 = DIRECTION('',(0.57735026919,0.57735026919,-0.57735026919));
#4170 = ORIENTED_EDGE('',*,*,#3787,.T.);
#4171 = ORIENTED_EDGE('',*,*,#4172,.T.);
#4172 = EDGE_CURVE('',#3780,#4173,#4175,.T.);
#4173 = VERTEX_POINT('',#4174);
#4174 = CARTESIAN_POINT('',(0.16,-2.7,-3.));
#4175 = LINE('',#4176,#4177);
#4176 = CARTESIAN_POINT('',(0.16,-2.7,-3.));
#4177 = VECTOR('',#4178,1.);
#4178 = DIRECTION('',(-0.57735026919,0.57735026919,-0.57735026919));
#4179 = ORIENTED_EDGE('',*,*,#4180,.F.);
#4180 = EDGE_CURVE('',#4164,#4173,#4181,.T.);
#4181 = LINE('',#4182,#4183);
#4182 = CARTESIAN_POINT('',(-0.32,-2.7,-3.));
#4183 = VECTOR('',#4184,1.);
#4184 = DIRECTION('',(1.,0.,0.));
#4185 = PLANE('',#4186);
#4186 = AXIS2_PLACEMENT_3D('',#4187,#4188,#4189);
#4187 = CARTESIAN_POINT('',(-0.32,-2.78,-2.92));
#4188 = DIRECTION('',(1.735167508357E-18,-0.707106781187,-0.707106781187
    ));
#4189 = DIRECTION('',(-1.,-1.226948711654E-18,-1.226948711654E-18));
#4190 = ADVANCED_FACE('',(#4191),#4209,.F.);
#4191 = FACE_BOUND('',#4192,.F.);
#4192 = EDGE_LOOP('',(#4193,#4194,#4195,#4203));
#4193 = ORIENTED_EDGE('',*,*,#4172,.F.);
#4194 = ORIENTED_EDGE('',*,*,#3811,.T.);
#4195 = ORIENTED_EDGE('',*,*,#4196,.T.);
#4196 = EDGE_CURVE('',#3812,#4197,#4199,.T.);
#4197 = VERTEX_POINT('',#4198);
#4198 = CARTESIAN_POINT('',(0.16,-2.38,-3.));
#4199 = LINE('',#4200,#4201);
#4200 = CARTESIAN_POINT('',(5.333333333333E-02,-2.486666666667,
    -3.106666666667));
#4201 = VECTOR('',#4202,1.);
#4202 = DIRECTION('',(-0.57735026919,-0.57735026919,-0.57735026919));
#4203 = ORIENTED_EDGE('',*,*,#4204,.F.);
#4204 = EDGE_CURVE('',#4173,#4197,#4205,.T.);
#4205 = LINE('',#4206,#4207);
#4206 = CARTESIAN_POINT('',(0.16,-2.86,-3.));
#4207 = VECTOR('',#4208,1.);
#4208 = DIRECTION('',(0.,1.,0.));
#4209 = PLANE('',#4210);
#4210 = AXIS2_PLACEMENT_3D('',#4211,#4212,#4213);
#4211 = CARTESIAN_POINT('',(0.24,-2.86,-2.92));
#4212 = DIRECTION('',(-0.707106781187,1.735167508357E-18,0.707106781187)
  );
#4213 = DIRECTION('',(1.226948711654E-18,1.,-1.226948711654E-18));
#4214 = ADVANCED_FACE('',(#4215),#4233,.F.);
#4215 = FACE_BOUND('',#4216,.T.);
#4216 = EDGE_LOOP('',(#4217,#4225,#4226,#4227));
#4217 = ORIENTED_EDGE('',*,*,#4218,.F.);
#4218 = EDGE_CURVE('',#3836,#4219,#4221,.T.);
#4219 = VERTEX_POINT('',#4220);
#4220 = CARTESIAN_POINT('',(-0.16,-2.38,-3.));
#4221 = LINE('',#4222,#4223);
#4222 = CARTESIAN_POINT('',(-0.16,-2.38,-3.));
#4223 = VECTOR('',#4224,1.);
#4224 = DIRECTION('',(0.57735026919,-0.57735026919,-0.57735026919));
#4225 = ORIENTED_EDGE('',*,*,#3835,.T.);
#4226 = ORIENTED_EDGE('',*,*,#4196,.T.);
#4227 = ORIENTED_EDGE('',*,*,#4228,.F.);
#4228 = EDGE_CURVE('',#4219,#4197,#4229,.T.);
#4229 = LINE('',#4230,#4231);
#4230 = CARTESIAN_POINT('',(-0.32,-2.38,-3.));
#4231 = VECTOR('',#4232,1.);
#4232 = DIRECTION('',(1.,0.,0.));
#4233 = PLANE('',#4234);
#4234 = AXIS2_PLACEMENT_3D('',#4235,#4236,#4237);
#4235 = CARTESIAN_POINT('',(-0.32,-2.3,-2.92));
#4236 = DIRECTION('',(-1.735167508357E-18,-0.707106781187,0.707106781187
    ));
#4237 = DIRECTION('',(-1.,1.226948711654E-18,-1.226948711654E-18));
#4238 = ADVANCED_FACE('',(#4239),#4250,.T.);
#4239 = FACE_BOUND('',#4240,.T.);
#4240 = EDGE_LOOP('',(#4241,#4242,#4243,#4244));
#4241 = ORIENTED_EDGE('',*,*,#4163,.F.);
#4242 = ORIENTED_EDGE('',*,*,#3859,.T.);
#4243 = ORIENTED_EDGE('',*,*,#4218,.T.);
#4244 = ORIENTED_EDGE('',*,*,#4245,.F.);
#4245 = EDGE_CURVE('',#4164,#4219,#4246,.T.);
#4246 = LINE('',#4247,#4248);
#4247 = CARTESIAN_POINT('',(-0.16,-2.86,-3.));
#4248 = VECTOR('',#4249,1.);
#4249 = DIRECTION('',(0.,1.,0.));
#4250 = PLANE('',#4251);
#4251 = AXIS2_PLACEMENT_3D('',#4252,#4253,#4254);
#4252 = CARTESIAN_POINT('',(-0.24,-2.86,-2.92));
#4253 = DIRECTION('',(-0.707106781187,-1.735167508357E-18,
    -0.707106781187));
#4254 = DIRECTION('',(-1.226948711654E-18,1.,-1.226948711654E-18));
#4255 = ADVANCED_FACE('',(#4256),#4281,.F.);
#4256 = FACE_BOUND('',#4257,.T.);
#4257 = EDGE_LOOP('',(#4258,#4266,#4267,#4275));
#4258 = ORIENTED_EDGE('',*,*,#4259,.F.);
#4259 = EDGE_CURVE('',#3885,#4260,#4262,.T.);
#4260 = VERTEX_POINT('',#4261);
#4261 = CARTESIAN_POINT('',(-0.16,-0.16,8.54));
#4262 = LINE('',#4263,#4264);
#4263 = CARTESIAN_POINT('',(-0.266666666667,-0.266666666667,
    8.433333333333));
#4264 = VECTOR('',#4265,1.);
#4265 = DIRECTION('',(0.57735026919,0.57735026919,0.57735026919));
#4266 = ORIENTED_EDGE('',*,*,#3892,.T.);
#4267 = ORIENTED_EDGE('',*,*,#4268,.T.);
#4268 = EDGE_CURVE('',#3876,#4269,#4271,.T.);
#4269 = VERTEX_POINT('',#4270);
#4270 = CARTESIAN_POINT('',(0.16,-0.16,8.54));
#4271 = LINE('',#4272,#4273);
#4272 = CARTESIAN_POINT('',(0.16,-0.16,8.54));
#4273 = VECTOR('',#4274,1.);
#4274 = DIRECTION('',(-0.57735026919,0.57735026919,0.57735026919));
#4275 = ORIENTED_EDGE('',*,*,#4276,.F.);
#4276 = EDGE_CURVE('',#4260,#4269,#4277,.T.);
#4277 = LINE('',#4278,#4279);
#4278 = CARTESIAN_POINT('',(-0.32,-0.16,8.54));
#4279 = VECTOR('',#4280,1.);
#4280 = DIRECTION('',(1.,0.,0.));
#4281 = PLANE('',#4282);
#4282 = AXIS2_PLACEMENT_3D('',#4283,#4284,#4285);
#4283 = CARTESIAN_POINT('',(-0.32,-0.24,8.46));
#4284 = DIRECTION('',(-1.735167508357E-18,0.707106781187,-0.707106781187
    ));
#4285 = DIRECTION('',(-1.,-1.226948711654E-18,1.226948711654E-18));
#4286 = ADVANCED_FACE('',(#4287),#4305,.T.);
#4287 = FACE_BOUND('',#4288,.T.);
#4288 = EDGE_LOOP('',(#4289,#4290,#4291,#4299));
#4289 = ORIENTED_EDGE('',*,*,#4268,.F.);
#4290 = ORIENTED_EDGE('',*,*,#3916,.T.);
#4291 = ORIENTED_EDGE('',*,*,#4292,.T.);
#4292 = EDGE_CURVE('',#3909,#4293,#4295,.T.);
#4293 = VERTEX_POINT('',#4294);
#4294 = CARTESIAN_POINT('',(0.16,0.16,8.54));
#4295 = LINE('',#4296,#4297);
#4296 = CARTESIAN_POINT('',(5.333333333333E-02,5.333333333333E-02,
    8.646666666667));
#4297 = VECTOR('',#4298,1.);
#4298 = DIRECTION('',(-0.57735026919,-0.57735026919,0.57735026919));
#4299 = ORIENTED_EDGE('',*,*,#4300,.F.);
#4300 = EDGE_CURVE('',#4269,#4293,#4301,.T.);
#4301 = LINE('',#4302,#4303);
#4302 = CARTESIAN_POINT('',(0.16,-0.32,8.54));
#4303 = VECTOR('',#4304,1.);
#4304 = DIRECTION('',(0.,1.,0.));
#4305 = PLANE('',#4306);
#4306 = AXIS2_PLACEMENT_3D('',#4307,#4308,#4309);
#4307 = CARTESIAN_POINT('',(0.24,-0.32,8.46));
#4308 = DIRECTION('',(0.707106781187,-1.735167508357E-18,0.707106781187)
  );
#4309 = DIRECTION('',(1.226948711654E-18,1.,1.226948711654E-18));
#4310 = ADVANCED_FACE('',(#4311),#4329,.T.);
#4311 = FACE_BOUND('',#4312,.F.);
#4312 = EDGE_LOOP('',(#4313,#4321,#4322,#4323));
#4313 = ORIENTED_EDGE('',*,*,#4314,.F.);
#4314 = EDGE_CURVE('',#3933,#4315,#4317,.T.);
#4315 = VERTEX_POINT('',#4316);
#4316 = CARTESIAN_POINT('',(-0.16,0.16,8.54));
#4317 = LINE('',#4318,#4319);
#4318 = CARTESIAN_POINT('',(-0.16,0.16,8.54));
#4319 = VECTOR('',#4320,1.);
#4320 = DIRECTION('',(0.57735026919,-0.57735026919,0.57735026919));
#4321 = ORIENTED_EDGE('',*,*,#3940,.T.);
#4322 = ORIENTED_EDGE('',*,*,#4292,.T.);
#4323 = ORIENTED_EDGE('',*,*,#4324,.F.);
#4324 = EDGE_CURVE('',#4315,#4293,#4325,.T.);
#4325 = LINE('',#4326,#4327);
#4326 = CARTESIAN_POINT('',(-0.32,0.16,8.54));
#4327 = VECTOR('',#4328,1.);
#4328 = DIRECTION('',(1.,0.,0.));
#4329 = PLANE('',#4330);
#4330 = AXIS2_PLACEMENT_3D('',#4331,#4332,#4333);
#4331 = CARTESIAN_POINT('',(-0.32,0.24,8.46));
#4332 = DIRECTION('',(1.735167508357E-18,0.707106781187,0.707106781187)
  );
#4333 = DIRECTION('',(-1.,1.226948711654E-18,1.226948711654E-18));
#4334 = ADVANCED_FACE('',(#4335),#4346,.F.);
#4335 = FACE_BOUND('',#4336,.F.);
#4336 = EDGE_LOOP('',(#4337,#4338,#4339,#4340));
#4337 = ORIENTED_EDGE('',*,*,#4259,.F.);
#4338 = ORIENTED_EDGE('',*,*,#3957,.T.);
#4339 = ORIENTED_EDGE('',*,*,#4314,.T.);
#4340 = ORIENTED_EDGE('',*,*,#4341,.F.);
#4341 = EDGE_CURVE('',#4260,#4315,#4342,.T.);
#4342 = LINE('',#4343,#4344);
#4343 = CARTESIAN_POINT('',(-0.16,-0.32,8.54));
#4344 = VECTOR('',#4345,1.);
#4345 = DIRECTION('',(0.,1.,0.));
#4346 = PLANE('',#4347);
#4347 = AXIS2_PLACEMENT_3D('',#4348,#4349,#4350);
#4348 = CARTESIAN_POINT('',(-0.24,-0.32,8.46));
#4349 = DIRECTION('',(0.707106781187,1.735167508357E-18,-0.707106781187)
  );
#4350 = DIRECTION('',(-1.226948711654E-18,1.,1.226948711654E-18));
#4351 = ADVANCED_FACE('',(#4352),#4377,.F.);
#4352 = FACE_BOUND('',#4353,.T.);
#4353 = EDGE_LOOP('',(#4354,#4362,#4363,#4371));
#4354 = ORIENTED_EDGE('',*,*,#4355,.F.);
#4355 = EDGE_CURVE('',#3981,#4356,#4358,.T.);
#4356 = VERTEX_POINT('',#4357);
#4357 = CARTESIAN_POINT('',(-0.16,-2.7,8.54));
#4358 = LINE('',#4359,#4360);
#4359 = CARTESIAN_POINT('',(-0.266666666667,-2.806666666667,
    8.433333333333));
#4360 = VECTOR('',#4361,1.);
#4361 = DIRECTION('',(0.57735026919,0.57735026919,0.57735026919));
#4362 = ORIENTED_EDGE('',*,*,#3988,.T.);
#4363 = ORIENTED_EDGE('',*,*,#4364,.T.);
#4364 = EDGE_CURVE('',#3972,#4365,#4367,.T.);
#4365 = VERTEX_POINT('',#4366);
#4366 = CARTESIAN_POINT('',(0.16,-2.7,8.54));
#4367 = LINE('',#4368,#4369);
#4368 = CARTESIAN_POINT('',(0.16,-2.7,8.54));
#4369 = VECTOR('',#4370,1.);
#4370 = DIRECTION('',(-0.57735026919,0.57735026919,0.57735026919));
#4371 = ORIENTED_EDGE('',*,*,#4372,.F.);
#4372 = EDGE_CURVE('',#4356,#4365,#4373,.T.);
#4373 = LINE('',#4374,#4375);
#4374 = CARTESIAN_POINT('',(-0.32,-2.7,8.54));
#4375 = VECTOR('',#4376,1.);
#4376 = DIRECTION('',(1.,0.,0.));
#4377 = PLANE('',#4378);
#4378 = AXIS2_PLACEMENT_3D('',#4379,#4380,#4381);
#4379 = CARTESIAN_POINT('',(-0.32,-2.78,8.46));
#4380 = DIRECTION('',(-1.735167508357E-18,0.707106781187,-0.707106781187
    ));
#4381 = DIRECTION('',(-1.,-1.226948711654E-18,1.226948711654E-18));
#4382 = ADVANCED_FACE('',(#4383),#4401,.T.);
#4383 = FACE_BOUND('',#4384,.T.);
#4384 = EDGE_LOOP('',(#4385,#4386,#4387,#4395));
#4385 = ORIENTED_EDGE('',*,*,#4364,.F.);
#4386 = ORIENTED_EDGE('',*,*,#4012,.T.);
#4387 = ORIENTED_EDGE('',*,*,#4388,.T.);
#4388 = EDGE_CURVE('',#4005,#4389,#4391,.T.);
#4389 = VERTEX_POINT('',#4390);
#4390 = CARTESIAN_POINT('',(0.16,-2.38,8.54));
#4391 = LINE('',#4392,#4393);
#4392 = CARTESIAN_POINT('',(5.333333333333E-02,-2.486666666667,
    8.646666666667));
#4393 = VECTOR('',#4394,1.);
#4394 = DIRECTION('',(-0.57735026919,-0.57735026919,0.57735026919));
#4395 = ORIENTED_EDGE('',*,*,#4396,.F.);
#4396 = EDGE_CURVE('',#4365,#4389,#4397,.T.);
#4397 = LINE('',#4398,#4399);
#4398 = CARTESIAN_POINT('',(0.16,-2.86,8.54));
#4399 = VECTOR('',#4400,1.);
#4400 = DIRECTION('',(0.,1.,0.));
#4401 = PLANE('',#4402);
#4402 = AXIS2_PLACEMENT_3D('',#4403,#4404,#4405);
#4403 = CARTESIAN_POINT('',(0.24,-2.86,8.46));
#4404 = DIRECTION('',(0.707106781187,-1.735167508357E-18,0.707106781187)
  );
#4405 = DIRECTION('',(1.226948711654E-18,1.,1.226948711654E-18));
#4406 = ADVANCED_FACE('',(#4407),#4425,.T.);
#4407 = FACE_BOUND('',#4408,.F.);
#4408 = EDGE_LOOP('',(#4409,#4417,#4418,#4419));
#4409 = ORIENTED_EDGE('',*,*,#4410,.F.);
#4410 = EDGE_CURVE('',#4029,#4411,#4413,.T.);
#4411 = VERTEX_POINT('',#4412);
#4412 = CARTESIAN_POINT('',(-0.16,-2.38,8.54));
#4413 = LINE('',#4414,#4415);
#4414 = CARTESIAN_POINT('',(-0.16,-2.38,8.54));
#4415 = VECTOR('',#4416,1.);
#4416 = DIRECTION('',(0.57735026919,-0.57735026919,0.57735026919));
#4417 = ORIENTED_EDGE('',*,*,#4036,.T.);
#4418 = ORIENTED_EDGE('',*,*,#4388,.T.);
#4419 = ORIENTED_EDGE('',*,*,#4420,.F.);
#4420 = EDGE_CURVE('',#4411,#4389,#4421,.T.);
#4421 = LINE('',#4422,#4423);
#4422 = CARTESIAN_POINT('',(-0.32,-2.38,8.54));
#4423 = VECTOR('',#4424,1.);
#4424 = DIRECTION('',(1.,0.,0.));
#4425 = PLANE('',#4426);
#4426 = AXIS2_PLACEMENT_3D('',#4427,#4428,#4429);
#4427 = CARTESIAN_POINT('',(-0.32,-2.3,8.46));
#4428 = DIRECTION('',(1.735167508357E-18,0.707106781187,0.707106781187)
  );
#4429 = DIRECTION('',(-1.,1.226948711654E-18,1.226948711654E-18));
#4430 = ADVANCED_FACE('',(#4431),#4442,.F.);
#4431 = FACE_BOUND('',#4432,.F.);
#4432 = EDGE_LOOP('',(#4433,#4434,#4435,#4436));
#4433 = ORIENTED_EDGE('',*,*,#4355,.F.);
#4434 = ORIENTED_EDGE('',*,*,#4053,.T.);
#4435 = ORIENTED_EDGE('',*,*,#4410,.T.);
#4436 = ORIENTED_EDGE('',*,*,#4437,.F.);
#4437 = EDGE_CURVE('',#4356,#4411,#4438,.T.);
#4438 = LINE('',#4439,#4440);
#4439 = CARTESIAN_POINT('',(-0.16,-2.86,8.54));
#4440 = VECTOR('',#4441,1.);
#4441 = DIRECTION('',(0.,1.,0.));
#4442 = PLANE('',#4443);
#4443 = AXIS2_PLACEMENT_3D('',#4444,#4445,#4446);
#4444 = CARTESIAN_POINT('',(-0.24,-2.86,8.46));
#4445 = DIRECTION('',(0.707106781187,1.735167508357E-18,-0.707106781187)
  );
#4446 = DIRECTION('',(-1.226948711654E-18,1.,1.226948711654E-18));
#4447 = ADVANCED_FACE('',(#4448),#4454,.F.);
#4448 = FACE_BOUND('',#4449,.F.);
#4449 = EDGE_LOOP('',(#4450,#4451,#4452,#4453));
#4450 = ORIENTED_EDGE('',*,*,#4149,.F.);
#4451 = ORIENTED_EDGE('',*,*,#4084,.T.);
#4452 = ORIENTED_EDGE('',*,*,#4108,.T.);
#4453 = ORIENTED_EDGE('',*,*,#4132,.F.);
#4454 = PLANE('',#4455);
#4455 = AXIS2_PLACEMENT_3D('',#4456,#4457,#4458);
#4456 = CARTESIAN_POINT('',(-0.32,-0.32,-3.));
#4457 = DIRECTION('',(0.,0.,1.));
#4458 = DIRECTION('',(1.,0.,-0.));
#4459 = ADVANCED_FACE('',(#4460),#4466,.F.);
#4460 = FACE_BOUND('',#4461,.F.);
#4461 = EDGE_LOOP('',(#4462,#4463,#4464,#4465));
#4462 = ORIENTED_EDGE('',*,*,#4245,.F.);
#4463 = ORIENTED_EDGE('',*,*,#4180,.T.);
#4464 = ORIENTED_EDGE('',*,*,#4204,.T.);
#4465 = ORIENTED_EDGE('',*,*,#4228,.F.);
#4466 = PLANE('',#4467);
#4467 = AXIS2_PLACEMENT_3D('',#4468,#4469,#4470);
#4468 = CARTESIAN_POINT('',(-0.32,-2.86,-3.));
#4469 = DIRECTION('',(0.,0.,1.));
#4470 = DIRECTION('',(1.,0.,-0.));
#4471 = ADVANCED_FACE('',(#4472),#4478,.T.);
#4472 = FACE_BOUND('',#4473,.T.);
#4473 = EDGE_LOOP('',(#4474,#4475,#4476,#4477));
#4474 = ORIENTED_EDGE('',*,*,#4324,.F.);
#4475 = ORIENTED_EDGE('',*,*,#4341,.F.);
#4476 = ORIENTED_EDGE('',*,*,#4276,.T.);
#4477 = ORIENTED_EDGE('',*,*,#4300,.T.);
#4478 = PLANE('',#4479);
#4479 = AXIS2_PLACEMENT_3D('',#4480,#4481,#4482);
#4480 = CARTESIAN_POINT('',(-0.32,-0.32,8.54));
#4481 = DIRECTION('',(0.,0.,1.));
#4482 = DIRECTION('',(1.,0.,-0.));
#4483 = ADVANCED_FACE('',(#4484),#4490,.T.);
#4484 = FACE_BOUND('',#4485,.T.);
#4485 = EDGE_LOOP('',(#4486,#4487,#4488,#4489));
#4486 = ORIENTED_EDGE('',*,*,#4420,.F.);
#4487 = ORIENTED_EDGE('',*,*,#4437,.F.);
#4488 = ORIENTED_EDGE('',*,*,#4372,.T.);
#4489 = ORIENTED_EDGE('',*,*,#4396,.T.);
#4490 = PLANE('',#4491);
#4491 = AXIS2_PLACEMENT_3D('',#4492,#4493,#4494);
#4492 = CARTESIAN_POINT('',(-0.32,-2.86,8.54));
#4493 = DIRECTION('',(0.,0.,1.));
#4494 = DIRECTION('',(1.,0.,-0.));
#4495 = ( GEOMETRIC_REPRESENTATION_CONTEXT(3) 
GLOBAL_UNCERTAINTY_ASSIGNED_CONTEXT((#4499)) 
GLOBAL_UNIT_ASSIGNED_CONTEXT((#4496,#4497,#4498)) REPRESENTATION_CONTEXT
('Context #1','3D Context with UNIT and UNCERTAINTY') );
#4496 = ( LENGTH_UNIT() NAMED_UNIT(*) SI_UNIT(.MILLI.,.METRE.) );
#4497 = ( NAMED_UNIT(*) PLANE_ANGLE_UNIT() SI_UNIT($,.RADIAN.) );
#4498 = ( NAMED_UNIT(*) SI_UNIT($,.STERADIAN.) SOLID_ANGLE_UNIT() );
#4499 = UNCERTAINTY_MEASURE_WITH_UNIT(LENGTH_MEASURE(1.E-07),#4496,
  'distance_accuracy_value','confusion accuracy');
#4500 = CONTEXT_DEPENDENT_SHAPE_REPRESENTATION(#4501,#4503);
#4501 = ( REPRESENTATION_RELATIONSHIP('','',#3062,#10) 
REPRESENTATION_RELATIONSHIP_WITH_TRANSFORMATION(#4502) 
SHAPE_REPRESENTATION_RELATIONSHIP() );
#4502 = ITEM_DEFINED_TRANSFORMATION('','',#11,#23);
#4503 = PRODUCT_DEFINITION_SHAPE('Placement','Placement of an item',
  #4504);
#4504 = NEXT_ASSEMBLY_USAGE_OCCURRENCE('3','D2','',#5,#3057,$);
#4505 = PRODUCT_RELATED_PRODUCT_CATEGORY('part',$,(#3059));
#4506 = SHAPE_DEFINITION_REPRESENTATION(#4507,#4513);
#4507 = PRODUCT_DEFINITION_SHAPE('','',#4508);
#4508 = PRODUCT_DEFINITION('design','',#4509,#4512);
#4509 = PRODUCT_DEFINITION_FORMATION('','',#4510);
#4510 = PRODUCT('QA01','QA01','',(#4511));
#4511 = PRODUCT_CONTEXT('',#2,'mechanical');
#4512 = PRODUCT_DEFINITION_CONTEXT('part definition',#2,'design');
#4513 = SHAPE_REPRESENTATION('',(#11,#4514,#4518,#4522,#4526,#4530,#4534
    ),#4538);
#4514 = AXIS2_PLACEMENT_3D('',#4515,#4516,#4517);
#4515 = CARTESIAN_POINT('',(0.,0.,0.));
#4516 = DIRECTION('',(0.,0.,1.));
#4517 = DIRECTION('',(1.,0.,0.));
#4518 = AXIS2_PLACEMENT_3D('',#4519,#4520,#4521);
#4519 = CARTESIAN_POINT('',(-7.62,1.8,1.7));
#4520 = DIRECTION('',(0.,0.,1.));
#4521 = DIRECTION('',(1.,0.,0.));
#4522 = AXIS2_PLACEMENT_3D('',#4523,#4524,#4525);
#4523 = CARTESIAN_POINT('',(-5.08,1.8,1.7));
#4524 = DIRECTION('',(0.,0.,1.));
#4525 = DIRECTION('',(1.,0.,0.));
#4526 = AXIS2_PLACEMENT_3D('',#4527,#4528,#4529);
#4527 = CARTESIAN_POINT('',(2.54,1.8,1.7));
#4528 = DIRECTION('',(0.,0.,1.));
#4529 = DIRECTION('',(1.,0.,0.));
#4530 = AXIS2_PLACEMENT_3D('',#4531,#4532,#4533);
#4531 = CARTESIAN_POINT('',(5.08,1.8,1.7));
#4532 = DIRECTION('',(0.,0.,1.));
#4533 = DIRECTION('',(1.,0.,0.));
#4534 = AXIS2_PLACEMENT_3D('',#4535,#4536,#4537);
#4535 = CARTESIAN_POINT('',(7.62,1.8,1.7));
#4536 = DIRECTION('',(0.,0.,1.));
#4537 = DIRECTION('',(1.,0.,0.));
#4538 = ( GEOMETRIC_REPRESENTATION_CONTEXT(3) 
GLOBAL_UNCERTAINTY_ASSIGNED_CONTEXT((#4542)) 
GLOBAL_UNIT_ASSIGNED_CONTEXT((#4539,#4540,#4541)) REPRESENTATION_CONTEXT
('Context #1','3D Context with UNIT and UNCERTAINTY') );
#4539 = ( LENGTH_UNIT() NAMED_UNIT(*) SI_UNIT(.MILLI.,.METRE.) );
#4540 = ( NAMED_UNIT(*) PLANE_ANGLE_UNIT() SI_UNIT($,.RADIAN.) );
#4541 = ( NAMED_UNIT(*) SI_UNIT($,.STERADIAN.) SOLID_ANGLE_UNIT() );
#4542 = UNCERTAINTY_MEASURE_WITH_UNIT(LENGTH_MEASURE(1.E-07),#4539,
  'distance_accuracy_value','confusion accuracy');
#4543 = CONTEXT_DEPENDENT_SHAPE_REPRESENTATION(#4544,#4546);
#4544 = ( REPRESENTATION_RELATIONSHIP('','',#4513,#10) 
REPRESENTATION_RELATIONSHIP_WITH_TRANSFORMATION(#4545) 
SHAPE_REPRESENTATION_RELATIONSHIP() );
#4545 = ITEM_DEFINED_TRANSFORMATION('','',#11,#27);
#4546 = PRODUCT_DEFINITION_SHAPE('Placement','Placement of an item',
  #4547);
#4547 = NEXT_ASSEMBLY_USAGE_OCCURRENCE('10','D1','',#5,#4508,$);
#4548 = PRODUCT_RELATED_PRODUCT_CATEGORY('part',$,(#4510));
#4549 = SHAPE_DEFINITION_REPRESENTATION(#4550,#4556);
#4550 = PRODUCT_DEFINITION_SHAPE('','',#4551);
#4551 = PRODUCT_DEFINITION('design','',#4552,#4555);
#4552 = PRODUCT_DEFINITION_FORMATION('','',#4553);
#4553 = PRODUCT('11000063_1_1_1','11000063_1_1_1','',(#4554));
#4554 = PRODUCT_CONTEXT('',#2,'mechanical');
#4555 = PRODUCT_DEFINITION_CONTEXT('part definition',#2,'design');
#4556 = ADVANCED_BREP_SHAPE_REPRESENTATION('',(#11,#4557),#4919);
#4557 = MANIFOLD_SOLID_BREP('',#4558);
#4558 = CLOSED_SHELL('',(#4559,#4599,#4630,#4706,#4730,#4779,#4796,#4813
    ,#4830,#4847,#4859,#4891,#4909));
#4559 = ADVANCED_FACE('',(#4560),#4594,.T.);
#4560 = FACE_BOUND('',#4561,.F.);
#4561 = EDGE_LOOP('',(#4562,#4572,#4580,#4588));
#4562 = ORIENTED_EDGE('',*,*,#4563,.T.);
#4563 = EDGE_CURVE('',#4564,#4566,#4568,.T.);
#4564 = VERTEX_POINT('',#4565);
#4565 = CARTESIAN_POINT('',(-9.25,0.,-4.9));
#4566 = VERTEX_POINT('',#4567);
#4567 = CARTESIAN_POINT('',(-9.25,0.,4.9));
#4568 = LINE('',#4569,#4570);
#4569 = CARTESIAN_POINT('',(-9.25,0.,-4.9));
#4570 = VECTOR('',#4571,1.);
#4571 = DIRECTION('',(0.,0.,1.));
#4572 = ORIENTED_EDGE('',*,*,#4573,.T.);
#4573 = EDGE_CURVE('',#4566,#4574,#4576,.T.);
#4574 = VERTEX_POINT('',#4575);
#4575 = CARTESIAN_POINT('',(-9.75,0.,4.9));
#4576 = LINE('',#4577,#4578);
#4577 = CARTESIAN_POINT('',(-9.25,0.,4.9));
#4578 = VECTOR('',#4579,1.);
#4579 = DIRECTION('',(-1.,0.,-3.907985046681E-14));
#4580 = ORIENTED_EDGE('',*,*,#4581,.T.);
#4581 = EDGE_CURVE('',#4574,#4582,#4584,.T.);
#4582 = VERTEX_POINT('',#4583);
#4583 = CARTESIAN_POINT('',(-9.75,0.,-4.9));
#4584 = LINE('',#4585,#4586);
#4585 = CARTESIAN_POINT('',(-9.75,0.,4.9));
#4586 = VECTOR('',#4587,1.);
#4587 = DIRECTION('',(0.,0.,-1.));
#4588 = ORIENTED_EDGE('',*,*,#4589,.T.);
#4589 = EDGE_CURVE('',#4582,#4564,#4590,.T.);
#4590 = LINE('',#4591,#4592);
#4591 = CARTESIAN_POINT('',(-9.75,0.,-4.9));
#4592 = VECTOR('',#4593,1.);
#4593 = DIRECTION('',(1.,0.,0.));
#4594 = PLANE('',#4595);
#4595 = AXIS2_PLACEMENT_3D('',#4596,#4597,#4598);
#4596 = CARTESIAN_POINT('',(0.,0.,0.));
#4597 = DIRECTION('',(0.,1.,0.));
#4598 = DIRECTION('',(1.,0.,0.));
#4599 = ADVANCED_FACE('',(#4600),#4625,.F.);
#4600 = FACE_BOUND('',#4601,.F.);
#4601 = EDGE_LOOP('',(#4602,#4603,#4611,#4619));
#4602 = ORIENTED_EDGE('',*,*,#4563,.F.);
#4603 = ORIENTED_EDGE('',*,*,#4604,.T.);
#4604 = EDGE_CURVE('',#4564,#4605,#4607,.T.);
#4605 = VERTEX_POINT('',#4606);
#4606 = CARTESIAN_POINT('',(-9.25,-0.5,-4.891272467536));
#4607 = LINE('',#4608,#4609);
#4608 = CARTESIAN_POINT('',(-9.25,0.,-4.9));
#4609 = VECTOR('',#4610,1.);
#4610 = DIRECTION('',(0.,-0.999847695156,1.745240643716E-02));
#4611 = ORIENTED_EDGE('',*,*,#4612,.F.);
#4612 = EDGE_CURVE('',#4613,#4605,#4615,.T.);
#4613 = VERTEX_POINT('',#4614);
#4614 = CARTESIAN_POINT('',(-9.25,-0.5,4.891272467536));
#4615 = LINE('',#4616,#4617);
#4616 = CARTESIAN_POINT('',(-9.25,-0.5,4.891272467536));
#4617 = VECTOR('',#4618,1.);
#4618 = DIRECTION('',(0.,0.,-1.));
#4619 = ORIENTED_EDGE('',*,*,#4620,.T.);
#4620 = EDGE_CURVE('',#4613,#4566,#4621,.T.);
#4621 = LINE('',#4622,#4623);
#4622 = CARTESIAN_POINT('',(-9.25,-0.5,4.891272467536));
#4623 = VECTOR('',#4624,1.);
#4624 = DIRECTION('',(0.,0.999847695156,1.745240643721E-02));
#4625 = PLANE('',#4626);
#4626 = AXIS2_PLACEMENT_3D('',#4627,#4628,#4629);
#4627 = CARTESIAN_POINT('',(-9.25,0.,-7.413348419368));
#4628 = DIRECTION('',(-1.,0.,0.));
#4629 = DIRECTION('',(0.,0.,1.));
#4630 = ADVANCED_FACE('',(#4631,#4681),#4701,.T.);
#4631 = FACE_BOUND('',#4632,.F.);
#4632 = EDGE_LOOP('',(#4633,#4641,#4642,#4643,#4651,#4659,#4667,#4675));
#4633 = ORIENTED_EDGE('',*,*,#4634,.T.);
#4634 = EDGE_CURVE('',#4635,#4605,#4637,.T.);
#4635 = VERTEX_POINT('',#4636);
#4636 = CARTESIAN_POINT('',(9.25,-0.5,-4.891272467536));
#4637 = LINE('',#4638,#4639);
#4638 = CARTESIAN_POINT('',(9.25,-0.5,-4.891272467536));
#4639 = VECTOR('',#4640,1.);
#4640 = DIRECTION('',(-1.,0.,0.));
#4641 = ORIENTED_EDGE('',*,*,#4604,.F.);
#4642 = ORIENTED_EDGE('',*,*,#4589,.F.);
#4643 = ORIENTED_EDGE('',*,*,#4644,.F.);
#4644 = EDGE_CURVE('',#4645,#4582,#4647,.T.);
#4645 = VERTEX_POINT('',#4646);
#4646 = CARTESIAN_POINT('',(-9.531811688397,-12.5,-4.681811688397));
#4647 = LINE('',#4648,#4649);
#4648 = CARTESIAN_POINT('',(-9.531811688397,-12.5,-4.681811688397));
#4649 = VECTOR('',#4650,1.);
#4650 = DIRECTION('',(-1.744974916069E-02,0.999695459882,
    -1.744974916069E-02));
#4651 = ORIENTED_EDGE('',*,*,#4652,.T.);
#4652 = EDGE_CURVE('',#4645,#4653,#4655,.T.);
#4653 = VERTEX_POINT('',#4654);
#4654 = CARTESIAN_POINT('',(9.531811688397,-12.5,-4.681811688397));
#4655 = LINE('',#4656,#4657);
#4656 = CARTESIAN_POINT('',(-9.531811688397,-12.5,-4.681811688397));
#4657 = VECTOR('',#4658,1.);
#4658 = DIRECTION('',(1.,0.,0.));
#4659 = ORIENTED_EDGE('',*,*,#4660,.T.);
#4660 = EDGE_CURVE('',#4653,#4661,#4663,.T.);
#4661 = VERTEX_POINT('',#4662);
#4662 = CARTESIAN_POINT('',(9.75,0.,-4.9));
#4663 = LINE('',#4664,#4665);
#4664 = CARTESIAN_POINT('',(9.531811688397,-12.5,-4.681811688397));
#4665 = VECTOR('',#4666,1.);
#4666 = DIRECTION('',(1.744974916069E-02,0.999695459882,
    -1.744974916069E-02));
#4667 = ORIENTED_EDGE('',*,*,#4668,.F.);
#4668 = EDGE_CURVE('',#4669,#4661,#4671,.T.);
#4669 = VERTEX_POINT('',#4670);
#4670 = CARTESIAN_POINT('',(9.25,0.,-4.9));
#4671 = LINE('',#4672,#4673);
#4672 = CARTESIAN_POINT('',(9.25,0.,-4.9));
#4673 = VECTOR('',#4674,1.);
#4674 = DIRECTION('',(1.,0.,4.263256414561E-14));
#4675 = ORIENTED_EDGE('',*,*,#4676,.F.);
#4676 = EDGE_CURVE('',#4635,#4669,#4677,.T.);
#4677 = LINE('',#4678,#4679);
#4678 = CARTESIAN_POINT('',(9.25,-0.5,-4.891272467536));
#4679 = VECTOR('',#4680,1.);
#4680 = DIRECTION('',(0.,0.999847695156,-1.745240643721E-02));
#4681 = FACE_BOUND('',#4682,.F.);
#4682 = EDGE_LOOP('',(#4683,#4694));
#4683 = ORIENTED_EDGE('',*,*,#4684,.T.);
#4684 = EDGE_CURVE('',#4685,#4687,#4689,.T.);
#4685 = VERTEX_POINT('',#4686);
#4686 = CARTESIAN_POINT('',(-7.189,-1.64626601906,-4.871264319748));
#4687 = VERTEX_POINT('',#4688);
#4688 = CARTESIAN_POINT('',(-8.189,-1.64626601906,-4.871264319748));
#4689 = CIRCLE('',#4690,0.5);
#4690 = AXIS2_PLACEMENT_3D('',#4691,#4692,#4693);
#4691 = CARTESIAN_POINT('',(-7.689,-1.64626601906,-4.871264319748));
#4692 = DIRECTION('',(0.,-1.745240643728E-02,-0.999847695156));
#4693 = DIRECTION('',(1.,0.,0.));
#4694 = ORIENTED_EDGE('',*,*,#4695,.T.);
#4695 = EDGE_CURVE('',#4687,#4685,#4696,.T.);
#4696 = CIRCLE('',#4697,0.5);
#4697 = AXIS2_PLACEMENT_3D('',#4698,#4699,#4700);
#4698 = CARTESIAN_POINT('',(-7.689,-1.64626601906,-4.871264319748));
#4699 = DIRECTION('',(0.,-1.745240643728E-02,-0.999847695156));
#4700 = DIRECTION('',(-1.,-0.,0.));
#4701 = PLANE('',#4702);
#4702 = AXIS2_PLACEMENT_3D('',#4703,#4704,#4705);
#4703 = CARTESIAN_POINT('',(11.05180417492,0.,-4.9));
#4704 = DIRECTION('',(0.,-1.745240643728E-02,-0.999847695156));
#4705 = DIRECTION('',(-1.,-0.,0.));
#4706 = ADVANCED_FACE('',(#4707),#4725,.T.);
#4707 = FACE_BOUND('',#4708,.F.);
#4708 = EDGE_LOOP('',(#4709,#4717,#4718,#4719));
#4709 = ORIENTED_EDGE('',*,*,#4710,.T.);
#4710 = EDGE_CURVE('',#4711,#4613,#4713,.T.);
#4711 = VERTEX_POINT('',#4712);
#4712 = CARTESIAN_POINT('',(9.25,-0.5,4.891272467536));
#4713 = LINE('',#4714,#4715);
#4714 = CARTESIAN_POINT('',(9.25,-0.5,4.891272467536));
#4715 = VECTOR('',#4716,1.);
#4716 = DIRECTION('',(-1.,0.,0.));
#4717 = ORIENTED_EDGE('',*,*,#4612,.T.);
#4718 = ORIENTED_EDGE('',*,*,#4634,.F.);
#4719 = ORIENTED_EDGE('',*,*,#4720,.T.);
#4720 = EDGE_CURVE('',#4635,#4711,#4721,.T.);
#4721 = LINE('',#4722,#4723);
#4722 = CARTESIAN_POINT('',(9.25,-0.5,-4.891272467536));
#4723 = VECTOR('',#4724,1.);
#4724 = DIRECTION('',(0.,0.,1.));
#4725 = PLANE('',#4726);
#4726 = AXIS2_PLACEMENT_3D('',#4727,#4728,#4729);
#4727 = CARTESIAN_POINT('',(0.,-0.5,0.));
#4728 = DIRECTION('',(0.,1.,0.));
#4729 = DIRECTION('',(1.,0.,0.));
#4730 = ADVANCED_FACE('',(#4731),#4774,.T.);
#4731 = FACE_BOUND('',#4732,.F.);
#4732 = EDGE_LOOP('',(#4733,#4734,#4742,#4750,#4758,#4766,#4772,#4773));
#4733 = ORIENTED_EDGE('',*,*,#4710,.F.);
#4734 = ORIENTED_EDGE('',*,*,#4735,.F.);
#4735 = EDGE_CURVE('',#4736,#4711,#4738,.T.);
#4736 = VERTEX_POINT('',#4737);
#4737 = CARTESIAN_POINT('',(9.25,0.,4.9));
#4738 = LINE('',#4739,#4740);
#4739 = CARTESIAN_POINT('',(9.25,0.,4.9));
#4740 = VECTOR('',#4741,1.);
#4741 = DIRECTION('',(0.,-0.999847695156,-1.745240643716E-02));
#4742 = ORIENTED_EDGE('',*,*,#4743,.F.);
#4743 = EDGE_CURVE('',#4744,#4736,#4746,.T.);
#4744 = VERTEX_POINT('',#4745);
#4745 = CARTESIAN_POINT('',(9.75,0.,4.9));
#4746 = LINE('',#4747,#4748);
#4747 = CARTESIAN_POINT('',(9.75,0.,4.9));
#4748 = VECTOR('',#4749,1.);
#4749 = DIRECTION('',(-1.,0.,0.));
#4750 = ORIENTED_EDGE('',*,*,#4751,.F.);
#4751 = EDGE_CURVE('',#4752,#4744,#4754,.T.);
#4752 = VERTEX_POINT('',#4753);
#4753 = CARTESIAN_POINT('',(9.531811688397,-12.5,4.681811688397));
#4754 = LINE('',#4755,#4756);
#4755 = CARTESIAN_POINT('',(9.531811688397,-12.5,4.681811688397));
#4756 = VECTOR('',#4757,1.);
#4757 = DIRECTION('',(1.744974916069E-02,0.999695459882,
    1.744974916069E-02));
#4758 = ORIENTED_EDGE('',*,*,#4759,.T.);
#4759 = EDGE_CURVE('',#4752,#4760,#4762,.T.);
#4760 = VERTEX_POINT('',#4761);
#4761 = CARTESIAN_POINT('',(-9.531811688397,-12.5,4.681811688397));
#4762 = LINE('',#4763,#4764);
#4763 = CARTESIAN_POINT('',(9.531811688397,-12.5,4.681811688397));
#4764 = VECTOR('',#4765,1.);
#4765 = DIRECTION('',(-1.,0.,0.));
#4766 = ORIENTED_EDGE('',*,*,#4767,.T.);
#4767 = EDGE_CURVE('',#4760,#4574,#4768,.T.);
#4768 = LINE('',#4769,#4770);
#4769 = CARTESIAN_POINT('',(-9.531811688397,-12.5,4.681811688397));
#4770 = VECTOR('',#4771,1.);
#4771 = DIRECTION('',(-1.744974916069E-02,0.999695459882,
    1.744974916069E-02));
#4772 = ORIENTED_EDGE('',*,*,#4573,.F.);
#4773 = ORIENTED_EDGE('',*,*,#4620,.F.);
#4774 = PLANE('',#4775);
#4775 = AXIS2_PLACEMENT_3D('',#4776,#4777,#4778);
#4776 = CARTESIAN_POINT('',(-11.05180417492,0.,4.9));
#4777 = DIRECTION('',(0.,-1.745240643728E-02,0.999847695156));
#4778 = DIRECTION('',(1.,0.,0.));
#4779 = ADVANCED_FACE('',(#4780),#4791,.F.);
#4780 = FACE_BOUND('',#4781,.F.);
#4781 = EDGE_LOOP('',(#4782,#4788,#4789,#4790));
#4782 = ORIENTED_EDGE('',*,*,#4783,.T.);
#4783 = EDGE_CURVE('',#4669,#4736,#4784,.T.);
#4784 = LINE('',#4785,#4786);
#4785 = CARTESIAN_POINT('',(9.25,0.,-4.9));
#4786 = VECTOR('',#4787,1.);
#4787 = DIRECTION('',(0.,0.,1.));
#4788 = ORIENTED_EDGE('',*,*,#4735,.T.);
#4789 = ORIENTED_EDGE('',*,*,#4720,.F.);
#4790 = ORIENTED_EDGE('',*,*,#4676,.T.);
#4791 = PLANE('',#4792);
#4792 = AXIS2_PLACEMENT_3D('',#4793,#4794,#4795);
#4793 = CARTESIAN_POINT('',(9.25,0.,6.051397143994));
#4794 = DIRECTION('',(1.,0.,0.));
#4795 = DIRECTION('',(0.,0.,-1.));
#4796 = ADVANCED_FACE('',(#4797),#4808,.T.);
#4797 = FACE_BOUND('',#4798,.F.);
#4798 = EDGE_LOOP('',(#4799,#4800,#4801,#4807));
#4799 = ORIENTED_EDGE('',*,*,#4783,.F.);
#4800 = ORIENTED_EDGE('',*,*,#4668,.T.);
#4801 = ORIENTED_EDGE('',*,*,#4802,.T.);
#4802 = EDGE_CURVE('',#4661,#4744,#4803,.T.);
#4803 = LINE('',#4804,#4805);
#4804 = CARTESIAN_POINT('',(9.75,0.,-4.9));
#4805 = VECTOR('',#4806,1.);
#4806 = DIRECTION('',(0.,0.,1.));
#4807 = ORIENTED_EDGE('',*,*,#4743,.T.);
#4808 = PLANE('',#4809);
#4809 = AXIS2_PLACEMENT_3D('',#4810,#4811,#4812);
#4810 = CARTESIAN_POINT('',(0.,0.,0.));
#4811 = DIRECTION('',(0.,1.,0.));
#4812 = DIRECTION('',(1.,0.,0.));
#4813 = ADVANCED_FACE('',(#4814),#4825,.T.);
#4814 = FACE_BOUND('',#4815,.F.);
#4815 = EDGE_LOOP('',(#4816,#4817,#4818,#4824));
#4816 = ORIENTED_EDGE('',*,*,#4802,.F.);
#4817 = ORIENTED_EDGE('',*,*,#4660,.F.);
#4818 = ORIENTED_EDGE('',*,*,#4819,.T.);
#4819 = EDGE_CURVE('',#4653,#4752,#4820,.T.);
#4820 = LINE('',#4821,#4822);
#4821 = CARTESIAN_POINT('',(9.531811688397,-12.5,-4.681811688397));
#4822 = VECTOR('',#4823,1.);
#4823 = DIRECTION('',(0.,0.,1.));
#4824 = ORIENTED_EDGE('',*,*,#4751,.T.);
#4825 = PLANE('',#4826);
#4826 = AXIS2_PLACEMENT_3D('',#4827,#4828,#4829);
#4827 = CARTESIAN_POINT('',(9.75,0.,6.201804174921));
#4828 = DIRECTION('',(0.999847695156,-1.745240643728E-02,0.));
#4829 = DIRECTION('',(0.,0.,-1.));
#4830 = ADVANCED_FACE('',(#4831),#4842,.F.);
#4831 = FACE_BOUND('',#4832,.F.);
#4832 = EDGE_LOOP('',(#4833,#4839,#4840,#4841));
#4833 = ORIENTED_EDGE('',*,*,#4834,.F.);
#4834 = EDGE_CURVE('',#4760,#4645,#4835,.T.);
#4835 = LINE('',#4836,#4837);
#4836 = CARTESIAN_POINT('',(-9.531811688397,-12.5,4.681811688397));
#4837 = VECTOR('',#4838,1.);
#4838 = DIRECTION('',(0.,0.,-1.));
#4839 = ORIENTED_EDGE('',*,*,#4759,.F.);
#4840 = ORIENTED_EDGE('',*,*,#4819,.F.);
#4841 = ORIENTED_EDGE('',*,*,#4652,.F.);
#4842 = PLANE('',#4843);
#4843 = AXIS2_PLACEMENT_3D('',#4844,#4845,#4846);
#4844 = CARTESIAN_POINT('',(0.,-12.5,0.));
#4845 = DIRECTION('',(0.,1.,0.));
#4846 = DIRECTION('',(1.,0.,0.));
#4847 = ADVANCED_FACE('',(#4848),#4854,.T.);
#4848 = FACE_BOUND('',#4849,.F.);
#4849 = EDGE_LOOP('',(#4850,#4851,#4852,#4853));
#4850 = ORIENTED_EDGE('',*,*,#4581,.F.);
#4851 = ORIENTED_EDGE('',*,*,#4767,.F.);
#4852 = ORIENTED_EDGE('',*,*,#4834,.T.);
#4853 = ORIENTED_EDGE('',*,*,#4644,.T.);
#4854 = PLANE('',#4855);
#4855 = AXIS2_PLACEMENT_3D('',#4856,#4857,#4858);
#4856 = CARTESIAN_POINT('',(-9.75,0.,-6.201804174921));
#4857 = DIRECTION('',(-0.999847695156,-1.745240643728E-02,0.));
#4858 = DIRECTION('',(0.,0.,1.));
#4859 = ADVANCED_FACE('',(#4860),#4886,.F.);
#4860 = FACE_BOUND('',#4861,.F.);
#4861 = EDGE_LOOP('',(#4862,#4863,#4871,#4880));
#4862 = ORIENTED_EDGE('',*,*,#4684,.F.);
#4863 = ORIENTED_EDGE('',*,*,#4864,.T.);
#4864 = EDGE_CURVE('',#4685,#4865,#4867,.T.);
#4865 = VERTEX_POINT('',#4866);
#4866 = CARTESIAN_POINT('',(-7.189,-1.646091494996,-4.861265842797));
#4867 = LINE('',#4868,#4869);
#4868 = CARTESIAN_POINT('',(-7.189,-1.64626601906,-4.871264319748));
#4869 = VECTOR('',#4870,1.);
#4870 = DIRECTION('',(-7.993605777546E-13,1.745240641915E-02,
    0.999847695157));
#4871 = ORIENTED_EDGE('',*,*,#4872,.F.);
#4872 = EDGE_CURVE('',#4873,#4865,#4875,.T.);
#4873 = VERTEX_POINT('',#4874);
#4874 = CARTESIAN_POINT('',(-8.189,-1.646091494996,-4.861265842797));
#4875 = CIRCLE('',#4876,0.5);
#4876 = AXIS2_PLACEMENT_3D('',#4877,#4878,#4879);
#4877 = CARTESIAN_POINT('',(-7.689,-1.646091494996,-4.861265842797));
#4878 = DIRECTION('',(-3.155443620884E-30,1.745240643728E-02,
    0.999847695156));
#4879 = DIRECTION('',(-1.,-1.088472089102E-12,1.899935098782E-14));
#4880 = ORIENTED_EDGE('',*,*,#4881,.F.);
#4881 = EDGE_CURVE('',#4687,#4873,#4882,.T.);
#4882 = LINE('',#4883,#4884);
#4883 = CARTESIAN_POINT('',(-8.189,-1.64626601906,-4.871264319748));
#4884 = VECTOR('',#4885,1.);
#4885 = DIRECTION('',(-7.105427357818E-13,1.74524064192E-02,
    0.999847695157));
#4886 = CYLINDRICAL_SURFACE('',#4887,0.5);
#4887 = AXIS2_PLACEMENT_3D('',#4888,#4889,#4890);
#4888 = CARTESIAN_POINT('',(-7.689,-1.64626601906,-4.871264319748));
#4889 = DIRECTION('',(0.,-1.745240643728E-02,-0.999847695156));
#4890 = DIRECTION('',(1.,0.,0.));
#4891 = ADVANCED_FACE('',(#4892),#4904,.F.);
#4892 = FACE_BOUND('',#4893,.F.);
#4893 = EDGE_LOOP('',(#4894,#4895,#4896,#4903));
#4894 = ORIENTED_EDGE('',*,*,#4695,.F.);
#4895 = ORIENTED_EDGE('',*,*,#4881,.T.);
#4896 = ORIENTED_EDGE('',*,*,#4897,.F.);
#4897 = EDGE_CURVE('',#4865,#4873,#4898,.T.);
#4898 = CIRCLE('',#4899,0.5);
#4899 = AXIS2_PLACEMENT_3D('',#4900,#4901,#4902);
#4900 = CARTESIAN_POINT('',(-7.689,-1.646091494996,-4.861265842797));
#4901 = DIRECTION('',(3.155443620884E-30,1.745240643728E-02,
    0.999847695156));
#4902 = DIRECTION('',(1.,-1.088472089102E-12,1.899935098782E-14));
#4903 = ORIENTED_EDGE('',*,*,#4864,.F.);
#4904 = CYLINDRICAL_SURFACE('',#4905,0.5);
#4905 = AXIS2_PLACEMENT_3D('',#4906,#4907,#4908);
#4906 = CARTESIAN_POINT('',(-7.689,-1.64626601906,-4.871264319748));
#4907 = DIRECTION('',(0.,-1.745240643728E-02,-0.999847695156));
#4908 = DIRECTION('',(1.,0.,0.));
#4909 = ADVANCED_FACE('',(#4910),#4914,.T.);
#4910 = FACE_BOUND('',#4911,.F.);
#4911 = EDGE_LOOP('',(#4912,#4913));
#4912 = ORIENTED_EDGE('',*,*,#4872,.T.);
#4913 = ORIENTED_EDGE('',*,*,#4897,.T.);
#4914 = PLANE('',#4915);
#4915 = AXIS2_PLACEMENT_3D('',#4916,#4917,#4918);
#4916 = CARTESIAN_POINT('',(0.,-8.532924285674E-02,-4.888509049245));
#4917 = DIRECTION('',(0.,-1.745240643728E-02,-0.999847695156));
#4918 = DIRECTION('',(1.,0.,0.));
#4919 = ( GEOMETRIC_REPRESENTATION_CONTEXT(3) 
GLOBAL_UNCERTAINTY_ASSIGNED_CONTEXT((#4923)) 
GLOBAL_UNIT_ASSIGNED_CONTEXT((#4920,#4921,#4922)) REPRESENTATION_CONTEXT
('Context #1','3D Context with UNIT and UNCERTAINTY') );
#4920 = ( LENGTH_UNIT() NAMED_UNIT(*) SI_UNIT(.MILLI.,.METRE.) );
#4921 = ( NAMED_UNIT(*) PLANE_ANGLE_UNIT() SI_UNIT($,.RADIAN.) );
#4922 = ( NAMED_UNIT(*) SI_UNIT($,.STERADIAN.) SOLID_ANGLE_UNIT() );
#4923 = UNCERTAINTY_MEASURE_WITH_UNIT(LENGTH_MEASURE(1.E-07),#4920,
  'distance_accuracy_value','confusion accuracy');
#4924 = CONTEXT_DEPENDENT_SHAPE_REPRESENTATION(#4925,#4927);
#4925 = ( REPRESENTATION_RELATIONSHIP('','',#4556,#4513) 
REPRESENTATION_RELATIONSHIP_WITH_TRANSFORMATION(#4926) 
SHAPE_REPRESENTATION_RELATIONSHIP() );
#4926 = ITEM_DEFINED_TRANSFORMATION('','',#11,#4514);
#4927 = PRODUCT_DEFINITION_SHAPE('Placement','Placement of an item',
  #4928);
#4928 = NEXT_ASSEMBLY_USAGE_OCCURRENCE('4','11000063','',#4508,#4551,$);
#4929 = PRODUCT_RELATED_PRODUCT_CATEGORY('part',$,(#4553));
#4930 = SHAPE_DEFINITION_REPRESENTATION(#4931,#4937);
#4931 = PRODUCT_DEFINITION_SHAPE('','',#4932);
#4932 = PRODUCT_DEFINITION('design','',#4933,#4936);
#4933 = PRODUCT_DEFINITION_FORMATION('','',#4934);
#4934 = PRODUCT('PIN_1_1_1','PIN_1_1_1','',(#4935));
#4935 = PRODUCT_CONTEXT('',#2,'mechanical');
#4936 = PRODUCT_DEFINITION_CONTEXT('part definition',#2,'design');
#4937 = ADVANCED_BREP_SHAPE_REPRESENTATION('',(#11,#4938),#5088);
#4938 = MANIFOLD_SOLID_BREP('',#4939);
#4939 = CLOSED_SHELL('',(#4940,#4980,#5011,#5035,#5059,#5076));
#4940 = ADVANCED_FACE('',(#4941),#4975,.F.);
#4941 = FACE_BOUND('',#4942,.F.);
#4942 = EDGE_LOOP('',(#4943,#4953,#4961,#4969));
#4943 = ORIENTED_EDGE('',*,*,#4944,.F.);
#4944 = EDGE_CURVE('',#4945,#4947,#4949,.T.);
#4945 = VERTEX_POINT('',#4946);
#4946 = CARTESIAN_POINT('',(-0.25,-2.3,0.15));
#4947 = VERTEX_POINT('',#4948);
#4948 = CARTESIAN_POINT('',(-0.25,-2.3,-0.15));
#4949 = LINE('',#4950,#4951);
#4950 = CARTESIAN_POINT('',(-0.25,-2.3,0.15));
#4951 = VECTOR('',#4952,1.);
#4952 = DIRECTION('',(0.,0.,-1.));
#4953 = ORIENTED_EDGE('',*,*,#4954,.F.);
#4954 = EDGE_CURVE('',#4955,#4945,#4957,.T.);
#4955 = VERTEX_POINT('',#4956);
#4956 = CARTESIAN_POINT('',(0.25,-2.3,0.15));
#4957 = LINE('',#4958,#4959);
#4958 = CARTESIAN_POINT('',(0.25,-2.3,0.15));
#4959 = VECTOR('',#4960,1.);
#4960 = DIRECTION('',(-1.,0.,0.));
#4961 = ORIENTED_EDGE('',*,*,#4962,.F.);
#4962 = EDGE_CURVE('',#4963,#4955,#4965,.T.);
#4963 = VERTEX_POINT('',#4964);
#4964 = CARTESIAN_POINT('',(0.25,-2.3,-0.15));
#4965 = LINE('',#4966,#4967);
#4966 = CARTESIAN_POINT('',(0.25,-2.3,-0.15));
#4967 = VECTOR('',#4968,1.);
#4968 = DIRECTION('',(0.,0.,1.));
#4969 = ORIENTED_EDGE('',*,*,#4970,.F.);
#4970 = EDGE_CURVE('',#4947,#4963,#4971,.T.);
#4971 = LINE('',#4972,#4973);
#4972 = CARTESIAN_POINT('',(-0.25,-2.3,-0.15));
#4973 = VECTOR('',#4974,1.);
#4974 = DIRECTION('',(1.,0.,0.));
#4975 = PLANE('',#4976);
#4976 = AXIS2_PLACEMENT_3D('',#4977,#4978,#4979);
#4977 = CARTESIAN_POINT('',(0.,-2.3,0.));
#4978 = DIRECTION('',(0.,1.,0.));
#4979 = DIRECTION('',(1.,0.,0.));
#4980 = ADVANCED_FACE('',(#4981),#5006,.T.);
#4981 = FACE_BOUND('',#4982,.F.);
#4982 = EDGE_LOOP('',(#4983,#4984,#4992,#5000));
#4983 = ORIENTED_EDGE('',*,*,#4944,.T.);
#4984 = ORIENTED_EDGE('',*,*,#4985,.F.);
#4985 = EDGE_CURVE('',#4986,#4947,#4988,.T.);
#4986 = VERTEX_POINT('',#4987);
#4987 = CARTESIAN_POINT('',(-0.25,2.3,-0.15));
#4988 = LINE('',#4989,#4990);
#4989 = CARTESIAN_POINT('',(-0.25,2.3,-0.15));
#4990 = VECTOR('',#4991,1.);
#4991 = DIRECTION('',(0.,-1.,0.));
#4992 = ORIENTED_EDGE('',*,*,#4993,.F.);
#4993 = EDGE_CURVE('',#4994,#4986,#4996,.T.);
#4994 = VERTEX_POINT('',#4995);
#4995 = CARTESIAN_POINT('',(-0.25,2.3,0.15));
#4996 = LINE('',#4997,#4998);
#4997 = CARTESIAN_POINT('',(-0.25,2.3,0.15));
#4998 = VECTOR('',#4999,1.);
#4999 = DIRECTION('',(0.,0.,-1.));
#5000 = ORIENTED_EDGE('',*,*,#5001,.T.);
#5001 = EDGE_CURVE('',#4994,#4945,#5002,.T.);
#5002 = LINE('',#5003,#5004);
#5003 = CARTESIAN_POINT('',(-0.25,2.3,0.15));
#5004 = VECTOR('',#5005,1.);
#5005 = DIRECTION('',(0.,-1.,0.));
#5006 = PLANE('',#5007);
#5007 = AXIS2_PLACEMENT_3D('',#5008,#5009,#5010);
#5008 = CARTESIAN_POINT('',(-0.25,-2.3,-0.15));
#5009 = DIRECTION('',(-1.,0.,0.));
#5010 = DIRECTION('',(0.,0.,1.));
#5011 = ADVANCED_FACE('',(#5012),#5030,.T.);
#5012 = FACE_BOUND('',#5013,.F.);
#5013 = EDGE_LOOP('',(#5014,#5015,#5023,#5029));
#5014 = ORIENTED_EDGE('',*,*,#4970,.T.);
#5015 = ORIENTED_EDGE('',*,*,#5016,.F.);
#5016 = EDGE_CURVE('',#5017,#4963,#5019,.T.);
#5017 = VERTEX_POINT('',#5018);
#5018 = CARTESIAN_POINT('',(0.25,2.3,-0.15));
#5019 = LINE('',#5020,#5021);
#5020 = CARTESIAN_POINT('',(0.25,2.3,-0.15));
#5021 = VECTOR('',#5022,1.);
#5022 = DIRECTION('',(0.,-1.,0.));
#5023 = ORIENTED_EDGE('',*,*,#5024,.F.);
#5024 = EDGE_CURVE('',#4986,#5017,#5025,.T.);
#5025 = LINE('',#5026,#5027);
#5026 = CARTESIAN_POINT('',(-0.25,2.3,-0.15));
#5027 = VECTOR('',#5028,1.);
#5028 = DIRECTION('',(1.,0.,0.));
#5029 = ORIENTED_EDGE('',*,*,#4985,.T.);
#5030 = PLANE('',#5031);
#5031 = AXIS2_PLACEMENT_3D('',#5032,#5033,#5034);
#5032 = CARTESIAN_POINT('',(0.25,-2.3,-0.15));
#5033 = DIRECTION('',(0.,0.,-1.));
#5034 = DIRECTION('',(-1.,0.,0.));
#5035 = ADVANCED_FACE('',(#5036),#5054,.T.);
#5036 = FACE_BOUND('',#5037,.F.);
#5037 = EDGE_LOOP('',(#5038,#5039,#5047,#5053));
#5038 = ORIENTED_EDGE('',*,*,#4962,.T.);
#5039 = ORIENTED_EDGE('',*,*,#5040,.F.);
#5040 = EDGE_CURVE('',#5041,#4955,#5043,.T.);
#5041 = VERTEX_POINT('',#5042);
#5042 = CARTESIAN_POINT('',(0.25,2.3,0.15));
#5043 = LINE('',#5044,#5045);
#5044 = CARTESIAN_POINT('',(0.25,2.3,0.15));
#5045 = VECTOR('',#5046,1.);
#5046 = DIRECTION('',(0.,-1.,0.));
#5047 = ORIENTED_EDGE('',*,*,#5048,.F.);
#5048 = EDGE_CURVE('',#5017,#5041,#5049,.T.);
#5049 = LINE('',#5050,#5051);
#5050 = CARTESIAN_POINT('',(0.25,2.3,-0.15));
#5051 = VECTOR('',#5052,1.);
#5052 = DIRECTION('',(0.,0.,1.));
#5053 = ORIENTED_EDGE('',*,*,#5016,.T.);
#5054 = PLANE('',#5055);
#5055 = AXIS2_PLACEMENT_3D('',#5056,#5057,#5058);
#5056 = CARTESIAN_POINT('',(0.25,-2.3,0.15));
#5057 = DIRECTION('',(1.,0.,0.));
#5058 = DIRECTION('',(0.,0.,-1.));
#5059 = ADVANCED_FACE('',(#5060),#5071,.T.);
#5060 = FACE_BOUND('',#5061,.F.);
#5061 = EDGE_LOOP('',(#5062,#5063,#5064,#5070));
#5062 = ORIENTED_EDGE('',*,*,#4954,.T.);
#5063 = ORIENTED_EDGE('',*,*,#5001,.F.);
#5064 = ORIENTED_EDGE('',*,*,#5065,.F.);
#5065 = EDGE_CURVE('',#5041,#4994,#5066,.T.);
#5066 = LINE('',#5067,#5068);
#5067 = CARTESIAN_POINT('',(0.25,2.3,0.15));
#5068 = VECTOR('',#5069,1.);
#5069 = DIRECTION('',(-1.,0.,0.));
#5070 = ORIENTED_EDGE('',*,*,#5040,.T.);
#5071 = PLANE('',#5072);
#5072 = AXIS2_PLACEMENT_3D('',#5073,#5074,#5075);
#5073 = CARTESIAN_POINT('',(-0.25,-2.3,0.15));
#5074 = DIRECTION('',(0.,0.,1.));
#5075 = DIRECTION('',(1.,0.,-0.));
#5076 = ADVANCED_FACE('',(#5077),#5083,.T.);
#5077 = FACE_BOUND('',#5078,.F.);
#5078 = EDGE_LOOP('',(#5079,#5080,#5081,#5082));
#5079 = ORIENTED_EDGE('',*,*,#4993,.T.);
#5080 = ORIENTED_EDGE('',*,*,#5024,.T.);
#5081 = ORIENTED_EDGE('',*,*,#5048,.T.);
#5082 = ORIENTED_EDGE('',*,*,#5065,.T.);
#5083 = PLANE('',#5084);
#5084 = AXIS2_PLACEMENT_3D('',#5085,#5086,#5087);
#5085 = CARTESIAN_POINT('',(0.,2.3,0.));
#5086 = DIRECTION('',(0.,1.,0.));
#5087 = DIRECTION('',(1.,0.,0.));
#5088 = ( GEOMETRIC_REPRESENTATION_CONTEXT(3) 
GLOBAL_UNCERTAINTY_ASSIGNED_CONTEXT((#5092)) 
GLOBAL_UNIT_ASSIGNED_CONTEXT((#5089,#5090,#5091)) REPRESENTATION_CONTEXT
('Context #1','3D Context with UNIT and UNCERTAINTY') );
#5089 = ( LENGTH_UNIT() NAMED_UNIT(*) SI_UNIT(.MILLI.,.METRE.) );
#5090 = ( NAMED_UNIT(*) PLANE_ANGLE_UNIT() SI_UNIT($,.RADIAN.) );
#5091 = ( NAMED_UNIT(*) SI_UNIT($,.STERADIAN.) SOLID_ANGLE_UNIT() );
#5092 = UNCERTAINTY_MEASURE_WITH_UNIT(LENGTH_MEASURE(1.E-07),#5089,
  'distance_accuracy_value','confusion accuracy');
#5093 = CONTEXT_DEPENDENT_SHAPE_REPRESENTATION(#5094,#5096);
#5094 = ( REPRESENTATION_RELATIONSHIP('','',#4937,#4513) 
REPRESENTATION_RELATIONSHIP_WITH_TRANSFORMATION(#5095) 
SHAPE_REPRESENTATION_RELATIONSHIP() );
#5095 = ITEM_DEFINED_TRANSFORMATION('','',#11,#4518);
#5096 = PRODUCT_DEFINITION_SHAPE('Placement','Placement of an item',
  #5097);
#5097 = NEXT_ASSEMBLY_USAGE_OCCURRENCE('5','PIN','',#4508,#4932,$);
#5098 = PRODUCT_RELATED_PRODUCT_CATEGORY('part',$,(#4934));
#5099 = CONTEXT_DEPENDENT_SHAPE_REPRESENTATION(#5100,#5102);
#5100 = ( REPRESENTATION_RELATIONSHIP('','',#4937,#4513) 
REPRESENTATION_RELATIONSHIP_WITH_TRANSFORMATION(#5101) 
SHAPE_REPRESENTATION_RELATIONSHIP() );
#5101 = ITEM_DEFINED_TRANSFORMATION('','',#11,#4522);
#5102 = PRODUCT_DEFINITION_SHAPE('Placement','Placement of an item',
  #5103);
#5103 = NEXT_ASSEMBLY_USAGE_OCCURRENCE('6','PIN_1_1','',#4508,#4932,$);
#5104 = CONTEXT_DEPENDENT_SHAPE_REPRESENTATION(#5105,#5107);
#5105 = ( REPRESENTATION_RELATIONSHIP('','',#4937,#4513) 
REPRESENTATION_RELATIONSHIP_WITH_TRANSFORMATION(#5106) 
SHAPE_REPRESENTATION_RELATIONSHIP() );
#5106 = ITEM_DEFINED_TRANSFORMATION('','',#11,#4526);
#5107 = PRODUCT_DEFINITION_SHAPE('Placement','Placement of an item',
  #5108);
#5108 = NEXT_ASSEMBLY_USAGE_OCCURRENCE('7','PIN_1_1_1','',#4508,#4932,$
  );
#5109 = CONTEXT_DEPENDENT_SHAPE_REPRESENTATION(#5110,#5112);
#5110 = ( REPRESENTATION_RELATIONSHIP('','',#4937,#4513) 
REPRESENTATION_RELATIONSHIP_WITH_TRANSFORMATION(#5111) 
SHAPE_REPRESENTATION_RELATIONSHIP() );
#5111 = ITEM_DEFINED_TRANSFORMATION('','',#11,#4530);
#5112 = PRODUCT_DEFINITION_SHAPE('Placement','Placement of an item',
  #5113);
#5113 = NEXT_ASSEMBLY_USAGE_OCCURRENCE('8','PIN_1_1_1','',#4508,#4932,$
  );
#5114 = CONTEXT_DEPENDENT_SHAPE_REPRESENTATION(#5115,#5117);
#5115 = ( REPRESENTATION_RELATIONSHIP('','',#4937,#4513) 
REPRESENTATION_RELATIONSHIP_WITH_TRANSFORMATION(#5116) 
SHAPE_REPRESENTATION_RELATIONSHIP() );
#5116 = ITEM_DEFINED_TRANSFORMATION('','',#11,#4534);
#5117 = PRODUCT_DEFINITION_SHAPE('Placement','Placement of an item',
  #5118);
#5118 = NEXT_ASSEMBLY_USAGE_OCCURRENCE('9','PIN_1_1_1','',#4508,#4932,$
  );
#5119 = SHAPE_DEFINITION_REPRESENTATION(#5120,#5126);
#5120 = PRODUCT_DEFINITION_SHAPE('','',#5121);
#5121 = PRODUCT_DEFINITION('design','',#5122,#5125);
#5122 = PRODUCT_DEFINITION_FORMATION('','',#5123);
#5123 = PRODUCT('DCDC_Adapter_copper','DCDC_Adapter_copper','',(#5124));
#5124 = PRODUCT_CONTEXT('',#2,'mechanical');
#5125 = PRODUCT_DEFINITION_CONTEXT('part definition',#2,'design');
#5126 = SHAPE_REPRESENTATION('',(#11,#5127,#5790,#6628,#6922,#7624,#8462
    ),#8795);
#5127 = MANIFOLD_SOLID_BREP('',#5128);
#5128 = CLOSED_SHELL('',(#5129,#5171,#5202,#5235,#5266,#5299,#5330,#5361
    ,#5392,#5425,#5456,#5489,#5520,#5551,#5582,#5613,#5644,#5677,#5699,
    #5732,#5761));
#5129 = ADVANCED_FACE('',(#5130),#5166,.T.);
#5130 = FACE_BOUND('',#5131,.T.);
#5131 = EDGE_LOOP('',(#5132,#5142,#5151,#5159));
#5132 = ORIENTED_EDGE('',*,*,#5133,.T.);
#5133 = EDGE_CURVE('',#5134,#5136,#5138,.T.);
#5134 = VERTEX_POINT('',#5135);
#5135 = CARTESIAN_POINT('',(138.9,-100.85,1.41));
#5136 = VERTEX_POINT('',#5137);
#5137 = CARTESIAN_POINT('',(138.9,-100.85,1.445));
#5138 = LINE('',#5139,#5140);
#5139 = CARTESIAN_POINT('',(138.9,-100.85,1.41));
#5140 = VECTOR('',#5141,1.);
#5141 = DIRECTION('',(0.,0.,1.));
#5142 = ORIENTED_EDGE('',*,*,#5143,.T.);
#5143 = EDGE_CURVE('',#5136,#5144,#5146,.T.);
#5144 = VERTEX_POINT('',#5145);
#5145 = CARTESIAN_POINT('',(138.68033,-101.38033,1.445));
#5146 = CIRCLE('',#5147,0.749991987648);
#5147 = AXIS2_PLACEMENT_3D('',#5148,#5149,#5150);
#5148 = CARTESIAN_POINT('',(138.15000801235,-100.850003147,1.445));
#5149 = DIRECTION('',(0.,0.,-1.));
#5150 = DIRECTION('',(0.999999999991,4.196110918953E-06,0.));
#5151 = ORIENTED_EDGE('',*,*,#5152,.F.);
#5152 = EDGE_CURVE('',#5153,#5144,#5155,.T.);
#5153 = VERTEX_POINT('',#5154);
#5154 = CARTESIAN_POINT('',(138.68033,-101.38033,1.41));
#5155 = LINE('',#5156,#5157);
#5156 = CARTESIAN_POINT('',(138.68033,-101.38033,1.41));
#5157 = VECTOR('',#5158,1.);
#5158 = DIRECTION('',(0.,0.,1.));
#5159 = ORIENTED_EDGE('',*,*,#5160,.F.);
#5160 = EDGE_CURVE('',#5134,#5153,#5161,.T.);
#5161 = CIRCLE('',#5162,0.749991987648);
#5162 = AXIS2_PLACEMENT_3D('',#5163,#5164,#5165);
#5163 = CARTESIAN_POINT('',(138.15000801235,-100.850003147,1.41));
#5164 = DIRECTION('',(0.,0.,-1.));
#5165 = DIRECTION('',(0.999999999991,4.196110918953E-06,0.));
#5166 = CYLINDRICAL_SURFACE('',#5167,0.749991987648);
#5167 = AXIS2_PLACEMENT_3D('',#5168,#5169,#5170);
#5168 = CARTESIAN_POINT('',(138.15000801235,-100.850003147,1.41));
#5169 = DIRECTION('',(0.,0.,-1.));
#5170 = DIRECTION('',(0.999999999991,4.196110918953E-06,0.));
#5171 = ADVANCED_FACE('',(#5172),#5197,.T.);
#5172 = FACE_BOUND('',#5173,.T.);
#5173 = EDGE_LOOP('',(#5174,#5175,#5183,#5191));
#5174 = ORIENTED_EDGE('',*,*,#5152,.T.);
#5175 = ORIENTED_EDGE('',*,*,#5176,.T.);
#5176 = EDGE_CURVE('',#5144,#5177,#5179,.T.);
#5177 = VERTEX_POINT('',#5178);
#5178 = CARTESIAN_POINT('',(138.03033,-102.03033,1.445));
#5179 = LINE('',#5180,#5181);
#5180 = CARTESIAN_POINT('',(138.68033,-101.38033,1.445));
#5181 = VECTOR('',#5182,1.);
#5182 = DIRECTION('',(-0.707106781187,-0.707106781187,0.));
#5183 = ORIENTED_EDGE('',*,*,#5184,.F.);
#5184 = EDGE_CURVE('',#5185,#5177,#5187,.T.);
#5185 = VERTEX_POINT('',#5186);
#5186 = CARTESIAN_POINT('',(138.03033,-102.03033,1.41));
#5187 = LINE('',#5188,#5189);
#5188 = CARTESIAN_POINT('',(138.03033,-102.03033,1.41));
#5189 = VECTOR('',#5190,1.);
#5190 = DIRECTION('',(0.,0.,1.));
#5191 = ORIENTED_EDGE('',*,*,#5192,.F.);
#5192 = EDGE_CURVE('',#5153,#5185,#5193,.T.);
#5193 = LINE('',#5194,#5195);
#5194 = CARTESIAN_POINT('',(138.68033,-101.38033,1.41));
#5195 = VECTOR('',#5196,1.);
#5196 = DIRECTION('',(-0.707106781187,-0.707106781187,0.));
#5197 = PLANE('',#5198);
#5198 = AXIS2_PLACEMENT_3D('',#5199,#5200,#5201);
#5199 = CARTESIAN_POINT('',(138.68033,-101.38033,1.41));
#5200 = DIRECTION('',(0.707106781187,-0.707106781187,0.));
#5201 = DIRECTION('',(-0.707106781187,-0.707106781187,0.));
#5202 = ADVANCED_FACE('',(#5203),#5230,.T.);
#5203 = FACE_BOUND('',#5204,.T.);
#5204 = EDGE_LOOP('',(#5205,#5206,#5215,#5223));
#5205 = ORIENTED_EDGE('',*,*,#5184,.T.);
#5206 = ORIENTED_EDGE('',*,*,#5207,.T.);
#5207 = EDGE_CURVE('',#5177,#5208,#5210,.T.);
#5208 = VERTEX_POINT('',#5209);
#5209 = CARTESIAN_POINT('',(137.5,-102.25,1.445));
#5210 = CIRCLE('',#5211,0.749995627143);
#5211 = AXIS2_PLACEMENT_3D('',#5212,#5213,#5214);
#5212 = CARTESIAN_POINT('',(137.50000163951,-101.5000043728,1.445));
#5213 = DIRECTION('',(0.,0.,-1.));
#5214 = DIRECTION('',(0.707108603421,-0.707104958947,0.));
#5215 = ORIENTED_EDGE('',*,*,#5216,.F.);
#5216 = EDGE_CURVE('',#5217,#5208,#5219,.T.);
#5217 = VERTEX_POINT('',#5218);
#5218 = CARTESIAN_POINT('',(137.5,-102.25,1.41));
#5219 = LINE('',#5220,#5221);
#5220 = CARTESIAN_POINT('',(137.5,-102.25,1.41));
#5221 = VECTOR('',#5222,1.);
#5222 = DIRECTION('',(0.,0.,1.));
#5223 = ORIENTED_EDGE('',*,*,#5224,.F.);
#5224 = EDGE_CURVE('',#5185,#5217,#5225,.T.);
#5225 = CIRCLE('',#5226,0.749995627143);
#5226 = AXIS2_PLACEMENT_3D('',#5227,#5228,#5229);
#5227 = CARTESIAN_POINT('',(137.50000163951,-101.5000043728,1.41));
#5228 = DIRECTION('',(0.,0.,-1.));
#5229 = DIRECTION('',(0.707108603421,-0.707104958947,0.));
#5230 = CYLINDRICAL_SURFACE('',#5231,0.749995627143);
#5231 = AXIS2_PLACEMENT_3D('',#5232,#5233,#5234);
#5232 = CARTESIAN_POINT('',(137.50000163951,-101.5000043728,1.41));
#5233 = DIRECTION('',(0.,0.,-1.));
#5234 = DIRECTION('',(0.707108603421,-0.707104958947,0.));
#5235 = ADVANCED_FACE('',(#5236),#5261,.T.);
#5236 = FACE_BOUND('',#5237,.T.);
#5237 = EDGE_LOOP('',(#5238,#5239,#5247,#5255));
#5238 = ORIENTED_EDGE('',*,*,#5216,.T.);
#5239 = ORIENTED_EDGE('',*,*,#5240,.T.);
#5240 = EDGE_CURVE('',#5208,#5241,#5243,.T.);
#5241 = VERTEX_POINT('',#5242);
#5242 = CARTESIAN_POINT('',(133.,-102.25,1.445));
#5243 = LINE('',#5244,#5245);
#5244 = CARTESIAN_POINT('',(137.5,-102.25,1.445));
#5245 = VECTOR('',#5246,1.);
#5246 = DIRECTION('',(-1.,0.,0.));
#5247 = ORIENTED_EDGE('',*,*,#5248,.F.);
#5248 = EDGE_CURVE('',#5249,#5241,#5251,.T.);
#5249 = VERTEX_POINT('',#5250);
#5250 = CARTESIAN_POINT('',(133.,-102.25,1.41));
#5251 = LINE('',#5252,#5253);
#5252 = CARTESIAN_POINT('',(133.,-102.25,1.41));
#5253 = VECTOR('',#5254,1.);
#5254 = DIRECTION('',(0.,0.,1.));
#5255 = ORIENTED_EDGE('',*,*,#5256,.F.);
#5256 = EDGE_CURVE('',#5217,#5249,#5257,.T.);
#5257 = LINE('',#5258,#5259);
#5258 = CARTESIAN_POINT('',(137.5,-102.25,1.41));
#5259 = VECTOR('',#5260,1.);
#5260 = DIRECTION('',(-1.,0.,0.));
#5261 = PLANE('',#5262);
#5262 = AXIS2_PLACEMENT_3D('',#5263,#5264,#5265);
#5263 = CARTESIAN_POINT('',(137.5,-102.25,1.41));
#5264 = DIRECTION('',(0.,-1.,0.));
#5265 = DIRECTION('',(-1.,0.,0.));
#5266 = ADVANCED_FACE('',(#5267),#5294,.T.);
#5267 = FACE_BOUND('',#5268,.T.);
#5268 = EDGE_LOOP('',(#5269,#5270,#5279,#5287));
#5269 = ORIENTED_EDGE('',*,*,#5248,.T.);
#5270 = ORIENTED_EDGE('',*,*,#5271,.T.);
#5271 = EDGE_CURVE('',#5241,#5272,#5274,.T.);
#5272 = VERTEX_POINT('',#5273);
#5273 = CARTESIAN_POINT('',(132.46967,-102.03033,1.445));
#5274 = CIRCLE('',#5275,0.750000625215);
#5275 = AXIS2_PLACEMENT_3D('',#5276,#5277,#5278);
#5276 = CARTESIAN_POINT('',(133.00000043075,-101.4999993747,1.445));
#5277 = DIRECTION('',(0.,0.,-1.));
#5278 = DIRECTION('',(-5.743359135933E-07,-1.,-0.));
#5279 = ORIENTED_EDGE('',*,*,#5280,.F.);
#5280 = EDGE_CURVE('',#5281,#5272,#5283,.T.);
#5281 = VERTEX_POINT('',#5282);
#5282 = CARTESIAN_POINT('',(132.46967,-102.03033,1.41));
#5283 = LINE('',#5284,#5285);
#5284 = CARTESIAN_POINT('',(132.46967,-102.03033,1.41));
#5285 = VECTOR('',#5286,1.);
#5286 = DIRECTION('',(0.,0.,1.));
#5287 = ORIENTED_EDGE('',*,*,#5288,.F.);
#5288 = EDGE_CURVE('',#5249,#5281,#5289,.T.);
#5289 = CIRCLE('',#5290,0.750000625215);
#5290 = AXIS2_PLACEMENT_3D('',#5291,#5292,#5293);
#5291 = CARTESIAN_POINT('',(133.00000043075,-101.4999993747,1.41));
#5292 = DIRECTION('',(0.,0.,-1.));
#5293 = DIRECTION('',(-5.743359135933E-07,-1.,-0.));
#5294 = CYLINDRICAL_SURFACE('',#5295,0.750000625215);
#5295 = AXIS2_PLACEMENT_3D('',#5296,#5297,#5298);
#5296 = CARTESIAN_POINT('',(133.00000043075,-101.4999993747,1.41));
#5297 = DIRECTION('',(0.,0.,-1.));
#5298 = DIRECTION('',(-5.743359135933E-07,-1.,-0.));
#5299 = ADVANCED_FACE('',(#5300),#5325,.T.);
#5300 = FACE_BOUND('',#5301,.T.);
#5301 = EDGE_LOOP('',(#5302,#5303,#5311,#5319));
#5302 = ORIENTED_EDGE('',*,*,#5280,.T.);
#5303 = ORIENTED_EDGE('',*,*,#5304,.T.);
#5304 = EDGE_CURVE('',#5272,#5305,#5307,.T.);
#5305 = VERTEX_POINT('',#5306);
#5306 = CARTESIAN_POINT('',(131.71967,-101.28033,1.445));
#5307 = LINE('',#5308,#5309);
#5308 = CARTESIAN_POINT('',(132.46967,-102.03033,1.445));
#5309 = VECTOR('',#5310,1.);
#5310 = DIRECTION('',(-0.707106781187,0.707106781187,0.));
#5311 = ORIENTED_EDGE('',*,*,#5312,.F.);
#5312 = EDGE_CURVE('',#5313,#5305,#5315,.T.);
#5313 = VERTEX_POINT('',#5314);
#5314 = CARTESIAN_POINT('',(131.71967,-101.28033,1.41));
#5315 = LINE('',#5316,#5317);
#5316 = CARTESIAN_POINT('',(131.71967,-101.28033,1.41));
#5317 = VECTOR('',#5318,1.);
#5318 = DIRECTION('',(0.,0.,1.));
#5319 = ORIENTED_EDGE('',*,*,#5320,.F.);
#5320 = EDGE_CURVE('',#5281,#5313,#5321,.T.);
#5321 = LINE('',#5322,#5323);
#5322 = CARTESIAN_POINT('',(132.46967,-102.03033,1.41));
#5323 = VECTOR('',#5324,1.);
#5324 = DIRECTION('',(-0.707106781187,0.707106781187,0.));
#5325 = PLANE('',#5326);
#5326 = AXIS2_PLACEMENT_3D('',#5327,#5328,#5329);
#5327 = CARTESIAN_POINT('',(132.46967,-102.03033,1.41));
#5328 = DIRECTION('',(-0.707106781187,-0.707106781187,0.));
#5329 = DIRECTION('',(-0.707106781187,0.707106781187,0.));
#5330 = ADVANCED_FACE('',(#5331),#5356,.T.);
#5331 = FACE_BOUND('',#5332,.T.);
#5332 = EDGE_LOOP('',(#5333,#5334,#5342,#5350));
#5333 = ORIENTED_EDGE('',*,*,#5312,.T.);
#5334 = ORIENTED_EDGE('',*,*,#5335,.T.);
#5335 = EDGE_CURVE('',#5305,#5336,#5338,.T.);
#5336 = VERTEX_POINT('',#5337);
#5337 = CARTESIAN_POINT('',(131.655376,-101.203547,1.445));
#5338 = LINE('',#5339,#5340);
#5339 = CARTESIAN_POINT('',(131.71967,-101.28033,1.445));
#5340 = VECTOR('',#5341,1.);
#5341 = DIRECTION('',(-0.641998636609,0.766705778374,0.));
#5342 = ORIENTED_EDGE('',*,*,#5343,.F.);
#5343 = EDGE_CURVE('',#5344,#5336,#5346,.T.);
#5344 = VERTEX_POINT('',#5345);
#5345 = CARTESIAN_POINT('',(131.655376,-101.203547,1.41));
#5346 = LINE('',#5347,#5348);
#5347 = CARTESIAN_POINT('',(131.655376,-101.203547,1.41));
#5348 = VECTOR('',#5349,1.);
#5349 = DIRECTION('',(0.,0.,1.));
#5350 = ORIENTED_EDGE('',*,*,#5351,.F.);
#5351 = EDGE_CURVE('',#5313,#5344,#5352,.T.);
#5352 = LINE('',#5353,#5354);
#5353 = CARTESIAN_POINT('',(131.71967,-101.28033,1.41));
#5354 = VECTOR('',#5355,1.);
#5355 = DIRECTION('',(-0.641998636609,0.766705778374,0.));
#5356 = PLANE('',#5357);
#5357 = AXIS2_PLACEMENT_3D('',#5358,#5359,#5360);
#5358 = CARTESIAN_POINT('',(131.71967,-101.28033,1.41));
#5359 = DIRECTION('',(-0.766705778374,-0.641998636609,0.));
#5360 = DIRECTION('',(-0.641998636609,0.766705778374,0.));
#5361 = ADVANCED_FACE('',(#5362),#5387,.T.);
#5362 = FACE_BOUND('',#5363,.T.);
#5363 = EDGE_LOOP('',(#5364,#5365,#5373,#5381));
#5364 = ORIENTED_EDGE('',*,*,#5343,.T.);
#5365 = ORIENTED_EDGE('',*,*,#5366,.T.);
#5366 = EDGE_CURVE('',#5336,#5367,#5369,.T.);
#5367 = VERTEX_POINT('',#5368);
#5368 = CARTESIAN_POINT('',(131.588559,-101.103548,1.445));
#5369 = LINE('',#5370,#5371);
#5370 = CARTESIAN_POINT('',(131.655376,-101.203547,1.445));
#5371 = VECTOR('',#5372,1.);
#5372 = DIRECTION('',(-0.555569108564,0.831470363639,0.));
#5373 = ORIENTED_EDGE('',*,*,#5374,.F.);
#5374 = EDGE_CURVE('',#5375,#5367,#5377,.T.);
#5375 = VERTEX_POINT('',#5376);
#5376 = CARTESIAN_POINT('',(131.588559,-101.103548,1.41));
#5377 = LINE('',#5378,#5379);
#5378 = CARTESIAN_POINT('',(131.588559,-101.103548,1.41));
#5379 = VECTOR('',#5380,1.);
#5380 = DIRECTION('',(0.,0.,1.));
#5381 = ORIENTED_EDGE('',*,*,#5382,.F.);
#5382 = EDGE_CURVE('',#5344,#5375,#5383,.T.);
#5383 = LINE('',#5384,#5385);
#5384 = CARTESIAN_POINT('',(131.655376,-101.203547,1.41));
#5385 = VECTOR('',#5386,1.);
#5386 = DIRECTION('',(-0.555569108564,0.831470363639,0.));
#5387 = PLANE('',#5388);
#5388 = AXIS2_PLACEMENT_3D('',#5389,#5390,#5391);
#5389 = CARTESIAN_POINT('',(131.655376,-101.203547,1.41));
#5390 = DIRECTION('',(-0.831470363639,-0.555569108564,0.));
#5391 = DIRECTION('',(-0.555569108564,0.831470363639,0.));
#5392 = ADVANCED_FACE('',(#5393),#5420,.T.);
#5393 = FACE_BOUND('',#5394,.T.);
#5394 = EDGE_LOOP('',(#5395,#5396,#5405,#5413));
#5395 = ORIENTED_EDGE('',*,*,#5374,.T.);
#5396 = ORIENTED_EDGE('',*,*,#5397,.T.);
#5397 = EDGE_CURVE('',#5367,#5398,#5400,.T.);
#5398 = VERTEX_POINT('',#5399);
#5399 = CARTESIAN_POINT('',(131.5,-100.75,1.445));
#5400 = CIRCLE('',#5401,0.749986154422);
#5401 = AXIS2_PLACEMENT_3D('',#5402,#5403,#5404);
#5402 = CARTESIAN_POINT('',(132.24998615441,-100.7500040123,1.445));
#5403 = DIRECTION('',(0.,0.,-1.));
#5404 = DIRECTION('',(-0.881919153456,-0.471400686007,-0.));
#5405 = ORIENTED_EDGE('',*,*,#5406,.F.);
#5406 = EDGE_CURVE('',#5407,#5398,#5409,.T.);
#5407 = VERTEX_POINT('',#5408);
#5408 = CARTESIAN_POINT('',(131.5,-100.75,1.41));
#5409 = LINE('',#5410,#5411);
#5410 = CARTESIAN_POINT('',(131.5,-100.75,1.41));
#5411 = VECTOR('',#5412,1.);
#5412 = DIRECTION('',(0.,0.,1.));
#5413 = ORIENTED_EDGE('',*,*,#5414,.F.);
#5414 = EDGE_CURVE('',#5375,#5407,#5415,.T.);
#5415 = CIRCLE('',#5416,0.749986154422);
#5416 = AXIS2_PLACEMENT_3D('',#5417,#5418,#5419);
#5417 = CARTESIAN_POINT('',(132.24998615441,-100.7500040123,1.41));
#5418 = DIRECTION('',(0.,0.,-1.));
#5419 = DIRECTION('',(-0.881919153456,-0.471400686007,-0.));
#5420 = CYLINDRICAL_SURFACE('',#5421,0.749986154422);
#5421 = AXIS2_PLACEMENT_3D('',#5422,#5423,#5424);
#5422 = CARTESIAN_POINT('',(132.24998615441,-100.7500040123,1.41));
#5423 = DIRECTION('',(0.,0.,-1.));
#5424 = DIRECTION('',(-0.881919153456,-0.471400686007,-0.));
#5425 = ADVANCED_FACE('',(#5426),#5451,.T.);
#5426 = FACE_BOUND('',#5427,.T.);
#5427 = EDGE_LOOP('',(#5428,#5429,#5437,#5445));
#5428 = ORIENTED_EDGE('',*,*,#5406,.T.);
#5429 = ORIENTED_EDGE('',*,*,#5430,.T.);
#5430 = EDGE_CURVE('',#5398,#5431,#5433,.T.);
#5431 = VERTEX_POINT('',#5432);
#5432 = CARTESIAN_POINT('',(131.5,-99.225,1.445));
#5433 = LINE('',#5434,#5435);
#5434 = CARTESIAN_POINT('',(131.5,-100.75,1.445));
#5435 = VECTOR('',#5436,1.);
#5436 = DIRECTION('',(0.,1.,0.));
#5437 = ORIENTED_EDGE('',*,*,#5438,.F.);
#5438 = EDGE_CURVE('',#5439,#5431,#5441,.T.);
#5439 = VERTEX_POINT('',#5440);
#5440 = CARTESIAN_POINT('',(131.5,-99.225,1.41));
#5441 = LINE('',#5442,#5443);
#5442 = CARTESIAN_POINT('',(131.5,-99.225,1.41));
#5443 = VECTOR('',#5444,1.);
#5444 = DIRECTION('',(0.,0.,1.));
#5445 = ORIENTED_EDGE('',*,*,#5446,.F.);
#5446 = EDGE_CURVE('',#5407,#5439,#5447,.T.);
#5447 = LINE('',#5448,#5449);
#5448 = CARTESIAN_POINT('',(131.5,-100.75,1.41));
#5449 = VECTOR('',#5450,1.);
#5450 = DIRECTION('',(0.,1.,0.));
#5451 = PLANE('',#5452);
#5452 = AXIS2_PLACEMENT_3D('',#5453,#5454,#5455);
#5453 = CARTESIAN_POINT('',(131.5,-100.75,1.41));
#5454 = DIRECTION('',(-1.,0.,0.));
#5455 = DIRECTION('',(0.,1.,0.));
#5456 = ADVANCED_FACE('',(#5457),#5484,.T.);
#5457 = FACE_BOUND('',#5458,.T.);
#5458 = EDGE_LOOP('',(#5459,#5460,#5469,#5477));
#5459 = ORIENTED_EDGE('',*,*,#5438,.T.);
#5460 = ORIENTED_EDGE('',*,*,#5461,.T.);
#5461 = EDGE_CURVE('',#5431,#5462,#5464,.T.);
#5462 = VERTEX_POINT('',#5463);
#5463 = CARTESIAN_POINT('',(133.,-99.225,1.445));
#5464 = CIRCLE('',#5465,0.75);
#5465 = AXIS2_PLACEMENT_3D('',#5466,#5467,#5468);
#5466 = CARTESIAN_POINT('',(132.25,-99.22499953074,1.445));
#5467 = DIRECTION('',(0.,0.,-1.));
#5468 = DIRECTION('',(-1.,-6.256701681194E-07,-0.));
#5469 = ORIENTED_EDGE('',*,*,#5470,.F.);
#5470 = EDGE_CURVE('',#5471,#5462,#5473,.T.);
#5471 = VERTEX_POINT('',#5472);
#5472 = CARTESIAN_POINT('',(133.,-99.225,1.41));
#5473 = LINE('',#5474,#5475);
#5474 = CARTESIAN_POINT('',(133.,-99.225,1.41));
#5475 = VECTOR('',#5476,1.);
#5476 = DIRECTION('',(0.,0.,1.));
#5477 = ORIENTED_EDGE('',*,*,#5478,.F.);
#5478 = EDGE_CURVE('',#5439,#5471,#5479,.T.);
#5479 = CIRCLE('',#5480,0.75);
#5480 = AXIS2_PLACEMENT_3D('',#5481,#5482,#5483);
#5481 = CARTESIAN_POINT('',(132.25,-99.22499953074,1.41));
#5482 = DIRECTION('',(0.,0.,-1.));
#5483 = DIRECTION('',(-1.,-6.256701681194E-07,-0.));
#5484 = CYLINDRICAL_SURFACE('',#5485,0.75);
#5485 = AXIS2_PLACEMENT_3D('',#5486,#5487,#5488);
#5486 = CARTESIAN_POINT('',(132.25,-99.22499953074,1.41));
#5487 = DIRECTION('',(0.,0.,-1.));
#5488 = DIRECTION('',(-1.,-6.256701681194E-07,-0.));
#5489 = ADVANCED_FACE('',(#5490),#5515,.T.);
#5490 = FACE_BOUND('',#5491,.T.);
#5491 = EDGE_LOOP('',(#5492,#5493,#5501,#5509));
#5492 = ORIENTED_EDGE('',*,*,#5470,.T.);
#5493 = ORIENTED_EDGE('',*,*,#5494,.T.);
#5494 = EDGE_CURVE('',#5462,#5495,#5497,.T.);
#5495 = VERTEX_POINT('',#5496);
#5496 = CARTESIAN_POINT('',(133.,-100.43934,1.445));
#5497 = LINE('',#5498,#5499);
#5498 = CARTESIAN_POINT('',(133.,-99.225,1.445));
#5499 = VECTOR('',#5500,1.);
#5500 = DIRECTION('',(0.,-1.,0.));
#5501 = ORIENTED_EDGE('',*,*,#5502,.F.);
#5502 = EDGE_CURVE('',#5503,#5495,#5505,.T.);
#5503 = VERTEX_POINT('',#5504);
#5504 = CARTESIAN_POINT('',(133.,-100.43934,1.41));
#5505 = LINE('',#5506,#5507);
#5506 = CARTESIAN_POINT('',(133.,-100.43934,1.41));
#5507 = VECTOR('',#5508,1.);
#5508 = DIRECTION('',(0.,0.,1.));
#5509 = ORIENTED_EDGE('',*,*,#5510,.F.);
#5510 = EDGE_CURVE('',#5471,#5503,#5511,.T.);
#5511 = LINE('',#5512,#5513);
#5512 = CARTESIAN_POINT('',(133.,-99.225,1.41));
#5513 = VECTOR('',#5514,1.);
#5514 = DIRECTION('',(0.,-1.,0.));
#5515 = PLANE('',#5516);
#5516 = AXIS2_PLACEMENT_3D('',#5517,#5518,#5519);
#5517 = CARTESIAN_POINT('',(133.,-99.225,1.41));
#5518 = DIRECTION('',(1.,0.,-0.));
#5519 = DIRECTION('',(0.,-1.,0.));
#5520 = ADVANCED_FACE('',(#5521),#5546,.T.);
#5521 = FACE_BOUND('',#5522,.T.);
#5522 = EDGE_LOOP('',(#5523,#5524,#5532,#5540));
#5523 = ORIENTED_EDGE('',*,*,#5502,.T.);
#5524 = ORIENTED_EDGE('',*,*,#5525,.T.);
#5525 = EDGE_CURVE('',#5495,#5526,#5528,.T.);
#5526 = VERTEX_POINT('',#5527);
#5527 = CARTESIAN_POINT('',(133.31066,-100.75,1.445));
#5528 = LINE('',#5529,#5530);
#5529 = CARTESIAN_POINT('',(133.,-100.43934,1.445));
#5530 = VECTOR('',#5531,1.);
#5531 = DIRECTION('',(0.707106781187,-0.707106781187,0.));
#5532 = ORIENTED_EDGE('',*,*,#5533,.F.);
#5533 = EDGE_CURVE('',#5534,#5526,#5536,.T.);
#5534 = VERTEX_POINT('',#5535);
#5535 = CARTESIAN_POINT('',(133.31066,-100.75,1.41));
#5536 = LINE('',#5537,#5538);
#5537 = CARTESIAN_POINT('',(133.31066,-100.75,1.41));
#5538 = VECTOR('',#5539,1.);
#5539 = DIRECTION('',(0.,0.,1.));
#5540 = ORIENTED_EDGE('',*,*,#5541,.F.);
#5541 = EDGE_CURVE('',#5503,#5534,#5542,.T.);
#5542 = LINE('',#5543,#5544);
#5543 = CARTESIAN_POINT('',(133.,-100.43934,1.41));
#5544 = VECTOR('',#5545,1.);
#5545 = DIRECTION('',(0.707106781187,-0.707106781187,0.));
#5546 = PLANE('',#5547);
#5547 = AXIS2_PLACEMENT_3D('',#5548,#5549,#5550);
#5548 = CARTESIAN_POINT('',(133.,-100.43934,1.41));
#5549 = DIRECTION('',(0.707106781187,0.707106781187,-0.));
#5550 = DIRECTION('',(0.707106781187,-0.707106781187,0.));
#5551 = ADVANCED_FACE('',(#5552),#5577,.T.);
#5552 = FACE_BOUND('',#5553,.T.);
#5553 = EDGE_LOOP('',(#5554,#5555,#5563,#5571));
#5554 = ORIENTED_EDGE('',*,*,#5533,.T.);
#5555 = ORIENTED_EDGE('',*,*,#5556,.T.);
#5556 = EDGE_CURVE('',#5526,#5557,#5559,.T.);
#5557 = VERTEX_POINT('',#5558);
#5558 = CARTESIAN_POINT('',(137.18934,-100.75,1.445));
#5559 = LINE('',#5560,#5561);
#5560 = CARTESIAN_POINT('',(133.31066,-100.75,1.445));
#5561 = VECTOR('',#5562,1.);
#5562 = DIRECTION('',(1.,0.,0.));
#5563 = ORIENTED_EDGE('',*,*,#5564,.F.);
#5564 = EDGE_CURVE('',#5565,#5557,#5567,.T.);
#5565 = VERTEX_POINT('',#5566);
#5566 = CARTESIAN_POINT('',(137.18934,-100.75,1.41));
#5567 = LINE('',#5568,#5569);
#5568 = CARTESIAN_POINT('',(137.18934,-100.75,1.41));
#5569 = VECTOR('',#5570,1.);
#5570 = DIRECTION('',(0.,0.,1.));
#5571 = ORIENTED_EDGE('',*,*,#5572,.F.);
#5572 = EDGE_CURVE('',#5534,#5565,#5573,.T.);
#5573 = LINE('',#5574,#5575);
#5574 = CARTESIAN_POINT('',(133.31066,-100.75,1.41));
#5575 = VECTOR('',#5576,1.);
#5576 = DIRECTION('',(1.,0.,0.));
#5577 = PLANE('',#5578);
#5578 = AXIS2_PLACEMENT_3D('',#5579,#5580,#5581);
#5579 = CARTESIAN_POINT('',(133.31066,-100.75,1.41));
#5580 = DIRECTION('',(0.,1.,0.));
#5581 = DIRECTION('',(1.,0.,0.));
#5582 = ADVANCED_FACE('',(#5583),#5608,.T.);
#5583 = FACE_BOUND('',#5584,.T.);
#5584 = EDGE_LOOP('',(#5585,#5586,#5594,#5602));
#5585 = ORIENTED_EDGE('',*,*,#5564,.T.);
#5586 = ORIENTED_EDGE('',*,*,#5587,.T.);
#5587 = EDGE_CURVE('',#5557,#5588,#5590,.T.);
#5588 = VERTEX_POINT('',#5589);
#5589 = CARTESIAN_POINT('',(137.4,-100.53934,1.445));
#5590 = LINE('',#5591,#5592);
#5591 = CARTESIAN_POINT('',(137.18934,-100.75,1.445));
#5592 = VECTOR('',#5593,1.);
#5593 = DIRECTION('',(0.707106781187,0.707106781187,0.));
#5594 = ORIENTED_EDGE('',*,*,#5595,.F.);
#5595 = EDGE_CURVE('',#5596,#5588,#5598,.T.);
#5596 = VERTEX_POINT('',#5597);
#5597 = CARTESIAN_POINT('',(137.4,-100.53934,1.41));
#5598 = LINE('',#5599,#5600);
#5599 = CARTESIAN_POINT('',(137.4,-100.53934,1.41));
#5600 = VECTOR('',#5601,1.);
#5601 = DIRECTION('',(0.,0.,1.));
#5602 = ORIENTED_EDGE('',*,*,#5603,.F.);
#5603 = EDGE_CURVE('',#5565,#5596,#5604,.T.);
#5604 = LINE('',#5605,#5606);
#5605 = CARTESIAN_POINT('',(137.18934,-100.75,1.41));
#5606 = VECTOR('',#5607,1.);
#5607 = DIRECTION('',(0.707106781187,0.707106781187,0.));
#5608 = PLANE('',#5609);
#5609 = AXIS2_PLACEMENT_3D('',#5610,#5611,#5612);
#5610 = CARTESIAN_POINT('',(137.18934,-100.75,1.41));
#5611 = DIRECTION('',(-0.707106781187,0.707106781187,0.));
#5612 = DIRECTION('',(0.707106781187,0.707106781187,0.));
#5613 = ADVANCED_FACE('',(#5614),#5639,.T.);
#5614 = FACE_BOUND('',#5615,.T.);
#5615 = EDGE_LOOP('',(#5616,#5617,#5625,#5633));
#5616 = ORIENTED_EDGE('',*,*,#5595,.T.);
#5617 = ORIENTED_EDGE('',*,*,#5618,.T.);
#5618 = EDGE_CURVE('',#5588,#5619,#5621,.T.);
#5619 = VERTEX_POINT('',#5620);
#5620 = CARTESIAN_POINT('',(137.4,-99.,1.445));
#5621 = LINE('',#5622,#5623);
#5622 = CARTESIAN_POINT('',(137.4,-100.53934,1.445));
#5623 = VECTOR('',#5624,1.);
#5624 = DIRECTION('',(0.,1.,0.));
#5625 = ORIENTED_EDGE('',*,*,#5626,.F.);
#5626 = EDGE_CURVE('',#5627,#5619,#5629,.T.);
#5627 = VERTEX_POINT('',#5628);
#5628 = CARTESIAN_POINT('',(137.4,-99.,1.41));
#5629 = LINE('',#5630,#5631);
#5630 = CARTESIAN_POINT('',(137.4,-99.,1.41));
#5631 = VECTOR('',#5632,1.);
#5632 = DIRECTION('',(0.,0.,1.));
#5633 = ORIENTED_EDGE('',*,*,#5634,.F.);
#5634 = EDGE_CURVE('',#5596,#5627,#5635,.T.);
#5635 = LINE('',#5636,#5637);
#5636 = CARTESIAN_POINT('',(137.4,-100.53934,1.41));
#5637 = VECTOR('',#5638,1.);
#5638 = DIRECTION('',(0.,1.,0.));
#5639 = PLANE('',#5640);
#5640 = AXIS2_PLACEMENT_3D('',#5641,#5642,#5643);
#5641 = CARTESIAN_POINT('',(137.4,-100.53934,1.41));
#5642 = DIRECTION('',(-1.,0.,0.));
#5643 = DIRECTION('',(0.,1.,0.));
#5644 = ADVANCED_FACE('',(#5645),#5672,.T.);
#5645 = FACE_BOUND('',#5646,.T.);
#5646 = EDGE_LOOP('',(#5647,#5648,#5657,#5665));
#5647 = ORIENTED_EDGE('',*,*,#5626,.T.);
#5648 = ORIENTED_EDGE('',*,*,#5649,.T.);
#5649 = EDGE_CURVE('',#5619,#5650,#5652,.T.);
#5650 = VERTEX_POINT('',#5651);
#5651 = CARTESIAN_POINT('',(138.9,-99.,1.445));
#5652 = CIRCLE('',#5653,0.75);
#5653 = AXIS2_PLACEMENT_3D('',#5654,#5655,#5656);
#5654 = CARTESIAN_POINT('',(138.15,-98.99999945582,1.445));
#5655 = DIRECTION('',(0.,0.,-1.));
#5656 = DIRECTION('',(-1.,-7.255686114148E-07,-0.));
#5657 = ORIENTED_EDGE('',*,*,#5658,.F.);
#5658 = EDGE_CURVE('',#5659,#5650,#5661,.T.);
#5659 = VERTEX_POINT('',#5660);
#5660 = CARTESIAN_POINT('',(138.9,-99.,1.41));
#5661 = LINE('',#5662,#5663);
#5662 = CARTESIAN_POINT('',(138.9,-99.,1.41));
#5663 = VECTOR('',#5664,1.);
#5664 = DIRECTION('',(0.,0.,1.));
#5665 = ORIENTED_EDGE('',*,*,#5666,.F.);
#5666 = EDGE_CURVE('',#5627,#5659,#5667,.T.);
#5667 = CIRCLE('',#5668,0.75);
#5668 = AXIS2_PLACEMENT_3D('',#5669,#5670,#5671);
#5669 = CARTESIAN_POINT('',(138.15,-98.99999945582,1.41));
#5670 = DIRECTION('',(0.,0.,-1.));
#5671 = DIRECTION('',(-1.,-7.255686114148E-07,-0.));
#5672 = CYLINDRICAL_SURFACE('',#5673,0.75);
#5673 = AXIS2_PLACEMENT_3D('',#5674,#5675,#5676);
#5674 = CARTESIAN_POINT('',(138.15,-98.99999945582,1.41));
#5675 = DIRECTION('',(0.,0.,-1.));
#5676 = DIRECTION('',(-1.,-7.255686114148E-07,-0.));
#5677 = ADVANCED_FACE('',(#5678),#5694,.T.);
#5678 = FACE_BOUND('',#5679,.T.);
#5679 = EDGE_LOOP('',(#5680,#5681,#5687,#5688));
#5680 = ORIENTED_EDGE('',*,*,#5658,.T.);
#5681 = ORIENTED_EDGE('',*,*,#5682,.T.);
#5682 = EDGE_CURVE('',#5650,#5136,#5683,.T.);
#5683 = LINE('',#5684,#5685);
#5684 = CARTESIAN_POINT('',(138.9,-99.,1.445));
#5685 = VECTOR('',#5686,1.);
#5686 = DIRECTION('',(0.,-1.,0.));
#5687 = ORIENTED_EDGE('',*,*,#5133,.F.);
#5688 = ORIENTED_EDGE('',*,*,#5689,.F.);
#5689 = EDGE_CURVE('',#5659,#5134,#5690,.T.);
#5690 = LINE('',#5691,#5692);
#5691 = CARTESIAN_POINT('',(138.9,-99.,1.41));
#5692 = VECTOR('',#5693,1.);
#5693 = DIRECTION('',(0.,-1.,0.));
#5694 = PLANE('',#5695);
#5695 = AXIS2_PLACEMENT_3D('',#5696,#5697,#5698);
#5696 = CARTESIAN_POINT('',(138.9,-99.,1.41));
#5697 = DIRECTION('',(1.,0.,-0.));
#5698 = DIRECTION('',(0.,-1.,0.));
#5699 = ADVANCED_FACE('',(#5700),#5727,.F.);
#5700 = FACE_BOUND('',#5701,.T.);
#5701 = EDGE_LOOP('',(#5702,#5712,#5719,#5720));
#5702 = ORIENTED_EDGE('',*,*,#5703,.T.);
#5703 = EDGE_CURVE('',#5704,#5706,#5708,.T.);
#5704 = VERTEX_POINT('',#5705);
#5705 = CARTESIAN_POINT('',(138.65,-99.,1.41));
#5706 = VERTEX_POINT('',#5707);
#5707 = CARTESIAN_POINT('',(138.65,-99.,1.445));
#5708 = LINE('',#5709,#5710);
#5709 = CARTESIAN_POINT('',(138.65,-99.,1.41));
#5710 = VECTOR('',#5711,1.);
#5711 = DIRECTION('',(0.,0.,1.));
#5712 = ORIENTED_EDGE('',*,*,#5713,.T.);
#5713 = EDGE_CURVE('',#5706,#5706,#5714,.T.);
#5714 = CIRCLE('',#5715,0.5);
#5715 = AXIS2_PLACEMENT_3D('',#5716,#5717,#5718);
#5716 = CARTESIAN_POINT('',(138.15,-99.,1.445));
#5717 = DIRECTION('',(0.,0.,1.));
#5718 = DIRECTION('',(1.,0.,-0.));
#5719 = ORIENTED_EDGE('',*,*,#5703,.F.);
#5720 = ORIENTED_EDGE('',*,*,#5721,.F.);
#5721 = EDGE_CURVE('',#5704,#5704,#5722,.T.);
#5722 = CIRCLE('',#5723,0.5);
#5723 = AXIS2_PLACEMENT_3D('',#5724,#5725,#5726);
#5724 = CARTESIAN_POINT('',(138.15,-99.,1.41));
#5725 = DIRECTION('',(0.,0.,1.));
#5726 = DIRECTION('',(1.,0.,-0.));
#5727 = CYLINDRICAL_SURFACE('',#5728,0.5);
#5728 = AXIS2_PLACEMENT_3D('',#5729,#5730,#5731);
#5729 = CARTESIAN_POINT('',(138.15,-99.,1.41));
#5730 = DIRECTION('',(-0.,-0.,-1.));
#5731 = DIRECTION('',(1.,0.,-0.));
#5732 = ADVANCED_FACE('',(#5733,#5753),#5756,.F.);
#5733 = FACE_BOUND('',#5734,.T.);
#5734 = EDGE_LOOP('',(#5735,#5736,#5737,#5738,#5739,#5740,#5741,#5742,
    #5743,#5744,#5745,#5746,#5747,#5748,#5749,#5750,#5751,#5752));
#5735 = ORIENTED_EDGE('',*,*,#5160,.T.);
#5736 = ORIENTED_EDGE('',*,*,#5192,.T.);
#5737 = ORIENTED_EDGE('',*,*,#5224,.T.);
#5738 = ORIENTED_EDGE('',*,*,#5256,.T.);
#5739 = ORIENTED_EDGE('',*,*,#5288,.T.);
#5740 = ORIENTED_EDGE('',*,*,#5320,.T.);
#5741 = ORIENTED_EDGE('',*,*,#5351,.T.);
#5742 = ORIENTED_EDGE('',*,*,#5382,.T.);
#5743 = ORIENTED_EDGE('',*,*,#5414,.T.);
#5744 = ORIENTED_EDGE('',*,*,#5446,.T.);
#5745 = ORIENTED_EDGE('',*,*,#5478,.T.);
#5746 = ORIENTED_EDGE('',*,*,#5510,.T.);
#5747 = ORIENTED_EDGE('',*,*,#5541,.T.);
#5748 = ORIENTED_EDGE('',*,*,#5572,.T.);
#5749 = ORIENTED_EDGE('',*,*,#5603,.T.);
#5750 = ORIENTED_EDGE('',*,*,#5634,.T.);
#5751 = ORIENTED_EDGE('',*,*,#5666,.T.);
#5752 = ORIENTED_EDGE('',*,*,#5689,.T.);
#5753 = FACE_BOUND('',#5754,.T.);
#5754 = EDGE_LOOP('',(#5755));
#5755 = ORIENTED_EDGE('',*,*,#5721,.T.);
#5756 = PLANE('',#5757);
#5757 = AXIS2_PLACEMENT_3D('',#5758,#5759,#5760);
#5758 = CARTESIAN_POINT('',(0.,0.,1.41));
#5759 = DIRECTION('',(0.,0.,1.));
#5760 = DIRECTION('',(1.,0.,-0.));
#5761 = ADVANCED_FACE('',(#5762,#5782),#5785,.T.);
#5762 = FACE_BOUND('',#5763,.F.);
#5763 = EDGE_LOOP('',(#5764,#5765,#5766,#5767,#5768,#5769,#5770,#5771,
    #5772,#5773,#5774,#5775,#5776,#5777,#5778,#5779,#5780,#5781));
#5764 = ORIENTED_EDGE('',*,*,#5143,.T.);
#5765 = ORIENTED_EDGE('',*,*,#5176,.T.);
#5766 = ORIENTED_EDGE('',*,*,#5207,.T.);
#5767 = ORIENTED_EDGE('',*,*,#5240,.T.);
#5768 = ORIENTED_EDGE('',*,*,#5271,.T.);
#5769 = ORIENTED_EDGE('',*,*,#5304,.T.);
#5770 = ORIENTED_EDGE('',*,*,#5335,.T.);
#5771 = ORIENTED_EDGE('',*,*,#5366,.T.);
#5772 = ORIENTED_EDGE('',*,*,#5397,.T.);
#5773 = ORIENTED_EDGE('',*,*,#5430,.T.);
#5774 = ORIENTED_EDGE('',*,*,#5461,.T.);
#5775 = ORIENTED_EDGE('',*,*,#5494,.T.);
#5776 = ORIENTED_EDGE('',*,*,#5525,.T.);
#5777 = ORIENTED_EDGE('',*,*,#5556,.T.);
#5778 = ORIENTED_EDGE('',*,*,#5587,.T.);
#5779 = ORIENTED_EDGE('',*,*,#5618,.T.);
#5780 = ORIENTED_EDGE('',*,*,#5649,.T.);
#5781 = ORIENTED_EDGE('',*,*,#5682,.T.);
#5782 = FACE_BOUND('',#5783,.F.);
#5783 = EDGE_LOOP('',(#5784));
#5784 = ORIENTED_EDGE('',*,*,#5713,.T.);
#5785 = PLANE('',#5786);
#5786 = AXIS2_PLACEMENT_3D('',#5787,#5788,#5789);
#5787 = CARTESIAN_POINT('',(0.,0.,1.445));
#5788 = DIRECTION('',(0.,0.,1.));
#5789 = DIRECTION('',(1.,0.,-0.));
#5790 = MANIFOLD_SOLID_BREP('',#5791);
#5791 = CLOSED_SHELL('',(#5792,#5834,#5865,#5898,#5929,#5962,#5993,#6026
    ,#6057,#6090,#6121,#6154,#6185,#6216,#6247,#6278,#6309,#6340,#6371,
    #6404,#6435,#6468,#6490,#6523,#6556,#6592));
#5792 = ADVANCED_FACE('',(#5793),#5829,.T.);
#5793 = FACE_BOUND('',#5794,.T.);
#5794 = EDGE_LOOP('',(#5795,#5805,#5814,#5822));
#5795 = ORIENTED_EDGE('',*,*,#5796,.T.);
#5796 = EDGE_CURVE('',#5797,#5799,#5801,.T.);
#5797 = VERTEX_POINT('',#5798);
#5798 = CARTESIAN_POINT('',(148.46967,-92.46967,1.41));
#5799 = VERTEX_POINT('',#5800);
#5800 = CARTESIAN_POINT('',(148.46967,-92.46967,1.445));
#5801 = LINE('',#5802,#5803);
#5802 = CARTESIAN_POINT('',(148.46967,-92.46967,1.41));
#5803 = VECTOR('',#5804,1.);
#5804 = DIRECTION('',(0.,0.,1.));
#5805 = ORIENTED_EDGE('',*,*,#5806,.T.);
#5806 = EDGE_CURVE('',#5799,#5807,#5809,.T.);
#5807 = VERTEX_POINT('',#5808);
#5808 = CARTESIAN_POINT('',(149.,-92.25,1.445));
#5809 = CIRCLE('',#5810,0.749995627143);
#5810 = AXIS2_PLACEMENT_3D('',#5811,#5812,#5813);
#5811 = CARTESIAN_POINT('',(148.99999836048,-92.99999562714,1.445));
#5812 = DIRECTION('',(0.,0.,-1.));
#5813 = DIRECTION('',(-0.707108603421,0.707104958947,0.));
#5814 = ORIENTED_EDGE('',*,*,#5815,.F.);
#5815 = EDGE_CURVE('',#5816,#5807,#5818,.T.);
#5816 = VERTEX_POINT('',#5817);
#5817 = CARTESIAN_POINT('',(149.,-92.25,1.41));
#5818 = LINE('',#5819,#5820);
#5819 = CARTESIAN_POINT('',(149.,-92.25,1.41));
#5820 = VECTOR('',#5821,1.);
#5821 = DIRECTION('',(0.,0.,1.));
#5822 = ORIENTED_EDGE('',*,*,#5823,.F.);
#5823 = EDGE_CURVE('',#5797,#5816,#5824,.T.);
#5824 = CIRCLE('',#5825,0.749995627143);
#5825 = AXIS2_PLACEMENT_3D('',#5826,#5827,#5828);
#5826 = CARTESIAN_POINT('',(148.99999836048,-92.99999562714,1.41));
#5827 = DIRECTION('',(0.,0.,-1.));
#5828 = DIRECTION('',(-0.707108603421,0.707104958947,0.));
#5829 = CYLINDRICAL_SURFACE('',#5830,0.749995627143);
#5830 = AXIS2_PLACEMENT_3D('',#5831,#5832,#5833);
#5831 = CARTESIAN_POINT('',(148.99999836048,-92.99999562714,1.41));
#5832 = DIRECTION('',(0.,0.,-1.));
#5833 = DIRECTION('',(-0.707108603421,0.707104958947,0.));
#5834 = ADVANCED_FACE('',(#5835),#5860,.T.);
#5835 = FACE_BOUND('',#5836,.T.);
#5836 = EDGE_LOOP('',(#5837,#5838,#5846,#5854));
#5837 = ORIENTED_EDGE('',*,*,#5815,.T.);
#5838 = ORIENTED_EDGE('',*,*,#5839,.T.);
#5839 = EDGE_CURVE('',#5807,#5840,#5842,.T.);
#5840 = VERTEX_POINT('',#5841);
#5841 = CARTESIAN_POINT('',(155.,-92.25,1.445));
#5842 = LINE('',#5843,#5844);
#5843 = CARTESIAN_POINT('',(149.,-92.25,1.445));
#5844 = VECTOR('',#5845,1.);
#5845 = DIRECTION('',(1.,0.,0.));
#5846 = ORIENTED_EDGE('',*,*,#5847,.F.);
#5847 = EDGE_CURVE('',#5848,#5840,#5850,.T.);
#5848 = VERTEX_POINT('',#5849);
#5849 = CARTESIAN_POINT('',(155.,-92.25,1.41));
#5850 = LINE('',#5851,#5852);
#5851 = CARTESIAN_POINT('',(155.,-92.25,1.41));
#5852 = VECTOR('',#5853,1.);
#5853 = DIRECTION('',(0.,0.,1.));
#5854 = ORIENTED_EDGE('',*,*,#5855,.F.);
#5855 = EDGE_CURVE('',#5816,#5848,#5856,.T.);
#5856 = LINE('',#5857,#5858);
#5857 = CARTESIAN_POINT('',(149.,-92.25,1.41));
#5858 = VECTOR('',#5859,1.);
#5859 = DIRECTION('',(1.,0.,0.));
#5860 = PLANE('',#5861);
#5861 = AXIS2_PLACEMENT_3D('',#5862,#5863,#5864);
#5862 = CARTESIAN_POINT('',(149.,-92.25,1.41));
#5863 = DIRECTION('',(0.,1.,0.));
#5864 = DIRECTION('',(1.,0.,0.));
#5865 = ADVANCED_FACE('',(#5866),#5893,.T.);
#5866 = FACE_BOUND('',#5867,.T.);
#5867 = EDGE_LOOP('',(#5868,#5869,#5878,#5886));
#5868 = ORIENTED_EDGE('',*,*,#5847,.T.);
#5869 = ORIENTED_EDGE('',*,*,#5870,.T.);
#5870 = EDGE_CURVE('',#5840,#5871,#5873,.T.);
#5871 = VERTEX_POINT('',#5872);
#5872 = CARTESIAN_POINT('',(155.53033,-92.46967,1.445));
#5873 = CIRCLE('',#5874,0.749991987648);
#5874 = AXIS2_PLACEMENT_3D('',#5875,#5876,#5877);
#5875 = CARTESIAN_POINT('',(155.00000314705,-92.99999198764,1.445));
#5876 = DIRECTION('',(0.,0.,-1.));
#5877 = DIRECTION('',(-4.196110994746E-06,0.999999999991,0.));
#5878 = ORIENTED_EDGE('',*,*,#5879,.F.);
#5879 = EDGE_CURVE('',#5880,#5871,#5882,.T.);
#5880 = VERTEX_POINT('',#5881);
#5881 = CARTESIAN_POINT('',(155.53033,-92.46967,1.41));
#5882 = LINE('',#5883,#5884);
#5883 = CARTESIAN_POINT('',(155.53033,-92.46967,1.41));
#5884 = VECTOR('',#5885,1.);
#5885 = DIRECTION('',(0.,0.,1.));
#5886 = ORIENTED_EDGE('',*,*,#5887,.F.);
#5887 = EDGE_CURVE('',#5848,#5880,#5888,.T.);
#5888 = CIRCLE('',#5889,0.749991987648);
#5889 = AXIS2_PLACEMENT_3D('',#5890,#5891,#5892);
#5890 = CARTESIAN_POINT('',(155.00000314705,-92.99999198764,1.41));
#5891 = DIRECTION('',(0.,0.,-1.));
#5892 = DIRECTION('',(-4.196110994746E-06,0.999999999991,0.));
#5893 = CYLINDRICAL_SURFACE('',#5894,0.749991987648);
#5894 = AXIS2_PLACEMENT_3D('',#5895,#5896,#5897);
#5895 = CARTESIAN_POINT('',(155.00000314705,-92.99999198764,1.41));
#5896 = DIRECTION('',(0.,0.,-1.));
#5897 = DIRECTION('',(-4.196110994746E-06,0.999999999991,0.));
#5898 = ADVANCED_FACE('',(#5899),#5924,.T.);
#5899 = FACE_BOUND('',#5900,.T.);
#5900 = EDGE_LOOP('',(#5901,#5902,#5910,#5918));
#5901 = ORIENTED_EDGE('',*,*,#5879,.T.);
#5902 = ORIENTED_EDGE('',*,*,#5903,.T.);
#5903 = EDGE_CURVE('',#5871,#5904,#5906,.T.);
#5904 = VERTEX_POINT('',#5905);
#5905 = CARTESIAN_POINT('',(156.53033,-93.46967,1.445));
#5906 = LINE('',#5907,#5908);
#5907 = CARTESIAN_POINT('',(155.53033,-92.46967,1.445));
#5908 = VECTOR('',#5909,1.);
#5909 = DIRECTION('',(0.707106781187,-0.707106781187,0.));
#5910 = ORIENTED_EDGE('',*,*,#5911,.F.);
#5911 = EDGE_CURVE('',#5912,#5904,#5914,.T.);
#5912 = VERTEX_POINT('',#5913);
#5913 = CARTESIAN_POINT('',(156.53033,-93.46967,1.41));
#5914 = LINE('',#5915,#5916);
#5915 = CARTESIAN_POINT('',(156.53033,-93.46967,1.41));
#5916 = VECTOR('',#5917,1.);
#5917 = DIRECTION('',(0.,0.,1.));
#5918 = ORIENTED_EDGE('',*,*,#5919,.F.);
#5919 = EDGE_CURVE('',#5880,#5912,#5920,.T.);
#5920 = LINE('',#5921,#5922);
#5921 = CARTESIAN_POINT('',(155.53033,-92.46967,1.41));
#5922 = VECTOR('',#5923,1.);
#5923 = DIRECTION('',(0.707106781187,-0.707106781187,0.));
#5924 = PLANE('',#5925);
#5925 = AXIS2_PLACEMENT_3D('',#5926,#5927,#5928);
#5926 = CARTESIAN_POINT('',(155.53033,-92.46967,1.41));
#5927 = DIRECTION('',(0.707106781187,0.707106781187,-0.));
#5928 = DIRECTION('',(0.707106781187,-0.707106781187,0.));
#5929 = ADVANCED_FACE('',(#5930),#5957,.T.);
#5930 = FACE_BOUND('',#5931,.T.);
#5931 = EDGE_LOOP('',(#5932,#5933,#5942,#5950));
#5932 = ORIENTED_EDGE('',*,*,#5911,.T.);
#5933 = ORIENTED_EDGE('',*,*,#5934,.T.);
#5934 = EDGE_CURVE('',#5904,#5935,#5937,.T.);
#5935 = VERTEX_POINT('',#5936);
#5936 = CARTESIAN_POINT('',(156.75,-94.,1.445));
#5937 = CIRCLE('',#5938,0.749995627143);
#5938 = AXIS2_PLACEMENT_3D('',#5939,#5940,#5941);
#5939 = CARTESIAN_POINT('',(156.00000437285,-93.99999836048,1.445));
#5940 = DIRECTION('',(0.,0.,-1.));
#5941 = DIRECTION('',(0.707104958947,0.707108603422,0.));
#5942 = ORIENTED_EDGE('',*,*,#5943,.F.);
#5943 = EDGE_CURVE('',#5944,#5935,#5946,.T.);
#5944 = VERTEX_POINT('',#5945);
#5945 = CARTESIAN_POINT('',(156.75,-94.,1.41));
#5946 = LINE('',#5947,#5948);
#5947 = CARTESIAN_POINT('',(156.75,-94.,1.41));
#5948 = VECTOR('',#5949,1.);
#5949 = DIRECTION('',(0.,0.,1.));
#5950 = ORIENTED_EDGE('',*,*,#5951,.F.);
#5951 = EDGE_CURVE('',#5912,#5944,#5952,.T.);
#5952 = CIRCLE('',#5953,0.749995627143);
#5953 = AXIS2_PLACEMENT_3D('',#5954,#5955,#5956);
#5954 = CARTESIAN_POINT('',(156.00000437285,-93.99999836048,1.41));
#5955 = DIRECTION('',(0.,0.,-1.));
#5956 = DIRECTION('',(0.707104958947,0.707108603422,0.));
#5957 = CYLINDRICAL_SURFACE('',#5958,0.749995627143);
#5958 = AXIS2_PLACEMENT_3D('',#5959,#5960,#5961);
#5959 = CARTESIAN_POINT('',(156.00000437285,-93.99999836048,1.41));
#5960 = DIRECTION('',(0.,0.,-1.));
#5961 = DIRECTION('',(0.707104958947,0.707108603422,0.));
#5962 = ADVANCED_FACE('',(#5963),#5988,.T.);
#5963 = FACE_BOUND('',#5964,.T.);
#5964 = EDGE_LOOP('',(#5965,#5966,#5974,#5982));
#5965 = ORIENTED_EDGE('',*,*,#5943,.T.);
#5966 = ORIENTED_EDGE('',*,*,#5967,.T.);
#5967 = EDGE_CURVE('',#5935,#5968,#5970,.T.);
#5968 = VERTEX_POINT('',#5969);
#5969 = CARTESIAN_POINT('',(156.75,-98.,1.445));
#5970 = LINE('',#5971,#5972);
#5971 = CARTESIAN_POINT('',(156.75,-94.,1.445));
#5972 = VECTOR('',#5973,1.);
#5973 = DIRECTION('',(0.,-1.,0.));
#5974 = ORIENTED_EDGE('',*,*,#5975,.F.);
#5975 = EDGE_CURVE('',#5976,#5968,#5978,.T.);
#5976 = VERTEX_POINT('',#5977);
#5977 = CARTESIAN_POINT('',(156.75,-98.,1.41));
#5978 = LINE('',#5979,#5980);
#5979 = CARTESIAN_POINT('',(156.75,-98.,1.41));
#5980 = VECTOR('',#5981,1.);
#5981 = DIRECTION('',(0.,0.,1.));
#5982 = ORIENTED_EDGE('',*,*,#5983,.F.);
#5983 = EDGE_CURVE('',#5944,#5976,#5984,.T.);
#5984 = LINE('',#5985,#5986);
#5985 = CARTESIAN_POINT('',(156.75,-94.,1.41));
#5986 = VECTOR('',#5987,1.);
#5987 = DIRECTION('',(0.,-1.,0.));
#5988 = PLANE('',#5989);
#5989 = AXIS2_PLACEMENT_3D('',#5990,#5991,#5992);
#5990 = CARTESIAN_POINT('',(156.75,-94.,1.41));
#5991 = DIRECTION('',(1.,0.,-0.));
#5992 = DIRECTION('',(0.,-1.,0.));
#5993 = ADVANCED_FACE('',(#5994),#6021,.T.);
#5994 = FACE_BOUND('',#5995,.T.);
#5995 = EDGE_LOOP('',(#5996,#5997,#6006,#6014));
#5996 = ORIENTED_EDGE('',*,*,#5975,.T.);
#5997 = ORIENTED_EDGE('',*,*,#5998,.T.);
#5998 = EDGE_CURVE('',#5968,#5999,#6001,.T.);
#5999 = VERTEX_POINT('',#6000);
#6000 = CARTESIAN_POINT('',(156.53033,-98.53033,1.445));
#6001 = CIRCLE('',#6002,0.749991987648);
#6002 = AXIS2_PLACEMENT_3D('',#6003,#6004,#6005);
#6003 = CARTESIAN_POINT('',(156.00000801235,-98.00000314705,1.445));
#6004 = DIRECTION('',(0.,0.,-1.));
#6005 = DIRECTION('',(0.999999999991,4.196110900005E-06,0.));
#6006 = ORIENTED_EDGE('',*,*,#6007,.F.);
#6007 = EDGE_CURVE('',#6008,#5999,#6010,.T.);
#6008 = VERTEX_POINT('',#6009);
#6009 = CARTESIAN_POINT('',(156.53033,-98.53033,1.41));
#6010 = LINE('',#6011,#6012);
#6011 = CARTESIAN_POINT('',(156.53033,-98.53033,1.41));
#6012 = VECTOR('',#6013,1.);
#6013 = DIRECTION('',(0.,0.,1.));
#6014 = ORIENTED_EDGE('',*,*,#6015,.F.);
#6015 = EDGE_CURVE('',#5976,#6008,#6016,.T.);
#6016 = CIRCLE('',#6017,0.749991987648);
#6017 = AXIS2_PLACEMENT_3D('',#6018,#6019,#6020);
#6018 = CARTESIAN_POINT('',(156.00000801235,-98.00000314705,1.41));
#6019 = DIRECTION('',(0.,0.,-1.));
#6020 = DIRECTION('',(0.999999999991,4.196110900005E-06,0.));
#6021 = CYLINDRICAL_SURFACE('',#6022,0.749991987648);
#6022 = AXIS2_PLACEMENT_3D('',#6023,#6024,#6025);
#6023 = CARTESIAN_POINT('',(156.00000801235,-98.00000314705,1.41));
#6024 = DIRECTION('',(0.,0.,-1.));
#6025 = DIRECTION('',(0.999999999991,4.196110900005E-06,0.));
#6026 = ADVANCED_FACE('',(#6027),#6052,.T.);
#6027 = FACE_BOUND('',#6028,.T.);
#6028 = EDGE_LOOP('',(#6029,#6030,#6038,#6046));
#6029 = ORIENTED_EDGE('',*,*,#6007,.T.);
#6030 = ORIENTED_EDGE('',*,*,#6031,.T.);
#6031 = EDGE_CURVE('',#5999,#6032,#6034,.T.);
#6032 = VERTEX_POINT('',#6033);
#6033 = CARTESIAN_POINT('',(155.53033,-99.53033,1.445));
#6034 = LINE('',#6035,#6036);
#6035 = CARTESIAN_POINT('',(156.53033,-98.53033,1.445));
#6036 = VECTOR('',#6037,1.);
#6037 = DIRECTION('',(-0.707106781187,-0.707106781187,0.));
#6038 = ORIENTED_EDGE('',*,*,#6039,.F.);
#6039 = EDGE_CURVE('',#6040,#6032,#6042,.T.);
#6040 = VERTEX_POINT('',#6041);
#6041 = CARTESIAN_POINT('',(155.53033,-99.53033,1.41));
#6042 = LINE('',#6043,#6044);
#6043 = CARTESIAN_POINT('',(155.53033,-99.53033,1.41));
#6044 = VECTOR('',#6045,1.);
#6045 = DIRECTION('',(0.,0.,1.));
#6046 = ORIENTED_EDGE('',*,*,#6047,.F.);
#6047 = EDGE_CURVE('',#6008,#6040,#6048,.T.);
#6048 = LINE('',#6049,#6050);
#6049 = CARTESIAN_POINT('',(156.53033,-98.53033,1.41));
#6050 = VECTOR('',#6051,1.);
#6051 = DIRECTION('',(-0.707106781187,-0.707106781187,0.));
#6052 = PLANE('',#6053);
#6053 = AXIS2_PLACEMENT_3D('',#6054,#6055,#6056);
#6054 = CARTESIAN_POINT('',(156.53033,-98.53033,1.41));
#6055 = DIRECTION('',(0.707106781187,-0.707106781187,0.));
#6056 = DIRECTION('',(-0.707106781187,-0.707106781187,0.));
#6057 = ADVANCED_FACE('',(#6058),#6085,.T.);
#6058 = FACE_BOUND('',#6059,.T.);
#6059 = EDGE_LOOP('',(#6060,#6061,#6070,#6078));
#6060 = ORIENTED_EDGE('',*,*,#6039,.T.);
#6061 = ORIENTED_EDGE('',*,*,#6062,.T.);
#6062 = EDGE_CURVE('',#6032,#6063,#6065,.T.);
#6063 = VERTEX_POINT('',#6064);
#6064 = CARTESIAN_POINT('',(155.,-99.75,1.445));
#6065 = CIRCLE('',#6066,0.749995627143);
#6066 = AXIS2_PLACEMENT_3D('',#6067,#6068,#6069);
#6067 = CARTESIAN_POINT('',(155.00000163951,-99.00000437285,1.445));
#6068 = DIRECTION('',(0.,0.,-1.));
#6069 = DIRECTION('',(0.707108603421,-0.707104958947,0.));
#6070 = ORIENTED_EDGE('',*,*,#6071,.F.);
#6071 = EDGE_CURVE('',#6072,#6063,#6074,.T.);
#6072 = VERTEX_POINT('',#6073);
#6073 = CARTESIAN_POINT('',(155.,-99.75,1.41));
#6074 = LINE('',#6075,#6076);
#6075 = CARTESIAN_POINT('',(155.,-99.75,1.41));
#6076 = VECTOR('',#6077,1.);
#6077 = DIRECTION('',(0.,0.,1.));
#6078 = ORIENTED_EDGE('',*,*,#6079,.F.);
#6079 = EDGE_CURVE('',#6040,#6072,#6080,.T.);
#6080 = CIRCLE('',#6081,0.749995627143);
#6081 = AXIS2_PLACEMENT_3D('',#6082,#6083,#6084);
#6082 = CARTESIAN_POINT('',(155.00000163951,-99.00000437285,1.41));
#6083 = DIRECTION('',(0.,0.,-1.));
#6084 = DIRECTION('',(0.707108603421,-0.707104958947,0.));
#6085 = CYLINDRICAL_SURFACE('',#6086,0.749995627143);
#6086 = AXIS2_PLACEMENT_3D('',#6087,#6088,#6089);
#6087 = CARTESIAN_POINT('',(155.00000163951,-99.00000437285,1.41));
#6088 = DIRECTION('',(0.,0.,-1.));
#6089 = DIRECTION('',(0.707108603421,-0.707104958947,0.));
#6090 = ADVANCED_FACE('',(#6091),#6116,.T.);
#6091 = FACE_BOUND('',#6092,.T.);
#6092 = EDGE_LOOP('',(#6093,#6094,#6102,#6110));
#6093 = ORIENTED_EDGE('',*,*,#6071,.T.);
#6094 = ORIENTED_EDGE('',*,*,#6095,.T.);
#6095 = EDGE_CURVE('',#6063,#6096,#6098,.T.);
#6096 = VERTEX_POINT('',#6097);
#6097 = CARTESIAN_POINT('',(153.39,-99.75,1.445));
#6098 = LINE('',#6099,#6100);
#6099 = CARTESIAN_POINT('',(155.,-99.75,1.445));
#6100 = VECTOR('',#6101,1.);
#6101 = DIRECTION('',(-1.,0.,0.));
#6102 = ORIENTED_EDGE('',*,*,#6103,.F.);
#6103 = EDGE_CURVE('',#6104,#6096,#6106,.T.);
#6104 = VERTEX_POINT('',#6105);
#6105 = CARTESIAN_POINT('',(153.39,-99.75,1.41));
#6106 = LINE('',#6107,#6108);
#6107 = CARTESIAN_POINT('',(153.39,-99.75,1.41));
#6108 = VECTOR('',#6109,1.);
#6109 = DIRECTION('',(0.,0.,1.));
#6110 = ORIENTED_EDGE('',*,*,#6111,.F.);
#6111 = EDGE_CURVE('',#6072,#6104,#6112,.T.);
#6112 = LINE('',#6113,#6114);
#6113 = CARTESIAN_POINT('',(155.,-99.75,1.41));
#6114 = VECTOR('',#6115,1.);
#6115 = DIRECTION('',(-1.,0.,0.));
#6116 = PLANE('',#6117);
#6117 = AXIS2_PLACEMENT_3D('',#6118,#6119,#6120);
#6118 = CARTESIAN_POINT('',(155.,-99.75,1.41));
#6119 = DIRECTION('',(0.,-1.,0.));
#6120 = DIRECTION('',(-1.,0.,0.));
#6121 = ADVANCED_FACE('',(#6122),#6149,.T.);
#6122 = FACE_BOUND('',#6123,.T.);
#6123 = EDGE_LOOP('',(#6124,#6125,#6134,#6142));
#6124 = ORIENTED_EDGE('',*,*,#6103,.T.);
#6125 = ORIENTED_EDGE('',*,*,#6126,.T.);
#6126 = EDGE_CURVE('',#6096,#6127,#6129,.T.);
#6127 = VERTEX_POINT('',#6128);
#6128 = CARTESIAN_POINT('',(153.39,-98.25,1.445));
#6129 = CIRCLE('',#6130,0.75);
#6130 = AXIS2_PLACEMENT_3D('',#6131,#6132,#6133);
#6131 = CARTESIAN_POINT('',(153.38999953074,-99.,1.445));
#6132 = DIRECTION('',(0.,0.,-1.));
#6133 = DIRECTION('',(6.256701681194E-07,-1.,0.));
#6134 = ORIENTED_EDGE('',*,*,#6135,.F.);
#6135 = EDGE_CURVE('',#6136,#6127,#6138,.T.);
#6136 = VERTEX_POINT('',#6137);
#6137 = CARTESIAN_POINT('',(153.39,-98.25,1.41));
#6138 = LINE('',#6139,#6140);
#6139 = CARTESIAN_POINT('',(153.39,-98.25,1.41));
#6140 = VECTOR('',#6141,1.);
#6141 = DIRECTION('',(0.,0.,1.));
#6142 = ORIENTED_EDGE('',*,*,#6143,.F.);
#6143 = EDGE_CURVE('',#6104,#6136,#6144,.T.);
#6144 = CIRCLE('',#6145,0.75);
#6145 = AXIS2_PLACEMENT_3D('',#6146,#6147,#6148);
#6146 = CARTESIAN_POINT('',(153.38999953074,-99.,1.41));
#6147 = DIRECTION('',(0.,0.,-1.));
#6148 = DIRECTION('',(6.256701681194E-07,-1.,0.));
#6149 = CYLINDRICAL_SURFACE('',#6150,0.75);
#6150 = AXIS2_PLACEMENT_3D('',#6151,#6152,#6153);
#6151 = CARTESIAN_POINT('',(153.38999953074,-99.,1.41));
#6152 = DIRECTION('',(0.,0.,-1.));
#6153 = DIRECTION('',(6.256701681194E-07,-1.,0.));
#6154 = ADVANCED_FACE('',(#6155),#6180,.T.);
#6155 = FACE_BOUND('',#6156,.T.);
#6156 = EDGE_LOOP('',(#6157,#6158,#6166,#6174));
#6157 = ORIENTED_EDGE('',*,*,#6135,.T.);
#6158 = ORIENTED_EDGE('',*,*,#6159,.T.);
#6159 = EDGE_CURVE('',#6127,#6160,#6162,.T.);
#6160 = VERTEX_POINT('',#6161);
#6161 = CARTESIAN_POINT('',(154.68934,-98.25,1.445));
#6162 = LINE('',#6163,#6164);
#6163 = CARTESIAN_POINT('',(153.39,-98.25,1.445));
#6164 = VECTOR('',#6165,1.);
#6165 = DIRECTION('',(1.,0.,0.));
#6166 = ORIENTED_EDGE('',*,*,#6167,.F.);
#6167 = EDGE_CURVE('',#6168,#6160,#6170,.T.);
#6168 = VERTEX_POINT('',#6169);
#6169 = CARTESIAN_POINT('',(154.68934,-98.25,1.41));
#6170 = LINE('',#6171,#6172);
#6171 = CARTESIAN_POINT('',(154.68934,-98.25,1.41));
#6172 = VECTOR('',#6173,1.);
#6173 = DIRECTION('',(0.,0.,1.));
#6174 = ORIENTED_EDGE('',*,*,#6175,.F.);
#6175 = EDGE_CURVE('',#6136,#6168,#6176,.T.);
#6176 = LINE('',#6177,#6178);
#6177 = CARTESIAN_POINT('',(153.39,-98.25,1.41));
#6178 = VECTOR('',#6179,1.);
#6179 = DIRECTION('',(1.,0.,0.));
#6180 = PLANE('',#6181);
#6181 = AXIS2_PLACEMENT_3D('',#6182,#6183,#6184);
#6182 = CARTESIAN_POINT('',(153.39,-98.25,1.41));
#6183 = DIRECTION('',(0.,1.,0.));
#6184 = DIRECTION('',(1.,0.,0.));
#6185 = ADVANCED_FACE('',(#6186),#6211,.T.);
#6186 = FACE_BOUND('',#6187,.T.);
#6187 = EDGE_LOOP('',(#6188,#6189,#6197,#6205));
#6188 = ORIENTED_EDGE('',*,*,#6167,.T.);
#6189 = ORIENTED_EDGE('',*,*,#6190,.T.);
#6190 = EDGE_CURVE('',#6160,#6191,#6193,.T.);
#6191 = VERTEX_POINT('',#6192);
#6192 = CARTESIAN_POINT('',(155.25,-97.68934,1.445));
#6193 = LINE('',#6194,#6195);
#6194 = CARTESIAN_POINT('',(154.68934,-98.25,1.445));
#6195 = VECTOR('',#6196,1.);
#6196 = DIRECTION('',(0.707106781187,0.707106781187,0.));
#6197 = ORIENTED_EDGE('',*,*,#6198,.F.);
#6198 = EDGE_CURVE('',#6199,#6191,#6201,.T.);
#6199 = VERTEX_POINT('',#6200);
#6200 = CARTESIAN_POINT('',(155.25,-97.68934,1.41));
#6201 = LINE('',#6202,#6203);
#6202 = CARTESIAN_POINT('',(155.25,-97.68934,1.41));
#6203 = VECTOR('',#6204,1.);
#6204 = DIRECTION('',(0.,0.,1.));
#6205 = ORIENTED_EDGE('',*,*,#6206,.F.);
#6206 = EDGE_CURVE('',#6168,#6199,#6207,.T.);
#6207 = LINE('',#6208,#6209);
#6208 = CARTESIAN_POINT('',(154.68934,-98.25,1.41));
#6209 = VECTOR('',#6210,1.);
#6210 = DIRECTION('',(0.707106781187,0.707106781187,0.));
#6211 = PLANE('',#6212);
#6212 = AXIS2_PLACEMENT_3D('',#6213,#6214,#6215);
#6213 = CARTESIAN_POINT('',(154.68934,-98.25,1.41));
#6214 = DIRECTION('',(-0.707106781187,0.707106781187,0.));
#6215 = DIRECTION('',(0.707106781187,0.707106781187,0.));
#6216 = ADVANCED_FACE('',(#6217),#6242,.T.);
#6217 = FACE_BOUND('',#6218,.T.);
#6218 = EDGE_LOOP('',(#6219,#6220,#6228,#6236));
#6219 = ORIENTED_EDGE('',*,*,#6198,.T.);
#6220 = ORIENTED_EDGE('',*,*,#6221,.T.);
#6221 = EDGE_CURVE('',#6191,#6222,#6224,.T.);
#6222 = VERTEX_POINT('',#6223);
#6223 = CARTESIAN_POINT('',(155.25,-94.31066,1.445));
#6224 = LINE('',#6225,#6226);
#6225 = CARTESIAN_POINT('',(155.25,-97.68934,1.445));
#6226 = VECTOR('',#6227,1.);
#6227 = DIRECTION('',(0.,1.,0.));
#6228 = ORIENTED_EDGE('',*,*,#6229,.F.);
#6229 = EDGE_CURVE('',#6230,#6222,#6232,.T.);
#6230 = VERTEX_POINT('',#6231);
#6231 = CARTESIAN_POINT('',(155.25,-94.31066,1.41));
#6232 = LINE('',#6233,#6234);
#6233 = CARTESIAN_POINT('',(155.25,-94.31066,1.41));
#6234 = VECTOR('',#6235,1.);
#6235 = DIRECTION('',(0.,0.,1.));
#6236 = ORIENTED_EDGE('',*,*,#6237,.F.);
#6237 = EDGE_CURVE('',#6199,#6230,#6238,.T.);
#6238 = LINE('',#6239,#6240);
#6239 = CARTESIAN_POINT('',(155.25,-97.68934,1.41));
#6240 = VECTOR('',#6241,1.);
#6241 = DIRECTION('',(0.,1.,0.));
#6242 = PLANE('',#6243);
#6243 = AXIS2_PLACEMENT_3D('',#6244,#6245,#6246);
#6244 = CARTESIAN_POINT('',(155.25,-97.68934,1.41));
#6245 = DIRECTION('',(-1.,0.,0.));
#6246 = DIRECTION('',(0.,1.,0.));
#6247 = ADVANCED_FACE('',(#6248),#6273,.T.);
#6248 = FACE_BOUND('',#6249,.T.);
#6249 = EDGE_LOOP('',(#6250,#6251,#6259,#6267));
#6250 = ORIENTED_EDGE('',*,*,#6229,.T.);
#6251 = ORIENTED_EDGE('',*,*,#6252,.T.);
#6252 = EDGE_CURVE('',#6222,#6253,#6255,.T.);
#6253 = VERTEX_POINT('',#6254);
#6254 = CARTESIAN_POINT('',(154.68934,-93.75,1.445));
#6255 = LINE('',#6256,#6257);
#6256 = CARTESIAN_POINT('',(155.25,-94.31066,1.445));
#6257 = VECTOR('',#6258,1.);
#6258 = DIRECTION('',(-0.707106781187,0.707106781187,0.));
#6259 = ORIENTED_EDGE('',*,*,#6260,.F.);
#6260 = EDGE_CURVE('',#6261,#6253,#6263,.T.);
#6261 = VERTEX_POINT('',#6262);
#6262 = CARTESIAN_POINT('',(154.68934,-93.75,1.41));
#6263 = LINE('',#6264,#6265);
#6264 = CARTESIAN_POINT('',(154.68934,-93.75,1.41));
#6265 = VECTOR('',#6266,1.);
#6266 = DIRECTION('',(0.,0.,1.));
#6267 = ORIENTED_EDGE('',*,*,#6268,.F.);
#6268 = EDGE_CURVE('',#6230,#6261,#6269,.T.);
#6269 = LINE('',#6270,#6271);
#6270 = CARTESIAN_POINT('',(155.25,-94.31066,1.41));
#6271 = VECTOR('',#6272,1.);
#6272 = DIRECTION('',(-0.707106781187,0.707106781187,0.));
#6273 = PLANE('',#6274);
#6274 = AXIS2_PLACEMENT_3D('',#6275,#6276,#6277);
#6275 = CARTESIAN_POINT('',(155.25,-94.31066,1.41));
#6276 = DIRECTION('',(-0.707106781187,-0.707106781187,0.));
#6277 = DIRECTION('',(-0.707106781187,0.707106781187,0.));
#6278 = ADVANCED_FACE('',(#6279),#6304,.T.);
#6279 = FACE_BOUND('',#6280,.T.);
#6280 = EDGE_LOOP('',(#6281,#6282,#6290,#6298));
#6281 = ORIENTED_EDGE('',*,*,#6260,.T.);
#6282 = ORIENTED_EDGE('',*,*,#6283,.T.);
#6283 = EDGE_CURVE('',#6253,#6284,#6286,.T.);
#6284 = VERTEX_POINT('',#6285);
#6285 = CARTESIAN_POINT('',(149.31066,-93.75,1.445));
#6286 = LINE('',#6287,#6288);
#6287 = CARTESIAN_POINT('',(154.68934,-93.75,1.445));
#6288 = VECTOR('',#6289,1.);
#6289 = DIRECTION('',(-1.,0.,0.));
#6290 = ORIENTED_EDGE('',*,*,#6291,.F.);
#6291 = EDGE_CURVE('',#6292,#6284,#6294,.T.);
#6292 = VERTEX_POINT('',#6293);
#6293 = CARTESIAN_POINT('',(149.31066,-93.75,1.41));
#6294 = LINE('',#6295,#6296);
#6295 = CARTESIAN_POINT('',(149.31066,-93.75,1.41));
#6296 = VECTOR('',#6297,1.);
#6297 = DIRECTION('',(0.,0.,1.));
#6298 = ORIENTED_EDGE('',*,*,#6299,.F.);
#6299 = EDGE_CURVE('',#6261,#6292,#6300,.T.);
#6300 = LINE('',#6301,#6302);
#6301 = CARTESIAN_POINT('',(154.68934,-93.75,1.41));
#6302 = VECTOR('',#6303,1.);
#6303 = DIRECTION('',(-1.,0.,0.));
#6304 = PLANE('',#6305);
#6305 = AXIS2_PLACEMENT_3D('',#6306,#6307,#6308);
#6306 = CARTESIAN_POINT('',(154.68934,-93.75,1.41));
#6307 = DIRECTION('',(0.,-1.,0.));
#6308 = DIRECTION('',(-1.,0.,0.));
#6309 = ADVANCED_FACE('',(#6310),#6335,.T.);
#6310 = FACE_BOUND('',#6311,.T.);
#6311 = EDGE_LOOP('',(#6312,#6313,#6321,#6329));
#6312 = ORIENTED_EDGE('',*,*,#6291,.T.);
#6313 = ORIENTED_EDGE('',*,*,#6314,.T.);
#6314 = EDGE_CURVE('',#6284,#6315,#6317,.T.);
#6315 = VERTEX_POINT('',#6316);
#6316 = CARTESIAN_POINT('',(149.01567,-94.04499,1.445));
#6317 = LINE('',#6318,#6319);
#6318 = CARTESIAN_POINT('',(149.31066,-93.75,1.445));
#6319 = VECTOR('',#6320,1.);
#6320 = DIRECTION('',(-0.707106781187,-0.707106781187,0.));
#6321 = ORIENTED_EDGE('',*,*,#6322,.F.);
#6322 = EDGE_CURVE('',#6323,#6315,#6325,.T.);
#6323 = VERTEX_POINT('',#6324);
#6324 = CARTESIAN_POINT('',(149.01567,-94.04499,1.41));
#6325 = LINE('',#6326,#6327);
#6326 = CARTESIAN_POINT('',(149.01567,-94.04499,1.41));
#6327 = VECTOR('',#6328,1.);
#6328 = DIRECTION('',(0.,0.,1.));
#6329 = ORIENTED_EDGE('',*,*,#6330,.F.);
#6330 = EDGE_CURVE('',#6292,#6323,#6331,.T.);
#6331 = LINE('',#6332,#6333);
#6332 = CARTESIAN_POINT('',(149.31066,-93.75,1.41));
#6333 = VECTOR('',#6334,1.);
#6334 = DIRECTION('',(-0.707106781187,-0.707106781187,0.));
#6335 = PLANE('',#6336);
#6336 = AXIS2_PLACEMENT_3D('',#6337,#6338,#6339);
#6337 = CARTESIAN_POINT('',(149.31066,-93.75,1.41));
#6338 = DIRECTION('',(0.707106781187,-0.707106781187,0.));
#6339 = DIRECTION('',(-0.707106781187,-0.707106781187,0.));
#6340 = ADVANCED_FACE('',(#6341),#6366,.T.);
#6341 = FACE_BOUND('',#6342,.T.);
#6342 = EDGE_LOOP('',(#6343,#6344,#6352,#6360));
#6343 = ORIENTED_EDGE('',*,*,#6322,.T.);
#6344 = ORIENTED_EDGE('',*,*,#6345,.T.);
#6345 = EDGE_CURVE('',#6315,#6346,#6348,.T.);
#6346 = VERTEX_POINT('',#6347);
#6347 = CARTESIAN_POINT('',(149.01567,-95.78747,1.445));
#6348 = LINE('',#6349,#6350);
#6349 = CARTESIAN_POINT('',(149.01567,-94.04499,1.445));
#6350 = VECTOR('',#6351,1.);
#6351 = DIRECTION('',(0.,-1.,0.));
#6352 = ORIENTED_EDGE('',*,*,#6353,.F.);
#6353 = EDGE_CURVE('',#6354,#6346,#6356,.T.);
#6354 = VERTEX_POINT('',#6355);
#6355 = CARTESIAN_POINT('',(149.01567,-95.78747,1.41));
#6356 = LINE('',#6357,#6358);
#6357 = CARTESIAN_POINT('',(149.01567,-95.78747,1.41));
#6358 = VECTOR('',#6359,1.);
#6359 = DIRECTION('',(0.,0.,1.));
#6360 = ORIENTED_EDGE('',*,*,#6361,.F.);
#6361 = EDGE_CURVE('',#6323,#6354,#6362,.T.);
#6362 = LINE('',#6363,#6364);
#6363 = CARTESIAN_POINT('',(149.01567,-94.04499,1.41));
#6364 = VECTOR('',#6365,1.);
#6365 = DIRECTION('',(0.,-1.,0.));
#6366 = PLANE('',#6367);
#6367 = AXIS2_PLACEMENT_3D('',#6368,#6369,#6370);
#6368 = CARTESIAN_POINT('',(149.01567,-94.04499,1.41));
#6369 = DIRECTION('',(1.,0.,-0.));
#6370 = DIRECTION('',(0.,-1.,0.));
#6371 = ADVANCED_FACE('',(#6372),#6399,.T.);
#6372 = FACE_BOUND('',#6373,.T.);
#6373 = EDGE_LOOP('',(#6374,#6375,#6384,#6392));
#6374 = ORIENTED_EDGE('',*,*,#6353,.T.);
#6375 = ORIENTED_EDGE('',*,*,#6376,.T.);
#6376 = EDGE_CURVE('',#6346,#6377,#6379,.T.);
#6377 = VERTEX_POINT('',#6378);
#6378 = CARTESIAN_POINT('',(147.51567,-95.78747,1.445));
#6379 = CIRCLE('',#6380,0.75);
#6380 = AXIS2_PLACEMENT_3D('',#6381,#6382,#6383);
#6381 = CARTESIAN_POINT('',(148.26567,-95.78747046925,1.445));
#6382 = DIRECTION('',(0.,0.,-1.));
#6383 = DIRECTION('',(1.,6.256701681194E-07,0.));
#6384 = ORIENTED_EDGE('',*,*,#6385,.F.);
#6385 = EDGE_CURVE('',#6386,#6377,#6388,.T.);
#6386 = VERTEX_POINT('',#6387);
#6387 = CARTESIAN_POINT('',(147.51567,-95.78747,1.41));
#6388 = LINE('',#6389,#6390);
#6389 = CARTESIAN_POINT('',(147.51567,-95.78747,1.41));
#6390 = VECTOR('',#6391,1.);
#6391 = DIRECTION('',(0.,0.,1.));
#6392 = ORIENTED_EDGE('',*,*,#6393,.F.);
#6393 = EDGE_CURVE('',#6354,#6386,#6394,.T.);
#6394 = CIRCLE('',#6395,0.75);
#6395 = AXIS2_PLACEMENT_3D('',#6396,#6397,#6398);
#6396 = CARTESIAN_POINT('',(148.26567,-95.78747046925,1.41));
#6397 = DIRECTION('',(0.,0.,-1.));
#6398 = DIRECTION('',(1.,6.256701681194E-07,0.));
#6399 = CYLINDRICAL_SURFACE('',#6400,0.75);
#6400 = AXIS2_PLACEMENT_3D('',#6401,#6402,#6403);
#6401 = CARTESIAN_POINT('',(148.26567,-95.78747046925,1.41));
#6402 = DIRECTION('',(0.,0.,-1.));
#6403 = DIRECTION('',(1.,6.256701681194E-07,0.));
#6404 = ADVANCED_FACE('',(#6405),#6430,.T.);
#6405 = FACE_BOUND('',#6406,.T.);
#6406 = EDGE_LOOP('',(#6407,#6408,#6416,#6424));
#6407 = ORIENTED_EDGE('',*,*,#6385,.T.);
#6408 = ORIENTED_EDGE('',*,*,#6409,.T.);
#6409 = EDGE_CURVE('',#6377,#6410,#6412,.T.);
#6410 = VERTEX_POINT('',#6411);
#6411 = CARTESIAN_POINT('',(147.51567,-93.73433,1.445));
#6412 = LINE('',#6413,#6414);
#6413 = CARTESIAN_POINT('',(147.51567,-95.78747,1.445));
#6414 = VECTOR('',#6415,1.);
#6415 = DIRECTION('',(0.,1.,0.));
#6416 = ORIENTED_EDGE('',*,*,#6417,.F.);
#6417 = EDGE_CURVE('',#6418,#6410,#6420,.T.);
#6418 = VERTEX_POINT('',#6419);
#6419 = CARTESIAN_POINT('',(147.51567,-93.73433,1.41));
#6420 = LINE('',#6421,#6422);
#6421 = CARTESIAN_POINT('',(147.51567,-93.73433,1.41));
#6422 = VECTOR('',#6423,1.);
#6423 = DIRECTION('',(0.,0.,1.));
#6424 = ORIENTED_EDGE('',*,*,#6425,.F.);
#6425 = EDGE_CURVE('',#6386,#6418,#6426,.T.);
#6426 = LINE('',#6427,#6428);
#6427 = CARTESIAN_POINT('',(147.51567,-95.78747,1.41));
#6428 = VECTOR('',#6429,1.);
#6429 = DIRECTION('',(0.,1.,0.));
#6430 = PLANE('',#6431);
#6431 = AXIS2_PLACEMENT_3D('',#6432,#6433,#6434);
#6432 = CARTESIAN_POINT('',(147.51567,-95.78747,1.41));
#6433 = DIRECTION('',(-1.,0.,0.));
#6434 = DIRECTION('',(0.,1.,0.));
#6435 = ADVANCED_FACE('',(#6436),#6463,.T.);
#6436 = FACE_BOUND('',#6437,.T.);
#6437 = EDGE_LOOP('',(#6438,#6439,#6448,#6456));
#6438 = ORIENTED_EDGE('',*,*,#6417,.T.);
#6439 = ORIENTED_EDGE('',*,*,#6440,.T.);
#6440 = EDGE_CURVE('',#6410,#6441,#6443,.T.);
#6441 = VERTEX_POINT('',#6442);
#6442 = CARTESIAN_POINT('',(147.73534,-93.204,1.445));
#6443 = CIRCLE('',#6444,0.749991987648);
#6444 = AXIS2_PLACEMENT_3D('',#6445,#6446,#6447);
#6445 = CARTESIAN_POINT('',(148.26566198764,-93.73432685295,1.445));
#6446 = DIRECTION('',(0.,0.,-1.));
#6447 = DIRECTION('',(-0.999999999991,-4.196110900005E-06,-0.));
#6448 = ORIENTED_EDGE('',*,*,#6449,.F.);
#6449 = EDGE_CURVE('',#6450,#6441,#6452,.T.);
#6450 = VERTEX_POINT('',#6451);
#6451 = CARTESIAN_POINT('',(147.73534,-93.204,1.41));
#6452 = LINE('',#6453,#6454);
#6453 = CARTESIAN_POINT('',(147.73534,-93.204,1.41));
#6454 = VECTOR('',#6455,1.);
#6455 = DIRECTION('',(0.,0.,1.));
#6456 = ORIENTED_EDGE('',*,*,#6457,.F.);
#6457 = EDGE_CURVE('',#6418,#6450,#6458,.T.);
#6458 = CIRCLE('',#6459,0.749991987648);
#6459 = AXIS2_PLACEMENT_3D('',#6460,#6461,#6462);
#6460 = CARTESIAN_POINT('',(148.26566198764,-93.73432685295,1.41));
#6461 = DIRECTION('',(0.,0.,-1.));
#6462 = DIRECTION('',(-0.999999999991,-4.196110900005E-06,-0.));
#6463 = CYLINDRICAL_SURFACE('',#6464,0.749991987648);
#6464 = AXIS2_PLACEMENT_3D('',#6465,#6466,#6467);
#6465 = CARTESIAN_POINT('',(148.26566198764,-93.73432685295,1.41));
#6466 = DIRECTION('',(0.,0.,-1.));
#6467 = DIRECTION('',(-0.999999999991,-4.196110900005E-06,-0.));
#6468 = ADVANCED_FACE('',(#6469),#6485,.T.);
#6469 = FACE_BOUND('',#6470,.T.);
#6470 = EDGE_LOOP('',(#6471,#6472,#6478,#6479));
#6471 = ORIENTED_EDGE('',*,*,#6449,.T.);
#6472 = ORIENTED_EDGE('',*,*,#6473,.T.);
#6473 = EDGE_CURVE('',#6441,#5799,#6474,.T.);
#6474 = LINE('',#6475,#6476);
#6475 = CARTESIAN_POINT('',(147.73534,-93.204,1.445));
#6476 = VECTOR('',#6477,1.);
#6477 = DIRECTION('',(0.707106781187,0.707106781187,0.));
#6478 = ORIENTED_EDGE('',*,*,#5796,.F.);
#6479 = ORIENTED_EDGE('',*,*,#6480,.F.);
#6480 = EDGE_CURVE('',#6450,#5797,#6481,.T.);
#6481 = LINE('',#6482,#6483);
#6482 = CARTESIAN_POINT('',(147.73534,-93.204,1.41));
#6483 = VECTOR('',#6484,1.);
#6484 = DIRECTION('',(0.707106781187,0.707106781187,0.));
#6485 = PLANE('',#6486);
#6486 = AXIS2_PLACEMENT_3D('',#6487,#6488,#6489);
#6487 = CARTESIAN_POINT('',(147.73534,-93.204,1.41));
#6488 = DIRECTION('',(-0.707106781187,0.707106781187,0.));
#6489 = DIRECTION('',(0.707106781187,0.707106781187,0.));
#6490 = ADVANCED_FACE('',(#6491),#6518,.F.);
#6491 = FACE_BOUND('',#6492,.T.);
#6492 = EDGE_LOOP('',(#6493,#6503,#6510,#6511));
#6493 = ORIENTED_EDGE('',*,*,#6494,.T.);
#6494 = EDGE_CURVE('',#6495,#6497,#6499,.T.);
#6495 = VERTEX_POINT('',#6496);
#6496 = CARTESIAN_POINT('',(153.89,-99.,1.41));
#6497 = VERTEX_POINT('',#6498);
#6498 = CARTESIAN_POINT('',(153.89,-99.,1.445));
#6499 = LINE('',#6500,#6501);
#6500 = CARTESIAN_POINT('',(153.89,-99.,1.41));
#6501 = VECTOR('',#6502,1.);
#6502 = DIRECTION('',(0.,0.,1.));
#6503 = ORIENTED_EDGE('',*,*,#6504,.T.);
#6504 = EDGE_CURVE('',#6497,#6497,#6505,.T.);
#6505 = CIRCLE('',#6506,0.5);
#6506 = AXIS2_PLACEMENT_3D('',#6507,#6508,#6509);
#6507 = CARTESIAN_POINT('',(153.39,-99.,1.445));
#6508 = DIRECTION('',(0.,0.,1.));
#6509 = DIRECTION('',(1.,0.,-0.));
#6510 = ORIENTED_EDGE('',*,*,#6494,.F.);
#6511 = ORIENTED_EDGE('',*,*,#6512,.F.);
#6512 = EDGE_CURVE('',#6495,#6495,#6513,.T.);
#6513 = CIRCLE('',#6514,0.5);
#6514 = AXIS2_PLACEMENT_3D('',#6515,#6516,#6517);
#6515 = CARTESIAN_POINT('',(153.39,-99.,1.41));
#6516 = DIRECTION('',(0.,0.,1.));
#6517 = DIRECTION('',(1.,0.,-0.));
#6518 = CYLINDRICAL_SURFACE('',#6519,0.5);
#6519 = AXIS2_PLACEMENT_3D('',#6520,#6521,#6522);
#6520 = CARTESIAN_POINT('',(153.39,-99.,1.41));
#6521 = DIRECTION('',(-0.,-0.,-1.));
#6522 = DIRECTION('',(1.,0.,-0.));
#6523 = ADVANCED_FACE('',(#6524),#6551,.F.);
#6524 = FACE_BOUND('',#6525,.T.);
#6525 = EDGE_LOOP('',(#6526,#6536,#6543,#6544));
#6526 = ORIENTED_EDGE('',*,*,#6527,.T.);
#6527 = EDGE_CURVE('',#6528,#6530,#6532,.T.);
#6528 = VERTEX_POINT('',#6529);
#6529 = CARTESIAN_POINT('',(148.76567,-95.78747,1.41));
#6530 = VERTEX_POINT('',#6531);
#6531 = CARTESIAN_POINT('',(148.76567,-95.78747,1.445));
#6532 = LINE('',#6533,#6534);
#6533 = CARTESIAN_POINT('',(148.76567,-95.78747,1.41));
#6534 = VECTOR('',#6535,1.);
#6535 = DIRECTION('',(0.,0.,1.));
#6536 = ORIENTED_EDGE('',*,*,#6537,.T.);
#6537 = EDGE_CURVE('',#6530,#6530,#6538,.T.);
#6538 = CIRCLE('',#6539,0.5);
#6539 = AXIS2_PLACEMENT_3D('',#6540,#6541,#6542);
#6540 = CARTESIAN_POINT('',(148.26567,-95.78747,1.445));
#6541 = DIRECTION('',(0.,0.,1.));
#6542 = DIRECTION('',(1.,0.,-0.));
#6543 = ORIENTED_EDGE('',*,*,#6527,.F.);
#6544 = ORIENTED_EDGE('',*,*,#6545,.F.);
#6545 = EDGE_CURVE('',#6528,#6528,#6546,.T.);
#6546 = CIRCLE('',#6547,0.5);
#6547 = AXIS2_PLACEMENT_3D('',#6548,#6549,#6550);
#6548 = CARTESIAN_POINT('',(148.26567,-95.78747,1.41));
#6549 = DIRECTION('',(0.,0.,1.));
#6550 = DIRECTION('',(1.,0.,-0.));
#6551 = CYLINDRICAL_SURFACE('',#6552,0.5);
#6552 = AXIS2_PLACEMENT_3D('',#6553,#6554,#6555);
#6553 = CARTESIAN_POINT('',(148.26567,-95.78747,1.41));
#6554 = DIRECTION('',(-0.,-0.,-1.));
#6555 = DIRECTION('',(1.,0.,-0.));
#6556 = ADVANCED_FACE('',(#6557,#6581,#6584),#6587,.F.);
#6557 = FACE_BOUND('',#6558,.T.);
#6558 = EDGE_LOOP('',(#6559,#6560,#6561,#6562,#6563,#6564,#6565,#6566,
    #6567,#6568,#6569,#6570,#6571,#6572,#6573,#6574,#6575,#6576,#6577,
    #6578,#6579,#6580));
#6559 = ORIENTED_EDGE('',*,*,#5823,.T.);
#6560 = ORIENTED_EDGE('',*,*,#5855,.T.);
#6561 = ORIENTED_EDGE('',*,*,#5887,.T.);
#6562 = ORIENTED_EDGE('',*,*,#5919,.T.);
#6563 = ORIENTED_EDGE('',*,*,#5951,.T.);
#6564 = ORIENTED_EDGE('',*,*,#5983,.T.);
#6565 = ORIENTED_EDGE('',*,*,#6015,.T.);
#6566 = ORIENTED_EDGE('',*,*,#6047,.T.);
#6567 = ORIENTED_EDGE('',*,*,#6079,.T.);
#6568 = ORIENTED_EDGE('',*,*,#6111,.T.);
#6569 = ORIENTED_EDGE('',*,*,#6143,.T.);
#6570 = ORIENTED_EDGE('',*,*,#6175,.T.);
#6571 = ORIENTED_EDGE('',*,*,#6206,.T.);
#6572 = ORIENTED_EDGE('',*,*,#6237,.T.);
#6573 = ORIENTED_EDGE('',*,*,#6268,.T.);
#6574 = ORIENTED_EDGE('',*,*,#6299,.T.);
#6575 = ORIENTED_EDGE('',*,*,#6330,.T.);
#6576 = ORIENTED_EDGE('',*,*,#6361,.T.);
#6577 = ORIENTED_EDGE('',*,*,#6393,.T.);
#6578 = ORIENTED_EDGE('',*,*,#6425,.T.);
#6579 = ORIENTED_EDGE('',*,*,#6457,.T.);
#6580 = ORIENTED_EDGE('',*,*,#6480,.T.);
#6581 = FACE_BOUND('',#6582,.T.);
#6582 = EDGE_LOOP('',(#6583));
#6583 = ORIENTED_EDGE('',*,*,#6512,.T.);
#6584 = FACE_BOUND('',#6585,.T.);
#6585 = EDGE_LOOP('',(#6586));
#6586 = ORIENTED_EDGE('',*,*,#6545,.T.);
#6587 = PLANE('',#6588);
#6588 = AXIS2_PLACEMENT_3D('',#6589,#6590,#6591);
#6589 = CARTESIAN_POINT('',(0.,0.,1.41));
#6590 = DIRECTION('',(0.,0.,1.));
#6591 = DIRECTION('',(1.,0.,-0.));
#6592 = ADVANCED_FACE('',(#6593,#6617,#6620),#6623,.T.);
#6593 = FACE_BOUND('',#6594,.F.);
#6594 = EDGE_LOOP('',(#6595,#6596,#6597,#6598,#6599,#6600,#6601,#6602,
    #6603,#6604,#6605,#6606,#6607,#6608,#6609,#6610,#6611,#6612,#6613,
    #6614,#6615,#6616));
#6595 = ORIENTED_EDGE('',*,*,#5806,.T.);
#6596 = ORIENTED_EDGE('',*,*,#5839,.T.);
#6597 = ORIENTED_EDGE('',*,*,#5870,.T.);
#6598 = ORIENTED_EDGE('',*,*,#5903,.T.);
#6599 = ORIENTED_EDGE('',*,*,#5934,.T.);
#6600 = ORIENTED_EDGE('',*,*,#5967,.T.);
#6601 = ORIENTED_EDGE('',*,*,#5998,.T.);
#6602 = ORIENTED_EDGE('',*,*,#6031,.T.);
#6603 = ORIENTED_EDGE('',*,*,#6062,.T.);
#6604 = ORIENTED_EDGE('',*,*,#6095,.T.);
#6605 = ORIENTED_EDGE('',*,*,#6126,.T.);
#6606 = ORIENTED_EDGE('',*,*,#6159,.T.);
#6607 = ORIENTED_EDGE('',*,*,#6190,.T.);
#6608 = ORIENTED_EDGE('',*,*,#6221,.T.);
#6609 = ORIENTED_EDGE('',*,*,#6252,.T.);
#6610 = ORIENTED_EDGE('',*,*,#6283,.T.);
#6611 = ORIENTED_EDGE('',*,*,#6314,.T.);
#6612 = ORIENTED_EDGE('',*,*,#6345,.T.);
#6613 = ORIENTED_EDGE('',*,*,#6376,.T.);
#6614 = ORIENTED_EDGE('',*,*,#6409,.T.);
#6615 = ORIENTED_EDGE('',*,*,#6440,.T.);
#6616 = ORIENTED_EDGE('',*,*,#6473,.T.);
#6617 = FACE_BOUND('',#6618,.F.);
#6618 = EDGE_LOOP('',(#6619));
#6619 = ORIENTED_EDGE('',*,*,#6504,.T.);
#6620 = FACE_BOUND('',#6621,.F.);
#6621 = EDGE_LOOP('',(#6622));
#6622 = ORIENTED_EDGE('',*,*,#6537,.T.);
#6623 = PLANE('',#6624);
#6624 = AXIS2_PLACEMENT_3D('',#6625,#6626,#6627);
#6625 = CARTESIAN_POINT('',(0.,0.,1.445));
#6626 = DIRECTION('',(0.,0.,1.));
#6627 = DIRECTION('',(1.,0.,-0.));
#6628 = MANIFOLD_SOLID_BREP('',#6629);
#6629 = CLOSED_SHELL('',(#6630,#6672,#6703,#6736,#6767,#6800,#6831,#6853
    ,#6886,#6904));
#6630 = ADVANCED_FACE('',(#6631),#6667,.T.);
#6631 = FACE_BOUND('',#6632,.T.);
#6632 = EDGE_LOOP('',(#6633,#6643,#6652,#6660));
#6633 = ORIENTED_EDGE('',*,*,#6634,.T.);
#6634 = EDGE_CURVE('',#6635,#6637,#6639,.T.);
#6635 = VERTEX_POINT('',#6636);
#6636 = CARTESIAN_POINT('',(132.25,-95.525,1.41));
#6637 = VERTEX_POINT('',#6638);
#6638 = CARTESIAN_POINT('',(132.25,-95.525,1.445));
#6639 = LINE('',#6640,#6641);
#6640 = CARTESIAN_POINT('',(132.25,-95.525,1.41));
#6641 = VECTOR('',#6642,1.);
#6642 = DIRECTION('',(0.,0.,1.));
#6643 = ORIENTED_EDGE('',*,*,#6644,.T.);
#6644 = EDGE_CURVE('',#6637,#6645,#6647,.T.);
#6645 = VERTEX_POINT('',#6646);
#6646 = CARTESIAN_POINT('',(132.25,-94.025,1.445));
#6647 = CIRCLE('',#6648,0.75);
#6648 = AXIS2_PLACEMENT_3D('',#6649,#6650,#6651);
#6649 = CARTESIAN_POINT('',(132.24999953074,-94.775,1.445));
#6650 = DIRECTION('',(0.,0.,-1.));
#6651 = DIRECTION('',(6.256701681194E-07,-1.,0.));
#6652 = ORIENTED_EDGE('',*,*,#6653,.F.);
#6653 = EDGE_CURVE('',#6654,#6645,#6656,.T.);
#6654 = VERTEX_POINT('',#6655);
#6655 = CARTESIAN_POINT('',(132.25,-94.025,1.41));
#6656 = LINE('',#6657,#6658);
#6657 = CARTESIAN_POINT('',(132.25,-94.025,1.41));
#6658 = VECTOR('',#6659,1.);
#6659 = DIRECTION('',(0.,0.,1.));
#6660 = ORIENTED_EDGE('',*,*,#6661,.F.);
#6661 = EDGE_CURVE('',#6635,#6654,#6662,.T.);
#6662 = CIRCLE('',#6663,0.75);
#6663 = AXIS2_PLACEMENT_3D('',#6664,#6665,#6666);
#6664 = CARTESIAN_POINT('',(132.24999953074,-94.775,1.41));
#6665 = DIRECTION('',(0.,0.,-1.));
#6666 = DIRECTION('',(6.256701681194E-07,-1.,0.));
#6667 = CYLINDRICAL_SURFACE('',#6668,0.75);
#6668 = AXIS2_PLACEMENT_3D('',#6669,#6670,#6671);
#6669 = CARTESIAN_POINT('',(132.24999953074,-94.775,1.41));
#6670 = DIRECTION('',(0.,0.,-1.));
#6671 = DIRECTION('',(6.256701681194E-07,-1.,0.));
#6672 = ADVANCED_FACE('',(#6673),#6698,.T.);
#6673 = FACE_BOUND('',#6674,.T.);
#6674 = EDGE_LOOP('',(#6675,#6676,#6684,#6692));
#6675 = ORIENTED_EDGE('',*,*,#6653,.T.);
#6676 = ORIENTED_EDGE('',*,*,#6677,.T.);
#6677 = EDGE_CURVE('',#6645,#6678,#6680,.T.);
#6678 = VERTEX_POINT('',#6679);
#6679 = CARTESIAN_POINT('',(137.0932,-94.025,1.445));
#6680 = LINE('',#6681,#6682);
#6681 = CARTESIAN_POINT('',(132.25,-94.025,1.445));
#6682 = VECTOR('',#6683,1.);
#6683 = DIRECTION('',(1.,0.,0.));
#6684 = ORIENTED_EDGE('',*,*,#6685,.F.);
#6685 = EDGE_CURVE('',#6686,#6678,#6688,.T.);
#6686 = VERTEX_POINT('',#6687);
#6687 = CARTESIAN_POINT('',(137.0932,-94.025,1.41));
#6688 = LINE('',#6689,#6690);
#6689 = CARTESIAN_POINT('',(137.0932,-94.025,1.41));
#6690 = VECTOR('',#6691,1.);
#6691 = DIRECTION('',(0.,0.,1.));
#6692 = ORIENTED_EDGE('',*,*,#6693,.F.);
#6693 = EDGE_CURVE('',#6654,#6686,#6694,.T.);
#6694 = LINE('',#6695,#6696);
#6695 = CARTESIAN_POINT('',(132.25,-94.025,1.41));
#6696 = VECTOR('',#6697,1.);
#6697 = DIRECTION('',(1.,0.,0.));
#6698 = PLANE('',#6699);
#6699 = AXIS2_PLACEMENT_3D('',#6700,#6701,#6702);
#6700 = CARTESIAN_POINT('',(132.25,-94.025,1.41));
#6701 = DIRECTION('',(0.,1.,0.));
#6702 = DIRECTION('',(1.,0.,0.));
#6703 = ADVANCED_FACE('',(#6704),#6731,.T.);
#6704 = FACE_BOUND('',#6705,.T.);
#6705 = EDGE_LOOP('',(#6706,#6707,#6716,#6724));
#6706 = ORIENTED_EDGE('',*,*,#6685,.T.);
#6707 = ORIENTED_EDGE('',*,*,#6708,.T.);
#6708 = EDGE_CURVE('',#6678,#6709,#6711,.T.);
#6709 = VERTEX_POINT('',#6710);
#6710 = CARTESIAN_POINT('',(137.62353,-94.24467,1.445));
#6711 = CIRCLE('',#6712,0.749991987648);
#6712 = AXIS2_PLACEMENT_3D('',#6713,#6714,#6715);
#6713 = CARTESIAN_POINT('',(137.09320314705,-94.77499198764,1.445));
#6714 = DIRECTION('',(0.,0.,-1.));
#6715 = DIRECTION('',(-4.196110994746E-06,0.999999999991,0.));
#6716 = ORIENTED_EDGE('',*,*,#6717,.F.);
#6717 = EDGE_CURVE('',#6718,#6709,#6720,.T.);
#6718 = VERTEX_POINT('',#6719);
#6719 = CARTESIAN_POINT('',(137.62353,-94.24467,1.41));
#6720 = LINE('',#6721,#6722);
#6721 = CARTESIAN_POINT('',(137.62353,-94.24467,1.41));
#6722 = VECTOR('',#6723,1.);
#6723 = DIRECTION('',(0.,0.,1.));
#6724 = ORIENTED_EDGE('',*,*,#6725,.F.);
#6725 = EDGE_CURVE('',#6686,#6718,#6726,.T.);
#6726 = CIRCLE('',#6727,0.749991987648);
#6727 = AXIS2_PLACEMENT_3D('',#6728,#6729,#6730);
#6728 = CARTESIAN_POINT('',(137.09320314705,-94.77499198764,1.41));
#6729 = DIRECTION('',(0.,0.,-1.));
#6730 = DIRECTION('',(-4.196110994746E-06,0.999999999991,0.));
#6731 = CYLINDRICAL_SURFACE('',#6732,0.749991987648);
#6732 = AXIS2_PLACEMENT_3D('',#6733,#6734,#6735);
#6733 = CARTESIAN_POINT('',(137.09320314705,-94.77499198764,1.41));
#6734 = DIRECTION('',(0.,0.,-1.));
#6735 = DIRECTION('',(-4.196110994746E-06,0.999999999991,0.));
#6736 = ADVANCED_FACE('',(#6737),#6762,.T.);
#6737 = FACE_BOUND('',#6738,.T.);
#6738 = EDGE_LOOP('',(#6739,#6740,#6748,#6756));
#6739 = ORIENTED_EDGE('',*,*,#6717,.T.);
#6740 = ORIENTED_EDGE('',*,*,#6741,.T.);
#6741 = EDGE_CURVE('',#6709,#6742,#6744,.T.);
#6742 = VERTEX_POINT('',#6743);
#6743 = CARTESIAN_POINT('',(138.636,-95.25714,1.445));
#6744 = LINE('',#6745,#6746);
#6745 = CARTESIAN_POINT('',(137.62353,-94.24467,1.445));
#6746 = VECTOR('',#6747,1.);
#6747 = DIRECTION('',(0.707106781187,-0.707106781187,0.));
#6748 = ORIENTED_EDGE('',*,*,#6749,.F.);
#6749 = EDGE_CURVE('',#6750,#6742,#6752,.T.);
#6750 = VERTEX_POINT('',#6751);
#6751 = CARTESIAN_POINT('',(138.636,-95.25714,1.41));
#6752 = LINE('',#6753,#6754);
#6753 = CARTESIAN_POINT('',(138.636,-95.25714,1.41));
#6754 = VECTOR('',#6755,1.);
#6755 = DIRECTION('',(0.,0.,1.));
#6756 = ORIENTED_EDGE('',*,*,#6757,.F.);
#6757 = EDGE_CURVE('',#6718,#6750,#6758,.T.);
#6758 = LINE('',#6759,#6760);
#6759 = CARTESIAN_POINT('',(137.62353,-94.24467,1.41));
#6760 = VECTOR('',#6761,1.);
#6761 = DIRECTION('',(0.707106781187,-0.707106781187,0.));
#6762 = PLANE('',#6763);
#6763 = AXIS2_PLACEMENT_3D('',#6764,#6765,#6766);
#6764 = CARTESIAN_POINT('',(137.62353,-94.24467,1.41));
#6765 = DIRECTION('',(0.707106781187,0.707106781187,-0.));
#6766 = DIRECTION('',(0.707106781187,-0.707106781187,0.));
#6767 = ADVANCED_FACE('',(#6768),#6795,.T.);
#6768 = FACE_BOUND('',#6769,.T.);
#6769 = EDGE_LOOP('',(#6770,#6771,#6780,#6788));
#6770 = ORIENTED_EDGE('',*,*,#6749,.T.);
#6771 = ORIENTED_EDGE('',*,*,#6772,.T.);
#6772 = EDGE_CURVE('',#6742,#6773,#6775,.T.);
#6773 = VERTEX_POINT('',#6774);
#6774 = CARTESIAN_POINT('',(137.57534,-96.3178,1.445));
#6775 = CIRCLE('',#6776,0.749999878533);
#6776 = AXIS2_PLACEMENT_3D('',#6777,#6778,#6779);
#6777 = CARTESIAN_POINT('',(138.10567019079,-95.78747019079,1.445));
#6778 = DIRECTION('',(0.,0.,-1.));
#6779 = DIRECTION('',(0.707106526793,0.70710703558,0.));
#6780 = ORIENTED_EDGE('',*,*,#6781,.F.);
#6781 = EDGE_CURVE('',#6782,#6773,#6784,.T.);
#6782 = VERTEX_POINT('',#6783);
#6783 = CARTESIAN_POINT('',(137.57534,-96.3178,1.41));
#6784 = LINE('',#6785,#6786);
#6785 = CARTESIAN_POINT('',(137.57534,-96.3178,1.41));
#6786 = VECTOR('',#6787,1.);
#6787 = DIRECTION('',(0.,0.,1.));
#6788 = ORIENTED_EDGE('',*,*,#6789,.F.);
#6789 = EDGE_CURVE('',#6750,#6782,#6790,.T.);
#6790 = CIRCLE('',#6791,0.749999878533);
#6791 = AXIS2_PLACEMENT_3D('',#6792,#6793,#6794);
#6792 = CARTESIAN_POINT('',(138.10567019079,-95.78747019079,1.41));
#6793 = DIRECTION('',(0.,0.,-1.));
#6794 = DIRECTION('',(0.707106526793,0.70710703558,0.));
#6795 = CYLINDRICAL_SURFACE('',#6796,0.749999878533);
#6796 = AXIS2_PLACEMENT_3D('',#6797,#6798,#6799);
#6797 = CARTESIAN_POINT('',(138.10567019079,-95.78747019079,1.41));
#6798 = DIRECTION('',(0.,0.,-1.));
#6799 = DIRECTION('',(0.707106526793,0.70710703558,0.));
#6800 = ADVANCED_FACE('',(#6801),#6826,.T.);
#6801 = FACE_BOUND('',#6802,.T.);
#6802 = EDGE_LOOP('',(#6803,#6804,#6812,#6820));
#6803 = ORIENTED_EDGE('',*,*,#6781,.T.);
#6804 = ORIENTED_EDGE('',*,*,#6805,.T.);
#6805 = EDGE_CURVE('',#6773,#6806,#6808,.T.);
#6806 = VERTEX_POINT('',#6807);
#6807 = CARTESIAN_POINT('',(136.78254,-95.525,1.445));
#6808 = LINE('',#6809,#6810);
#6809 = CARTESIAN_POINT('',(137.57534,-96.3178,1.445));
#6810 = VECTOR('',#6811,1.);
#6811 = DIRECTION('',(-0.707106781187,0.707106781187,0.));
#6812 = ORIENTED_EDGE('',*,*,#6813,.F.);
#6813 = EDGE_CURVE('',#6814,#6806,#6816,.T.);
#6814 = VERTEX_POINT('',#6815);
#6815 = CARTESIAN_POINT('',(136.78254,-95.525,1.41));
#6816 = LINE('',#6817,#6818);
#6817 = CARTESIAN_POINT('',(136.78254,-95.525,1.41));
#6818 = VECTOR('',#6819,1.);
#6819 = DIRECTION('',(0.,0.,1.));
#6820 = ORIENTED_EDGE('',*,*,#6821,.F.);
#6821 = EDGE_CURVE('',#6782,#6814,#6822,.T.);
#6822 = LINE('',#6823,#6824);
#6823 = CARTESIAN_POINT('',(137.57534,-96.3178,1.41));
#6824 = VECTOR('',#6825,1.);
#6825 = DIRECTION('',(-0.707106781187,0.707106781187,0.));
#6826 = PLANE('',#6827);
#6827 = AXIS2_PLACEMENT_3D('',#6828,#6829,#6830);
#6828 = CARTESIAN_POINT('',(137.57534,-96.3178,1.41));
#6829 = DIRECTION('',(-0.707106781187,-0.707106781187,0.));
#6830 = DIRECTION('',(-0.707106781187,0.707106781187,0.));
#6831 = ADVANCED_FACE('',(#6832),#6848,.T.);
#6832 = FACE_BOUND('',#6833,.T.);
#6833 = EDGE_LOOP('',(#6834,#6835,#6841,#6842));
#6834 = ORIENTED_EDGE('',*,*,#6813,.T.);
#6835 = ORIENTED_EDGE('',*,*,#6836,.T.);
#6836 = EDGE_CURVE('',#6806,#6637,#6837,.T.);
#6837 = LINE('',#6838,#6839);
#6838 = CARTESIAN_POINT('',(136.78254,-95.525,1.445));
#6839 = VECTOR('',#6840,1.);
#6840 = DIRECTION('',(-1.,0.,0.));
#6841 = ORIENTED_EDGE('',*,*,#6634,.F.);
#6842 = ORIENTED_EDGE('',*,*,#6843,.F.);
#6843 = EDGE_CURVE('',#6814,#6635,#6844,.T.);
#6844 = LINE('',#6845,#6846);
#6845 = CARTESIAN_POINT('',(136.78254,-95.525,1.41));
#6846 = VECTOR('',#6847,1.);
#6847 = DIRECTION('',(-1.,0.,0.));
#6848 = PLANE('',#6849);
#6849 = AXIS2_PLACEMENT_3D('',#6850,#6851,#6852);
#6850 = CARTESIAN_POINT('',(136.78254,-95.525,1.41));
#6851 = DIRECTION('',(0.,-1.,0.));
#6852 = DIRECTION('',(-1.,0.,0.));
#6853 = ADVANCED_FACE('',(#6854),#6881,.F.);
#6854 = FACE_BOUND('',#6855,.T.);
#6855 = EDGE_LOOP('',(#6856,#6866,#6873,#6874));
#6856 = ORIENTED_EDGE('',*,*,#6857,.T.);
#6857 = EDGE_CURVE('',#6858,#6860,#6862,.T.);
#6858 = VERTEX_POINT('',#6859);
#6859 = CARTESIAN_POINT('',(138.60567,-95.78747,1.41));
#6860 = VERTEX_POINT('',#6861);
#6861 = CARTESIAN_POINT('',(138.60567,-95.78747,1.445));
#6862 = LINE('',#6863,#6864);
#6863 = CARTESIAN_POINT('',(138.60567,-95.78747,1.41));
#6864 = VECTOR('',#6865,1.);
#6865 = DIRECTION('',(0.,0.,1.));
#6866 = ORIENTED_EDGE('',*,*,#6867,.T.);
#6867 = EDGE_CURVE('',#6860,#6860,#6868,.T.);
#6868 = CIRCLE('',#6869,0.5);
#6869 = AXIS2_PLACEMENT_3D('',#6870,#6871,#6872);
#6870 = CARTESIAN_POINT('',(138.10567,-95.78747,1.445));
#6871 = DIRECTION('',(0.,0.,1.));
#6872 = DIRECTION('',(1.,0.,-0.));
#6873 = ORIENTED_EDGE('',*,*,#6857,.F.);
#6874 = ORIENTED_EDGE('',*,*,#6875,.F.);
#6875 = EDGE_CURVE('',#6858,#6858,#6876,.T.);
#6876 = CIRCLE('',#6877,0.5);
#6877 = AXIS2_PLACEMENT_3D('',#6878,#6879,#6880);
#6878 = CARTESIAN_POINT('',(138.10567,-95.78747,1.41));
#6879 = DIRECTION('',(0.,0.,1.));
#6880 = DIRECTION('',(1.,0.,-0.));
#6881 = CYLINDRICAL_SURFACE('',#6882,0.5);
#6882 = AXIS2_PLACEMENT_3D('',#6883,#6884,#6885);
#6883 = CARTESIAN_POINT('',(138.10567,-95.78747,1.41));
#6884 = DIRECTION('',(-0.,-0.,-1.));
#6885 = DIRECTION('',(1.,0.,-0.));
#6886 = ADVANCED_FACE('',(#6887,#6896),#6899,.F.);
#6887 = FACE_BOUND('',#6888,.T.);
#6888 = EDGE_LOOP('',(#6889,#6890,#6891,#6892,#6893,#6894,#6895));
#6889 = ORIENTED_EDGE('',*,*,#6661,.T.);
#6890 = ORIENTED_EDGE('',*,*,#6693,.T.);
#6891 = ORIENTED_EDGE('',*,*,#6725,.T.);
#6892 = ORIENTED_EDGE('',*,*,#6757,.T.);
#6893 = ORIENTED_EDGE('',*,*,#6789,.T.);
#6894 = ORIENTED_EDGE('',*,*,#6821,.T.);
#6895 = ORIENTED_EDGE('',*,*,#6843,.T.);
#6896 = FACE_BOUND('',#6897,.T.);
#6897 = EDGE_LOOP('',(#6898));
#6898 = ORIENTED_EDGE('',*,*,#6875,.T.);
#6899 = PLANE('',#6900);
#6900 = AXIS2_PLACEMENT_3D('',#6901,#6902,#6903);
#6901 = CARTESIAN_POINT('',(0.,0.,1.41));
#6902 = DIRECTION('',(0.,0.,1.));
#6903 = DIRECTION('',(1.,0.,-0.));
#6904 = ADVANCED_FACE('',(#6905,#6914),#6917,.T.);
#6905 = FACE_BOUND('',#6906,.F.);
#6906 = EDGE_LOOP('',(#6907,#6908,#6909,#6910,#6911,#6912,#6913));
#6907 = ORIENTED_EDGE('',*,*,#6644,.T.);
#6908 = ORIENTED_EDGE('',*,*,#6677,.T.);
#6909 = ORIENTED_EDGE('',*,*,#6708,.T.);
#6910 = ORIENTED_EDGE('',*,*,#6741,.T.);
#6911 = ORIENTED_EDGE('',*,*,#6772,.T.);
#6912 = ORIENTED_EDGE('',*,*,#6805,.T.);
#6913 = ORIENTED_EDGE('',*,*,#6836,.T.);
#6914 = FACE_BOUND('',#6915,.F.);
#6915 = EDGE_LOOP('',(#6916));
#6916 = ORIENTED_EDGE('',*,*,#6867,.T.);
#6917 = PLANE('',#6918);
#6918 = AXIS2_PLACEMENT_3D('',#6919,#6920,#6921);
#6919 = CARTESIAN_POINT('',(0.,0.,1.445));
#6920 = DIRECTION('',(0.,0.,1.));
#6921 = DIRECTION('',(1.,0.,-0.));
#6922 = MANIFOLD_SOLID_BREP('',#6923);
#6923 = CLOSED_SHELL('',(#6924,#6966,#6997,#7030,#7061,#7094,#7125,#7156
    ,#7187,#7220,#7251,#7284,#7315,#7346,#7377,#7408,#7439,#7472,#7494,
    #7527,#7560,#7592));
#6924 = ADVANCED_FACE('',(#6925),#6961,.T.);
#6925 = FACE_BOUND('',#6926,.F.);
#6926 = EDGE_LOOP('',(#6927,#6937,#6946,#6954));
#6927 = ORIENTED_EDGE('',*,*,#6928,.T.);
#6928 = EDGE_CURVE('',#6929,#6931,#6933,.T.);
#6929 = VERTEX_POINT('',#6930);
#6930 = CARTESIAN_POINT('',(141.39567,-100.85433,0.));
#6931 = VERTEX_POINT('',#6932);
#6932 = CARTESIAN_POINT('',(141.39567,-100.85433,-3.5E-02));
#6933 = LINE('',#6934,#6935);
#6934 = CARTESIAN_POINT('',(141.39567,-100.85433,0.));
#6935 = VECTOR('',#6936,1.);
#6936 = DIRECTION('',(0.,0.,-1.));
#6937 = ORIENTED_EDGE('',*,*,#6938,.T.);
#6938 = EDGE_CURVE('',#6931,#6939,#6941,.T.);
#6939 = VERTEX_POINT('',#6940);
#6940 = CARTESIAN_POINT('',(141.176,-101.38466,-3.5E-02));
#6941 = CIRCLE('',#6942,0.749991987648);
#6942 = AXIS2_PLACEMENT_3D('',#6943,#6944,#6945);
#6943 = CARTESIAN_POINT('',(140.64567801235,-100.854333147,-3.5E-02));
#6944 = DIRECTION('',(0.,0.,-1.));
#6945 = DIRECTION('',(0.999999999991,4.196110900005E-06,0.));
#6946 = ORIENTED_EDGE('',*,*,#6947,.F.);
#6947 = EDGE_CURVE('',#6948,#6939,#6950,.T.);
#6948 = VERTEX_POINT('',#6949);
#6949 = CARTESIAN_POINT('',(141.176,-101.38466,0.));
#6950 = LINE('',#6951,#6952);
#6951 = CARTESIAN_POINT('',(141.176,-101.38466,0.));
#6952 = VECTOR('',#6953,1.);
#6953 = DIRECTION('',(0.,0.,-1.));
#6954 = ORIENTED_EDGE('',*,*,#6955,.F.);
#6955 = EDGE_CURVE('',#6929,#6948,#6956,.T.);
#6956 = CIRCLE('',#6957,0.749991987648);
#6957 = AXIS2_PLACEMENT_3D('',#6958,#6959,#6960);
#6958 = CARTESIAN_POINT('',(140.64567801235,-100.854333147,0.));
#6959 = DIRECTION('',(0.,0.,-1.));
#6960 = DIRECTION('',(0.999999999991,4.196110900005E-06,0.));
#6961 = CYLINDRICAL_SURFACE('',#6962,0.749991987648);
#6962 = AXIS2_PLACEMENT_3D('',#6963,#6964,#6965);
#6963 = CARTESIAN_POINT('',(140.64567801235,-100.854333147,0.));
#6964 = DIRECTION('',(-0.,-0.,1.));
#6965 = DIRECTION('',(0.999999999991,4.196110900005E-06,0.));
#6966 = ADVANCED_FACE('',(#6967),#6992,.F.);
#6967 = FACE_BOUND('',#6968,.F.);
#6968 = EDGE_LOOP('',(#6969,#6970,#6978,#6986));
#6969 = ORIENTED_EDGE('',*,*,#6947,.T.);
#6970 = ORIENTED_EDGE('',*,*,#6971,.T.);
#6971 = EDGE_CURVE('',#6939,#6972,#6974,.T.);
#6972 = VERTEX_POINT('',#6973);
#6973 = CARTESIAN_POINT('',(140.03033,-102.53033,-3.5E-02));
#6974 = LINE('',#6975,#6976);
#6975 = CARTESIAN_POINT('',(141.176,-101.38466,-3.5E-02));
#6976 = VECTOR('',#6977,1.);
#6977 = DIRECTION('',(-0.707106781187,-0.707106781187,0.));
#6978 = ORIENTED_EDGE('',*,*,#6979,.F.);
#6979 = EDGE_CURVE('',#6980,#6972,#6982,.T.);
#6980 = VERTEX_POINT('',#6981);
#6981 = CARTESIAN_POINT('',(140.03033,-102.53033,0.));
#6982 = LINE('',#6983,#6984);
#6983 = CARTESIAN_POINT('',(140.03033,-102.53033,0.));
#6984 = VECTOR('',#6985,1.);
#6985 = DIRECTION('',(0.,0.,-1.));
#6986 = ORIENTED_EDGE('',*,*,#6987,.F.);
#6987 = EDGE_CURVE('',#6948,#6980,#6988,.T.);
#6988 = LINE('',#6989,#6990);
#6989 = CARTESIAN_POINT('',(141.176,-101.38466,0.));
#6990 = VECTOR('',#6991,1.);
#6991 = DIRECTION('',(-0.707106781187,-0.707106781187,0.));
#6992 = PLANE('',#6993);
#6993 = AXIS2_PLACEMENT_3D('',#6994,#6995,#6996);
#6994 = CARTESIAN_POINT('',(141.176,-101.38466,0.));
#6995 = DIRECTION('',(-0.707106781187,0.707106781187,0.));
#6996 = DIRECTION('',(-0.707106781187,-0.707106781187,0.));
#6997 = ADVANCED_FACE('',(#6998),#7025,.T.);
#6998 = FACE_BOUND('',#6999,.F.);
#6999 = EDGE_LOOP('',(#7000,#7001,#7010,#7018));
#7000 = ORIENTED_EDGE('',*,*,#6979,.T.);
#7001 = ORIENTED_EDGE('',*,*,#7002,.T.);
#7002 = EDGE_CURVE('',#6972,#7003,#7005,.T.);
#7003 = VERTEX_POINT('',#7004);
#7004 = CARTESIAN_POINT('',(139.5,-102.75,-3.5E-02));
#7005 = CIRCLE('',#7006,0.749995627143);
#7006 = AXIS2_PLACEMENT_3D('',#7007,#7008,#7009);
#7007 = CARTESIAN_POINT('',(139.50000163951,-102.0000043728,-3.5E-02));
#7008 = DIRECTION('',(0.,0.,-1.));
#7009 = DIRECTION('',(0.707108603421,-0.707104958947,0.));
#7010 = ORIENTED_EDGE('',*,*,#7011,.F.);
#7011 = EDGE_CURVE('',#7012,#7003,#7014,.T.);
#7012 = VERTEX_POINT('',#7013);
#7013 = CARTESIAN_POINT('',(139.5,-102.75,0.));
#7014 = LINE('',#7015,#7016);
#7015 = CARTESIAN_POINT('',(139.5,-102.75,0.));
#7016 = VECTOR('',#7017,1.);
#7017 = DIRECTION('',(0.,0.,-1.));
#7018 = ORIENTED_EDGE('',*,*,#7019,.F.);
#7019 = EDGE_CURVE('',#6980,#7012,#7020,.T.);
#7020 = CIRCLE('',#7021,0.749995627143);
#7021 = AXIS2_PLACEMENT_3D('',#7022,#7023,#7024);
#7022 = CARTESIAN_POINT('',(139.50000163951,-102.0000043728,0.));
#7023 = DIRECTION('',(0.,0.,-1.));
#7024 = DIRECTION('',(0.707108603421,-0.707104958947,0.));
#7025 = CYLINDRICAL_SURFACE('',#7026,0.749995627143);
#7026 = AXIS2_PLACEMENT_3D('',#7027,#7028,#7029);
#7027 = CARTESIAN_POINT('',(139.50000163951,-102.0000043728,0.));
#7028 = DIRECTION('',(-0.,-0.,1.));
#7029 = DIRECTION('',(0.707108603421,-0.707104958947,0.));
#7030 = ADVANCED_FACE('',(#7031),#7056,.F.);
#7031 = FACE_BOUND('',#7032,.F.);
#7032 = EDGE_LOOP('',(#7033,#7034,#7042,#7050));
#7033 = ORIENTED_EDGE('',*,*,#7011,.T.);
#7034 = ORIENTED_EDGE('',*,*,#7035,.T.);
#7035 = EDGE_CURVE('',#7003,#7036,#7038,.T.);
#7036 = VERTEX_POINT('',#7037);
#7037 = CARTESIAN_POINT('',(136.5,-102.75,-3.5E-02));
#7038 = LINE('',#7039,#7040);
#7039 = CARTESIAN_POINT('',(139.5,-102.75,-3.5E-02));
#7040 = VECTOR('',#7041,1.);
#7041 = DIRECTION('',(-1.,0.,0.));
#7042 = ORIENTED_EDGE('',*,*,#7043,.F.);
#7043 = EDGE_CURVE('',#7044,#7036,#7046,.T.);
#7044 = VERTEX_POINT('',#7045);
#7045 = CARTESIAN_POINT('',(136.5,-102.75,0.));
#7046 = LINE('',#7047,#7048);
#7047 = CARTESIAN_POINT('',(136.5,-102.75,0.));
#7048 = VECTOR('',#7049,1.);
#7049 = DIRECTION('',(0.,0.,-1.));
#7050 = ORIENTED_EDGE('',*,*,#7051,.F.);
#7051 = EDGE_CURVE('',#7012,#7044,#7052,.T.);
#7052 = LINE('',#7053,#7054);
#7053 = CARTESIAN_POINT('',(139.5,-102.75,0.));
#7054 = VECTOR('',#7055,1.);
#7055 = DIRECTION('',(-1.,0.,0.));
#7056 = PLANE('',#7057);
#7057 = AXIS2_PLACEMENT_3D('',#7058,#7059,#7060);
#7058 = CARTESIAN_POINT('',(139.5,-102.75,0.));
#7059 = DIRECTION('',(0.,1.,0.));
#7060 = DIRECTION('',(-1.,0.,0.));
#7061 = ADVANCED_FACE('',(#7062),#7089,.T.);
#7062 = FACE_BOUND('',#7063,.F.);
#7063 = EDGE_LOOP('',(#7064,#7065,#7074,#7082));
#7064 = ORIENTED_EDGE('',*,*,#7043,.T.);
#7065 = ORIENTED_EDGE('',*,*,#7066,.T.);
#7066 = EDGE_CURVE('',#7036,#7067,#7069,.T.);
#7067 = VERTEX_POINT('',#7068);
#7068 = CARTESIAN_POINT('',(135.96967,-102.53033,-3.5E-02));
#7069 = CIRCLE('',#7070,0.749991987648);
#7070 = AXIS2_PLACEMENT_3D('',#7071,#7072,#7073);
#7071 = CARTESIAN_POINT('',(136.49999685295,-102.0000080123,-3.5E-02));
#7072 = DIRECTION('',(0.,0.,-1.));
#7073 = DIRECTION('',(4.196110994746E-06,-0.999999999991,0.));
#7074 = ORIENTED_EDGE('',*,*,#7075,.F.);
#7075 = EDGE_CURVE('',#7076,#7067,#7078,.T.);
#7076 = VERTEX_POINT('',#7077);
#7077 = CARTESIAN_POINT('',(135.96967,-102.53033,0.));
#7078 = LINE('',#7079,#7080);
#7079 = CARTESIAN_POINT('',(135.96967,-102.53033,0.));
#7080 = VECTOR('',#7081,1.);
#7081 = DIRECTION('',(0.,0.,-1.));
#7082 = ORIENTED_EDGE('',*,*,#7083,.F.);
#7083 = EDGE_CURVE('',#7044,#7076,#7084,.T.);
#7084 = CIRCLE('',#7085,0.749991987648);
#7085 = AXIS2_PLACEMENT_3D('',#7086,#7087,#7088);
#7086 = CARTESIAN_POINT('',(136.49999685295,-102.0000080123,0.));
#7087 = DIRECTION('',(0.,0.,-1.));
#7088 = DIRECTION('',(4.196110994746E-06,-0.999999999991,0.));
#7089 = CYLINDRICAL_SURFACE('',#7090,0.749991987648);
#7090 = AXIS2_PLACEMENT_3D('',#7091,#7092,#7093);
#7091 = CARTESIAN_POINT('',(136.49999685295,-102.0000080123,0.));
#7092 = DIRECTION('',(-0.,-0.,1.));
#7093 = DIRECTION('',(4.196110994746E-06,-0.999999999991,0.));
#7094 = ADVANCED_FACE('',(#7095),#7120,.F.);
#7095 = FACE_BOUND('',#7096,.F.);
#7096 = EDGE_LOOP('',(#7097,#7098,#7106,#7114));
#7097 = ORIENTED_EDGE('',*,*,#7075,.T.);
#7098 = ORIENTED_EDGE('',*,*,#7099,.T.);
#7099 = EDGE_CURVE('',#7067,#7100,#7102,.T.);
#7100 = VERTEX_POINT('',#7101);
#7101 = CARTESIAN_POINT('',(135.07967,-101.64033,-3.5E-02));
#7102 = LINE('',#7103,#7104);
#7103 = CARTESIAN_POINT('',(135.96967,-102.53033,-3.5E-02));
#7104 = VECTOR('',#7105,1.);
#7105 = DIRECTION('',(-0.707106781187,0.707106781187,0.));
#7106 = ORIENTED_EDGE('',*,*,#7107,.F.);
#7107 = EDGE_CURVE('',#7108,#7100,#7110,.T.);
#7108 = VERTEX_POINT('',#7109);
#7109 = CARTESIAN_POINT('',(135.07967,-101.64033,0.));
#7110 = LINE('',#7111,#7112);
#7111 = CARTESIAN_POINT('',(135.07967,-101.64033,0.));
#7112 = VECTOR('',#7113,1.);
#7113 = DIRECTION('',(0.,0.,-1.));
#7114 = ORIENTED_EDGE('',*,*,#7115,.F.);
#7115 = EDGE_CURVE('',#7076,#7108,#7116,.T.);
#7116 = LINE('',#7117,#7118);
#7117 = CARTESIAN_POINT('',(135.96967,-102.53033,0.));
#7118 = VECTOR('',#7119,1.);
#7119 = DIRECTION('',(-0.707106781187,0.707106781187,0.));
#7120 = PLANE('',#7121);
#7121 = AXIS2_PLACEMENT_3D('',#7122,#7123,#7124);
#7122 = CARTESIAN_POINT('',(135.96967,-102.53033,0.));
#7123 = DIRECTION('',(0.707106781187,0.707106781187,0.));
#7124 = DIRECTION('',(-0.707106781187,0.707106781187,0.));
#7125 = ADVANCED_FACE('',(#7126),#7151,.F.);
#7126 = FACE_BOUND('',#7127,.F.);
#7127 = EDGE_LOOP('',(#7128,#7129,#7137,#7145));
#7128 = ORIENTED_EDGE('',*,*,#7107,.T.);
#7129 = ORIENTED_EDGE('',*,*,#7130,.T.);
#7130 = EDGE_CURVE('',#7100,#7131,#7133,.T.);
#7131 = VERTEX_POINT('',#7132);
#7132 = CARTESIAN_POINT('',(135.021048,-101.572035,-3.5E-02));
#7133 = LINE('',#7134,#7135);
#7134 = CARTESIAN_POINT('',(135.07967,-101.64033,-3.5E-02));
#7135 = VECTOR('',#7136,1.);
#7136 = DIRECTION('',(-0.651325566764,0.758798396202,0.));
#7137 = ORIENTED_EDGE('',*,*,#7138,.F.);
#7138 = EDGE_CURVE('',#7139,#7131,#7141,.T.);
#7139 = VERTEX_POINT('',#7140);
#7140 = CARTESIAN_POINT('',(135.021048,-101.572035,0.));
#7141 = LINE('',#7142,#7143);
#7142 = CARTESIAN_POINT('',(135.021048,-101.572035,0.));
#7143 = VECTOR('',#7144,1.);
#7144 = DIRECTION('',(0.,0.,-1.));
#7145 = ORIENTED_EDGE('',*,*,#7146,.F.);
#7146 = EDGE_CURVE('',#7108,#7139,#7147,.T.);
#7147 = LINE('',#7148,#7149);
#7148 = CARTESIAN_POINT('',(135.07967,-101.64033,0.));
#7149 = VECTOR('',#7150,1.);
#7150 = DIRECTION('',(-0.651325566764,0.758798396202,0.));
#7151 = PLANE('',#7152);
#7152 = AXIS2_PLACEMENT_3D('',#7153,#7154,#7155);
#7153 = CARTESIAN_POINT('',(135.07967,-101.64033,0.));
#7154 = DIRECTION('',(0.758798396202,0.651325566764,0.));
#7155 = DIRECTION('',(-0.651325566764,0.758798396202,0.));
#7156 = ADVANCED_FACE('',(#7157),#7182,.F.);
#7157 = FACE_BOUND('',#7158,.F.);
#7158 = EDGE_LOOP('',(#7159,#7160,#7168,#7176));
#7159 = ORIENTED_EDGE('',*,*,#7138,.T.);
#7160 = ORIENTED_EDGE('',*,*,#7161,.T.);
#7161 = EDGE_CURVE('',#7131,#7162,#7164,.T.);
#7162 = VERTEX_POINT('',#7163);
#7163 = CARTESIAN_POINT('',(134.948559,-101.463548,-3.5E-02));
#7164 = LINE('',#7165,#7166);
#7165 = CARTESIAN_POINT('',(135.021048,-101.572035,-3.5E-02));
#7166 = VECTOR('',#7167,1.);
#7167 = DIRECTION('',(-0.555571844365,0.831468535634,0.));
#7168 = ORIENTED_EDGE('',*,*,#7169,.F.);
#7169 = EDGE_CURVE('',#7170,#7162,#7172,.T.);
#7170 = VERTEX_POINT('',#7171);
#7171 = CARTESIAN_POINT('',(134.948559,-101.463548,0.));
#7172 = LINE('',#7173,#7174);
#7173 = CARTESIAN_POINT('',(134.948559,-101.463548,0.));
#7174 = VECTOR('',#7175,1.);
#7175 = DIRECTION('',(0.,0.,-1.));
#7176 = ORIENTED_EDGE('',*,*,#7177,.F.);
#7177 = EDGE_CURVE('',#7139,#7170,#7178,.T.);
#7178 = LINE('',#7179,#7180);
#7179 = CARTESIAN_POINT('',(135.021048,-101.572035,0.));
#7180 = VECTOR('',#7181,1.);
#7181 = DIRECTION('',(-0.555571844365,0.831468535634,0.));
#7182 = PLANE('',#7183);
#7183 = AXIS2_PLACEMENT_3D('',#7184,#7185,#7186);
#7184 = CARTESIAN_POINT('',(135.021048,-101.572035,0.));
#7185 = DIRECTION('',(0.831468535634,0.555571844365,0.));
#7186 = DIRECTION('',(-0.555571844365,0.831468535634,0.));
#7187 = ADVANCED_FACE('',(#7188),#7215,.T.);
#7188 = FACE_BOUND('',#7189,.F.);
#7189 = EDGE_LOOP('',(#7190,#7191,#7200,#7208));
#7190 = ORIENTED_EDGE('',*,*,#7169,.T.);
#7191 = ORIENTED_EDGE('',*,*,#7192,.T.);
#7192 = EDGE_CURVE('',#7162,#7193,#7195,.T.);
#7193 = VERTEX_POINT('',#7194);
#7194 = CARTESIAN_POINT('',(134.86,-101.11,-3.5E-02));
#7195 = CIRCLE('',#7196,0.749986154421);
#7196 = AXIS2_PLACEMENT_3D('',#7197,#7198,#7199);
#7197 = CARTESIAN_POINT('',(135.60998615441,-101.1100040123,-3.5E-02));
#7198 = DIRECTION('',(0.,0.,-1.));
#7199 = DIRECTION('',(-0.881919153456,-0.471400686007,-0.));
#7200 = ORIENTED_EDGE('',*,*,#7201,.F.);
#7201 = EDGE_CURVE('',#7202,#7193,#7204,.T.);
#7202 = VERTEX_POINT('',#7203);
#7203 = CARTESIAN_POINT('',(134.86,-101.11,0.));
#7204 = LINE('',#7205,#7206);
#7205 = CARTESIAN_POINT('',(134.86,-101.11,0.));
#7206 = VECTOR('',#7207,1.);
#7207 = DIRECTION('',(0.,0.,-1.));
#7208 = ORIENTED_EDGE('',*,*,#7209,.F.);
#7209 = EDGE_CURVE('',#7170,#7202,#7210,.T.);
#7210 = CIRCLE('',#7211,0.749986154421);
#7211 = AXIS2_PLACEMENT_3D('',#7212,#7213,#7214);
#7212 = CARTESIAN_POINT('',(135.60998615441,-101.1100040123,0.));
#7213 = DIRECTION('',(0.,0.,-1.));
#7214 = DIRECTION('',(-0.881919153456,-0.471400686007,-0.));
#7215 = CYLINDRICAL_SURFACE('',#7216,0.749986154421);
#7216 = AXIS2_PLACEMENT_3D('',#7217,#7218,#7219);
#7217 = CARTESIAN_POINT('',(135.60998615441,-101.1100040123,0.));
#7218 = DIRECTION('',(-0.,-0.,1.));
#7219 = DIRECTION('',(-0.881919153456,-0.471400686007,-0.));
#7220 = ADVANCED_FACE('',(#7221),#7246,.F.);
#7221 = FACE_BOUND('',#7222,.F.);
#7222 = EDGE_LOOP('',(#7223,#7224,#7232,#7240));
#7223 = ORIENTED_EDGE('',*,*,#7201,.T.);
#7224 = ORIENTED_EDGE('',*,*,#7225,.T.);
#7225 = EDGE_CURVE('',#7193,#7226,#7228,.T.);
#7226 = VERTEX_POINT('',#7227);
#7227 = CARTESIAN_POINT('',(134.86,-99.,-3.5E-02));
#7228 = LINE('',#7229,#7230);
#7229 = CARTESIAN_POINT('',(134.86,-101.11,-3.5E-02));
#7230 = VECTOR('',#7231,1.);
#7231 = DIRECTION('',(0.,1.,0.));
#7232 = ORIENTED_EDGE('',*,*,#7233,.F.);
#7233 = EDGE_CURVE('',#7234,#7226,#7236,.T.);
#7234 = VERTEX_POINT('',#7235);
#7235 = CARTESIAN_POINT('',(134.86,-99.,0.));
#7236 = LINE('',#7237,#7238);
#7237 = CARTESIAN_POINT('',(134.86,-99.,0.));
#7238 = VECTOR('',#7239,1.);
#7239 = DIRECTION('',(0.,0.,-1.));
#7240 = ORIENTED_EDGE('',*,*,#7241,.F.);
#7241 = EDGE_CURVE('',#7202,#7234,#7242,.T.);
#7242 = LINE('',#7243,#7244);
#7243 = CARTESIAN_POINT('',(134.86,-101.11,0.));
#7244 = VECTOR('',#7245,1.);
#7245 = DIRECTION('',(0.,1.,0.));
#7246 = PLANE('',#7247);
#7247 = AXIS2_PLACEMENT_3D('',#7248,#7249,#7250);
#7248 = CARTESIAN_POINT('',(134.86,-101.11,0.));
#7249 = DIRECTION('',(1.,-0.,0.));
#7250 = DIRECTION('',(0.,1.,0.));
#7251 = ADVANCED_FACE('',(#7252),#7279,.T.);
#7252 = FACE_BOUND('',#7253,.F.);
#7253 = EDGE_LOOP('',(#7254,#7255,#7264,#7272));
#7254 = ORIENTED_EDGE('',*,*,#7233,.T.);
#7255 = ORIENTED_EDGE('',*,*,#7256,.T.);
#7256 = EDGE_CURVE('',#7226,#7257,#7259,.T.);
#7257 = VERTEX_POINT('',#7258);
#7258 = CARTESIAN_POINT('',(136.36,-99.,-3.5E-02));
#7259 = CIRCLE('',#7260,0.75);
#7260 = AXIS2_PLACEMENT_3D('',#7261,#7262,#7263);
#7261 = CARTESIAN_POINT('',(135.61,-98.99999953074,-3.5E-02));
#7262 = DIRECTION('',(0.,0.,-1.));
#7263 = DIRECTION('',(-1.,-6.256701681194E-07,-0.));
#7264 = ORIENTED_EDGE('',*,*,#7265,.F.);
#7265 = EDGE_CURVE('',#7266,#7257,#7268,.T.);
#7266 = VERTEX_POINT('',#7267);
#7267 = CARTESIAN_POINT('',(136.36,-99.,0.));
#7268 = LINE('',#7269,#7270);
#7269 = CARTESIAN_POINT('',(136.36,-99.,0.));
#7270 = VECTOR('',#7271,1.);
#7271 = DIRECTION('',(0.,0.,-1.));
#7272 = ORIENTED_EDGE('',*,*,#7273,.F.);
#7273 = EDGE_CURVE('',#7234,#7266,#7274,.T.);
#7274 = CIRCLE('',#7275,0.75);
#7275 = AXIS2_PLACEMENT_3D('',#7276,#7277,#7278);
#7276 = CARTESIAN_POINT('',(135.61,-98.99999953074,0.));
#7277 = DIRECTION('',(0.,0.,-1.));
#7278 = DIRECTION('',(-1.,-6.256701681194E-07,-0.));
#7279 = CYLINDRICAL_SURFACE('',#7280,0.75);
#7280 = AXIS2_PLACEMENT_3D('',#7281,#7282,#7283);
#7281 = CARTESIAN_POINT('',(135.61,-98.99999953074,0.));
#7282 = DIRECTION('',(-0.,-0.,1.));
#7283 = DIRECTION('',(-1.,-6.256701681194E-07,-0.));
#7284 = ADVANCED_FACE('',(#7285),#7310,.F.);
#7285 = FACE_BOUND('',#7286,.F.);
#7286 = EDGE_LOOP('',(#7287,#7288,#7296,#7304));
#7287 = ORIENTED_EDGE('',*,*,#7265,.T.);
#7288 = ORIENTED_EDGE('',*,*,#7289,.T.);
#7289 = EDGE_CURVE('',#7257,#7290,#7292,.T.);
#7290 = VERTEX_POINT('',#7291);
#7291 = CARTESIAN_POINT('',(136.36,-100.79934,-3.5E-02));
#7292 = LINE('',#7293,#7294);
#7293 = CARTESIAN_POINT('',(136.36,-99.,-3.5E-02));
#7294 = VECTOR('',#7295,1.);
#7295 = DIRECTION('',(0.,-1.,0.));
#7296 = ORIENTED_EDGE('',*,*,#7297,.F.);
#7297 = EDGE_CURVE('',#7298,#7290,#7300,.T.);
#7298 = VERTEX_POINT('',#7299);
#7299 = CARTESIAN_POINT('',(136.36,-100.79934,0.));
#7300 = LINE('',#7301,#7302);
#7301 = CARTESIAN_POINT('',(136.36,-100.79934,0.));
#7302 = VECTOR('',#7303,1.);
#7303 = DIRECTION('',(0.,0.,-1.));
#7304 = ORIENTED_EDGE('',*,*,#7305,.F.);
#7305 = EDGE_CURVE('',#7266,#7298,#7306,.T.);
#7306 = LINE('',#7307,#7308);
#7307 = CARTESIAN_POINT('',(136.36,-99.,0.));
#7308 = VECTOR('',#7309,1.);
#7309 = DIRECTION('',(0.,-1.,0.));
#7310 = PLANE('',#7311);
#7311 = AXIS2_PLACEMENT_3D('',#7312,#7313,#7314);
#7312 = CARTESIAN_POINT('',(136.36,-99.,0.));
#7313 = DIRECTION('',(-1.,-0.,-0.));
#7314 = DIRECTION('',(0.,-1.,0.));
#7315 = ADVANCED_FACE('',(#7316),#7341,.F.);
#7316 = FACE_BOUND('',#7317,.F.);
#7317 = EDGE_LOOP('',(#7318,#7319,#7327,#7335));
#7318 = ORIENTED_EDGE('',*,*,#7297,.T.);
#7319 = ORIENTED_EDGE('',*,*,#7320,.T.);
#7320 = EDGE_CURVE('',#7290,#7321,#7323,.T.);
#7321 = VERTEX_POINT('',#7322);
#7322 = CARTESIAN_POINT('',(136.81066,-101.25,-3.5E-02));
#7323 = LINE('',#7324,#7325);
#7324 = CARTESIAN_POINT('',(136.36,-100.79934,-3.5E-02));
#7325 = VECTOR('',#7326,1.);
#7326 = DIRECTION('',(0.707106781187,-0.707106781187,0.));
#7327 = ORIENTED_EDGE('',*,*,#7328,.F.);
#7328 = EDGE_CURVE('',#7329,#7321,#7331,.T.);
#7329 = VERTEX_POINT('',#7330);
#7330 = CARTESIAN_POINT('',(136.81066,-101.25,0.));
#7331 = LINE('',#7332,#7333);
#7332 = CARTESIAN_POINT('',(136.81066,-101.25,0.));
#7333 = VECTOR('',#7334,1.);
#7334 = DIRECTION('',(0.,0.,-1.));
#7335 = ORIENTED_EDGE('',*,*,#7336,.F.);
#7336 = EDGE_CURVE('',#7298,#7329,#7337,.T.);
#7337 = LINE('',#7338,#7339);
#7338 = CARTESIAN_POINT('',(136.36,-100.79934,0.));
#7339 = VECTOR('',#7340,1.);
#7340 = DIRECTION('',(0.707106781187,-0.707106781187,0.));
#7341 = PLANE('',#7342);
#7342 = AXIS2_PLACEMENT_3D('',#7343,#7344,#7345);
#7343 = CARTESIAN_POINT('',(136.36,-100.79934,0.));
#7344 = DIRECTION('',(-0.707106781187,-0.707106781187,-0.));
#7345 = DIRECTION('',(0.707106781187,-0.707106781187,0.));
#7346 = ADVANCED_FACE('',(#7347),#7372,.F.);
#7347 = FACE_BOUND('',#7348,.F.);
#7348 = EDGE_LOOP('',(#7349,#7350,#7358,#7366));
#7349 = ORIENTED_EDGE('',*,*,#7328,.T.);
#7350 = ORIENTED_EDGE('',*,*,#7351,.T.);
#7351 = EDGE_CURVE('',#7321,#7352,#7354,.T.);
#7352 = VERTEX_POINT('',#7353);
#7353 = CARTESIAN_POINT('',(139.18934,-101.25,-3.5E-02));
#7354 = LINE('',#7355,#7356);
#7355 = CARTESIAN_POINT('',(136.81066,-101.25,-3.5E-02));
#7356 = VECTOR('',#7357,1.);
#7357 = DIRECTION('',(1.,0.,0.));
#7358 = ORIENTED_EDGE('',*,*,#7359,.F.);
#7359 = EDGE_CURVE('',#7360,#7352,#7362,.T.);
#7360 = VERTEX_POINT('',#7361);
#7361 = CARTESIAN_POINT('',(139.18934,-101.25,0.));
#7362 = LINE('',#7363,#7364);
#7363 = CARTESIAN_POINT('',(139.18934,-101.25,0.));
#7364 = VECTOR('',#7365,1.);
#7365 = DIRECTION('',(0.,0.,-1.));
#7366 = ORIENTED_EDGE('',*,*,#7367,.F.);
#7367 = EDGE_CURVE('',#7329,#7360,#7368,.T.);
#7368 = LINE('',#7369,#7370);
#7369 = CARTESIAN_POINT('',(136.81066,-101.25,0.));
#7370 = VECTOR('',#7371,1.);
#7371 = DIRECTION('',(1.,0.,0.));
#7372 = PLANE('',#7373);
#7373 = AXIS2_PLACEMENT_3D('',#7374,#7375,#7376);
#7374 = CARTESIAN_POINT('',(136.81066,-101.25,0.));
#7375 = DIRECTION('',(0.,-1.,0.));
#7376 = DIRECTION('',(1.,0.,0.));
#7377 = ADVANCED_FACE('',(#7378),#7403,.F.);
#7378 = FACE_BOUND('',#7379,.F.);
#7379 = EDGE_LOOP('',(#7380,#7381,#7389,#7397));
#7380 = ORIENTED_EDGE('',*,*,#7359,.T.);
#7381 = ORIENTED_EDGE('',*,*,#7382,.T.);
#7382 = EDGE_CURVE('',#7352,#7383,#7385,.T.);
#7383 = VERTEX_POINT('',#7384);
#7384 = CARTESIAN_POINT('',(139.89567,-100.54367,-3.5E-02));
#7385 = LINE('',#7386,#7387);
#7386 = CARTESIAN_POINT('',(139.18934,-101.25,-3.5E-02));
#7387 = VECTOR('',#7388,1.);
#7388 = DIRECTION('',(0.707106781187,0.707106781187,0.));
#7389 = ORIENTED_EDGE('',*,*,#7390,.F.);
#7390 = EDGE_CURVE('',#7391,#7383,#7393,.T.);
#7391 = VERTEX_POINT('',#7392);
#7392 = CARTESIAN_POINT('',(139.89567,-100.54367,0.));
#7393 = LINE('',#7394,#7395);
#7394 = CARTESIAN_POINT('',(139.89567,-100.54367,0.));
#7395 = VECTOR('',#7396,1.);
#7396 = DIRECTION('',(0.,0.,-1.));
#7397 = ORIENTED_EDGE('',*,*,#7398,.F.);
#7398 = EDGE_CURVE('',#7360,#7391,#7399,.T.);
#7399 = LINE('',#7400,#7401);
#7400 = CARTESIAN_POINT('',(139.18934,-101.25,0.));
#7401 = VECTOR('',#7402,1.);
#7402 = DIRECTION('',(0.707106781187,0.707106781187,0.));
#7403 = PLANE('',#7404);
#7404 = AXIS2_PLACEMENT_3D('',#7405,#7406,#7407);
#7405 = CARTESIAN_POINT('',(139.18934,-101.25,0.));
#7406 = DIRECTION('',(0.707106781187,-0.707106781187,0.));
#7407 = DIRECTION('',(0.707106781187,0.707106781187,0.));
#7408 = ADVANCED_FACE('',(#7409),#7434,.F.);
#7409 = FACE_BOUND('',#7410,.F.);
#7410 = EDGE_LOOP('',(#7411,#7412,#7420,#7428));
#7411 = ORIENTED_EDGE('',*,*,#7390,.T.);
#7412 = ORIENTED_EDGE('',*,*,#7413,.T.);
#7413 = EDGE_CURVE('',#7383,#7414,#7416,.T.);
#7414 = VERTEX_POINT('',#7415);
#7415 = CARTESIAN_POINT('',(139.89567,-95.78747,-3.5E-02));
#7416 = LINE('',#7417,#7418);
#7417 = CARTESIAN_POINT('',(139.89567,-100.54367,-3.5E-02));
#7418 = VECTOR('',#7419,1.);
#7419 = DIRECTION('',(0.,1.,0.));
#7420 = ORIENTED_EDGE('',*,*,#7421,.F.);
#7421 = EDGE_CURVE('',#7422,#7414,#7424,.T.);
#7422 = VERTEX_POINT('',#7423);
#7423 = CARTESIAN_POINT('',(139.89567,-95.78747,0.));
#7424 = LINE('',#7425,#7426);
#7425 = CARTESIAN_POINT('',(139.89567,-95.78747,0.));
#7426 = VECTOR('',#7427,1.);
#7427 = DIRECTION('',(0.,0.,-1.));
#7428 = ORIENTED_EDGE('',*,*,#7429,.F.);
#7429 = EDGE_CURVE('',#7391,#7422,#7430,.T.);
#7430 = LINE('',#7431,#7432);
#7431 = CARTESIAN_POINT('',(139.89567,-100.54367,0.));
#7432 = VECTOR('',#7433,1.);
#7433 = DIRECTION('',(0.,1.,0.));
#7434 = PLANE('',#7435);
#7435 = AXIS2_PLACEMENT_3D('',#7436,#7437,#7438);
#7436 = CARTESIAN_POINT('',(139.89567,-100.54367,0.));
#7437 = DIRECTION('',(1.,-0.,0.));
#7438 = DIRECTION('',(0.,1.,0.));
#7439 = ADVANCED_FACE('',(#7440),#7467,.T.);
#7440 = FACE_BOUND('',#7441,.F.);
#7441 = EDGE_LOOP('',(#7442,#7443,#7452,#7460));
#7442 = ORIENTED_EDGE('',*,*,#7421,.T.);
#7443 = ORIENTED_EDGE('',*,*,#7444,.T.);
#7444 = EDGE_CURVE('',#7414,#7445,#7447,.T.);
#7445 = VERTEX_POINT('',#7446);
#7446 = CARTESIAN_POINT('',(141.39567,-95.78747,-3.5E-02));
#7447 = CIRCLE('',#7448,0.75);
#7448 = AXIS2_PLACEMENT_3D('',#7449,#7450,#7451);
#7449 = CARTESIAN_POINT('',(140.64567,-95.78746945582,-3.5E-02));
#7450 = DIRECTION('',(0.,0.,-1.));
#7451 = DIRECTION('',(-1.,-7.255686303625E-07,-0.));
#7452 = ORIENTED_EDGE('',*,*,#7453,.F.);
#7453 = EDGE_CURVE('',#7454,#7445,#7456,.T.);
#7454 = VERTEX_POINT('',#7455);
#7455 = CARTESIAN_POINT('',(141.39567,-95.78747,0.));
#7456 = LINE('',#7457,#7458);
#7457 = CARTESIAN_POINT('',(141.39567,-95.78747,0.));
#7458 = VECTOR('',#7459,1.);
#7459 = DIRECTION('',(0.,0.,-1.));
#7460 = ORIENTED_EDGE('',*,*,#7461,.F.);
#7461 = EDGE_CURVE('',#7422,#7454,#7462,.T.);
#7462 = CIRCLE('',#7463,0.75);
#7463 = AXIS2_PLACEMENT_3D('',#7464,#7465,#7466);
#7464 = CARTESIAN_POINT('',(140.64567,-95.78746945582,0.));
#7465 = DIRECTION('',(0.,0.,-1.));
#7466 = DIRECTION('',(-1.,-7.255686303625E-07,-0.));
#7467 = CYLINDRICAL_SURFACE('',#7468,0.75);
#7468 = AXIS2_PLACEMENT_3D('',#7469,#7470,#7471);
#7469 = CARTESIAN_POINT('',(140.64567,-95.78746945582,0.));
#7470 = DIRECTION('',(-0.,-0.,1.));
#7471 = DIRECTION('',(-1.,-7.255686303625E-07,-0.));
#7472 = ADVANCED_FACE('',(#7473),#7489,.F.);
#7473 = FACE_BOUND('',#7474,.F.);
#7474 = EDGE_LOOP('',(#7475,#7476,#7482,#7483));
#7475 = ORIENTED_EDGE('',*,*,#7453,.T.);
#7476 = ORIENTED_EDGE('',*,*,#7477,.T.);
#7477 = EDGE_CURVE('',#7445,#6931,#7478,.T.);
#7478 = LINE('',#7479,#7480);
#7479 = CARTESIAN_POINT('',(141.39567,-95.78747,-3.5E-02));
#7480 = VECTOR('',#7481,1.);
#7481 = DIRECTION('',(0.,-1.,0.));
#7482 = ORIENTED_EDGE('',*,*,#6928,.F.);
#7483 = ORIENTED_EDGE('',*,*,#7484,.F.);
#7484 = EDGE_CURVE('',#7454,#6929,#7485,.T.);
#7485 = LINE('',#7486,#7487);
#7486 = CARTESIAN_POINT('',(141.39567,-95.78747,0.));
#7487 = VECTOR('',#7488,1.);
#7488 = DIRECTION('',(0.,-1.,0.));
#7489 = PLANE('',#7490);
#7490 = AXIS2_PLACEMENT_3D('',#7491,#7492,#7493);
#7491 = CARTESIAN_POINT('',(141.39567,-95.78747,0.));
#7492 = DIRECTION('',(-1.,-0.,-0.));
#7493 = DIRECTION('',(0.,-1.,0.));
#7494 = ADVANCED_FACE('',(#7495),#7522,.F.);
#7495 = FACE_BOUND('',#7496,.F.);
#7496 = EDGE_LOOP('',(#7497,#7507,#7514,#7515));
#7497 = ORIENTED_EDGE('',*,*,#7498,.T.);
#7498 = EDGE_CURVE('',#7499,#7501,#7503,.T.);
#7499 = VERTEX_POINT('',#7500);
#7500 = CARTESIAN_POINT('',(136.11,-99.,0.));
#7501 = VERTEX_POINT('',#7502);
#7502 = CARTESIAN_POINT('',(136.11,-99.,-3.5E-02));
#7503 = LINE('',#7504,#7505);
#7504 = CARTESIAN_POINT('',(136.11,-99.,0.));
#7505 = VECTOR('',#7506,1.);
#7506 = DIRECTION('',(0.,0.,-1.));
#7507 = ORIENTED_EDGE('',*,*,#7508,.T.);
#7508 = EDGE_CURVE('',#7501,#7501,#7509,.T.);
#7509 = CIRCLE('',#7510,0.5);
#7510 = AXIS2_PLACEMENT_3D('',#7511,#7512,#7513);
#7511 = CARTESIAN_POINT('',(135.61,-99.,-3.5E-02));
#7512 = DIRECTION('',(0.,0.,1.));
#7513 = DIRECTION('',(1.,0.,-0.));
#7514 = ORIENTED_EDGE('',*,*,#7498,.F.);
#7515 = ORIENTED_EDGE('',*,*,#7516,.F.);
#7516 = EDGE_CURVE('',#7499,#7499,#7517,.T.);
#7517 = CIRCLE('',#7518,0.5);
#7518 = AXIS2_PLACEMENT_3D('',#7519,#7520,#7521);
#7519 = CARTESIAN_POINT('',(135.61,-99.,0.));
#7520 = DIRECTION('',(0.,0.,1.));
#7521 = DIRECTION('',(1.,0.,-0.));
#7522 = CYLINDRICAL_SURFACE('',#7523,0.5);
#7523 = AXIS2_PLACEMENT_3D('',#7524,#7525,#7526);
#7524 = CARTESIAN_POINT('',(135.61,-99.,0.));
#7525 = DIRECTION('',(0.,0.,1.));
#7526 = DIRECTION('',(1.,0.,-0.));
#7527 = ADVANCED_FACE('',(#7528),#7555,.F.);
#7528 = FACE_BOUND('',#7529,.F.);
#7529 = EDGE_LOOP('',(#7530,#7540,#7547,#7548));
#7530 = ORIENTED_EDGE('',*,*,#7531,.T.);
#7531 = EDGE_CURVE('',#7532,#7534,#7536,.T.);
#7532 = VERTEX_POINT('',#7533);
#7533 = CARTESIAN_POINT('',(141.14567,-95.78747,0.));
#7534 = VERTEX_POINT('',#7535);
#7535 = CARTESIAN_POINT('',(141.14567,-95.78747,-3.5E-02));
#7536 = LINE('',#7537,#7538);
#7537 = CARTESIAN_POINT('',(141.14567,-95.78747,0.));
#7538 = VECTOR('',#7539,1.);
#7539 = DIRECTION('',(0.,0.,-1.));
#7540 = ORIENTED_EDGE('',*,*,#7541,.T.);
#7541 = EDGE_CURVE('',#7534,#7534,#7542,.T.);
#7542 = CIRCLE('',#7543,0.5);
#7543 = AXIS2_PLACEMENT_3D('',#7544,#7545,#7546);
#7544 = CARTESIAN_POINT('',(140.64567,-95.78747,-3.5E-02));
#7545 = DIRECTION('',(0.,0.,1.));
#7546 = DIRECTION('',(1.,0.,-0.));
#7547 = ORIENTED_EDGE('',*,*,#7531,.F.);
#7548 = ORIENTED_EDGE('',*,*,#7549,.F.);
#7549 = EDGE_CURVE('',#7532,#7532,#7550,.T.);
#7550 = CIRCLE('',#7551,0.5);
#7551 = AXIS2_PLACEMENT_3D('',#7552,#7553,#7554);
#7552 = CARTESIAN_POINT('',(140.64567,-95.78747,0.));
#7553 = DIRECTION('',(0.,0.,1.));
#7554 = DIRECTION('',(1.,0.,-0.));
#7555 = CYLINDRICAL_SURFACE('',#7556,0.5);
#7556 = AXIS2_PLACEMENT_3D('',#7557,#7558,#7559);
#7557 = CARTESIAN_POINT('',(140.64567,-95.78747,0.));
#7558 = DIRECTION('',(0.,0.,1.));
#7559 = DIRECTION('',(1.,0.,-0.));
#7560 = ADVANCED_FACE('',(#7561,#7581,#7584),#7587,.F.);
#7561 = FACE_BOUND('',#7562,.F.);
#7562 = EDGE_LOOP('',(#7563,#7564,#7565,#7566,#7567,#7568,#7569,#7570,
    #7571,#7572,#7573,#7574,#7575,#7576,#7577,#7578,#7579,#7580));
#7563 = ORIENTED_EDGE('',*,*,#6955,.T.);
#7564 = ORIENTED_EDGE('',*,*,#6987,.T.);
#7565 = ORIENTED_EDGE('',*,*,#7019,.T.);
#7566 = ORIENTED_EDGE('',*,*,#7051,.T.);
#7567 = ORIENTED_EDGE('',*,*,#7083,.T.);
#7568 = ORIENTED_EDGE('',*,*,#7115,.T.);
#7569 = ORIENTED_EDGE('',*,*,#7146,.T.);
#7570 = ORIENTED_EDGE('',*,*,#7177,.T.);
#7571 = ORIENTED_EDGE('',*,*,#7209,.T.);
#7572 = ORIENTED_EDGE('',*,*,#7241,.T.);
#7573 = ORIENTED_EDGE('',*,*,#7273,.T.);
#7574 = ORIENTED_EDGE('',*,*,#7305,.T.);
#7575 = ORIENTED_EDGE('',*,*,#7336,.T.);
#7576 = ORIENTED_EDGE('',*,*,#7367,.T.);
#7577 = ORIENTED_EDGE('',*,*,#7398,.T.);
#7578 = ORIENTED_EDGE('',*,*,#7429,.T.);
#7579 = ORIENTED_EDGE('',*,*,#7461,.T.);
#7580 = ORIENTED_EDGE('',*,*,#7484,.T.);
#7581 = FACE_BOUND('',#7582,.F.);
#7582 = EDGE_LOOP('',(#7583));
#7583 = ORIENTED_EDGE('',*,*,#7516,.T.);
#7584 = FACE_BOUND('',#7585,.F.);
#7585 = EDGE_LOOP('',(#7586));
#7586 = ORIENTED_EDGE('',*,*,#7549,.T.);
#7587 = PLANE('',#7588);
#7588 = AXIS2_PLACEMENT_3D('',#7589,#7590,#7591);
#7589 = CARTESIAN_POINT('',(0.,0.,0.));
#7590 = DIRECTION('',(-0.,-0.,-1.));
#7591 = DIRECTION('',(-1.,0.,0.));
#7592 = ADVANCED_FACE('',(#7593,#7613,#7616),#7619,.T.);
#7593 = FACE_BOUND('',#7594,.T.);
#7594 = EDGE_LOOP('',(#7595,#7596,#7597,#7598,#7599,#7600,#7601,#7602,
    #7603,#7604,#7605,#7606,#7607,#7608,#7609,#7610,#7611,#7612));
#7595 = ORIENTED_EDGE('',*,*,#6938,.T.);
#7596 = ORIENTED_EDGE('',*,*,#6971,.T.);
#7597 = ORIENTED_EDGE('',*,*,#7002,.T.);
#7598 = ORIENTED_EDGE('',*,*,#7035,.T.);
#7599 = ORIENTED_EDGE('',*,*,#7066,.T.);
#7600 = ORIENTED_EDGE('',*,*,#7099,.T.);
#7601 = ORIENTED_EDGE('',*,*,#7130,.T.);
#7602 = ORIENTED_EDGE('',*,*,#7161,.T.);
#7603 = ORIENTED_EDGE('',*,*,#7192,.T.);
#7604 = ORIENTED_EDGE('',*,*,#7225,.T.);
#7605 = ORIENTED_EDGE('',*,*,#7256,.T.);
#7606 = ORIENTED_EDGE('',*,*,#7289,.T.);
#7607 = ORIENTED_EDGE('',*,*,#7320,.T.);
#7608 = ORIENTED_EDGE('',*,*,#7351,.T.);
#7609 = ORIENTED_EDGE('',*,*,#7382,.T.);
#7610 = ORIENTED_EDGE('',*,*,#7413,.T.);
#7611 = ORIENTED_EDGE('',*,*,#7444,.T.);
#7612 = ORIENTED_EDGE('',*,*,#7477,.T.);
#7613 = FACE_BOUND('',#7614,.T.);
#7614 = EDGE_LOOP('',(#7615));
#7615 = ORIENTED_EDGE('',*,*,#7508,.T.);
#7616 = FACE_BOUND('',#7617,.T.);
#7617 = EDGE_LOOP('',(#7618));
#7618 = ORIENTED_EDGE('',*,*,#7541,.T.);
#7619 = PLANE('',#7620);
#7620 = AXIS2_PLACEMENT_3D('',#7621,#7622,#7623);
#7621 = CARTESIAN_POINT('',(0.,0.,-3.5E-02));
#7622 = DIRECTION('',(-0.,-0.,-1.));
#7623 = DIRECTION('',(-1.,0.,0.));
#7624 = MANIFOLD_SOLID_BREP('',#7625);
#7625 = CLOSED_SHELL('',(#7626,#7668,#7699,#7732,#7763,#7796,#7827,#7860
    ,#7891,#7924,#7955,#7988,#8019,#8052,#8083,#8116,#8147,#8178,#8209,
    #8240,#8271,#8302,#8324,#8357,#8390,#8426));
#7626 = ADVANCED_FACE('',(#7627),#7663,.T.);
#7627 = FACE_BOUND('',#7628,.F.);
#7628 = EDGE_LOOP('',(#7629,#7639,#7648,#7656));
#7629 = ORIENTED_EDGE('',*,*,#7630,.T.);
#7630 = EDGE_CURVE('',#7631,#7633,#7635,.T.);
#7631 = VERTEX_POINT('',#7632);
#7632 = CARTESIAN_POINT('',(153.34567,-96.53747,0.));
#7633 = VERTEX_POINT('',#7634);
#7634 = CARTESIAN_POINT('',(153.34567,-96.53747,-3.5E-02));
#7635 = LINE('',#7636,#7637);
#7636 = CARTESIAN_POINT('',(153.34567,-96.53747,0.));
#7637 = VECTOR('',#7638,1.);
#7638 = DIRECTION('',(0.,0.,-1.));
#7639 = ORIENTED_EDGE('',*,*,#7640,.T.);
#7640 = EDGE_CURVE('',#7633,#7641,#7643,.T.);
#7641 = VERTEX_POINT('',#7642);
#7642 = CARTESIAN_POINT('',(153.34567,-95.03747,-3.5E-02));
#7643 = CIRCLE('',#7644,0.75);
#7644 = AXIS2_PLACEMENT_3D('',#7645,#7646,#7647);
#7645 = CARTESIAN_POINT('',(153.34566953074,-95.78747,-3.5E-02));
#7646 = DIRECTION('',(0.,0.,-1.));
#7647 = DIRECTION('',(6.25670206015E-07,-1.,0.));
#7648 = ORIENTED_EDGE('',*,*,#7649,.F.);
#7649 = EDGE_CURVE('',#7650,#7641,#7652,.T.);
#7650 = VERTEX_POINT('',#7651);
#7651 = CARTESIAN_POINT('',(153.34567,-95.03747,0.));
#7652 = LINE('',#7653,#7654);
#7653 = CARTESIAN_POINT('',(153.34567,-95.03747,0.));
#7654 = VECTOR('',#7655,1.);
#7655 = DIRECTION('',(0.,0.,-1.));
#7656 = ORIENTED_EDGE('',*,*,#7657,.F.);
#7657 = EDGE_CURVE('',#7631,#7650,#7658,.T.);
#7658 = CIRCLE('',#7659,0.75);
#7659 = AXIS2_PLACEMENT_3D('',#7660,#7661,#7662);
#7660 = CARTESIAN_POINT('',(153.34566953074,-95.78747,0.));
#7661 = DIRECTION('',(0.,0.,-1.));
#7662 = DIRECTION('',(6.25670206015E-07,-1.,0.));
#7663 = CYLINDRICAL_SURFACE('',#7664,0.75);
#7664 = AXIS2_PLACEMENT_3D('',#7665,#7666,#7667);
#7665 = CARTESIAN_POINT('',(153.34566953074,-95.78747,0.));
#7666 = DIRECTION('',(-0.,-0.,1.));
#7667 = DIRECTION('',(6.25670206015E-07,-1.,0.));
#7668 = ADVANCED_FACE('',(#7669),#7694,.F.);
#7669 = FACE_BOUND('',#7670,.F.);
#7670 = EDGE_LOOP('',(#7671,#7672,#7680,#7688));
#7671 = ORIENTED_EDGE('',*,*,#7649,.T.);
#7672 = ORIENTED_EDGE('',*,*,#7673,.T.);
#7673 = EDGE_CURVE('',#7641,#7674,#7676,.T.);
#7674 = VERTEX_POINT('',#7675);
#7675 = CARTESIAN_POINT('',(154.78747,-95.03747,-3.5E-02));
#7676 = LINE('',#7677,#7678);
#7677 = CARTESIAN_POINT('',(153.34567,-95.03747,-3.5E-02));
#7678 = VECTOR('',#7679,1.);
#7679 = DIRECTION('',(1.,0.,0.));
#7680 = ORIENTED_EDGE('',*,*,#7681,.F.);
#7681 = EDGE_CURVE('',#7682,#7674,#7684,.T.);
#7682 = VERTEX_POINT('',#7683);
#7683 = CARTESIAN_POINT('',(154.78747,-95.03747,0.));
#7684 = LINE('',#7685,#7686);
#7685 = CARTESIAN_POINT('',(154.78747,-95.03747,0.));
#7686 = VECTOR('',#7687,1.);
#7687 = DIRECTION('',(0.,0.,-1.));
#7688 = ORIENTED_EDGE('',*,*,#7689,.F.);
#7689 = EDGE_CURVE('',#7650,#7682,#7690,.T.);
#7690 = LINE('',#7691,#7692);
#7691 = CARTESIAN_POINT('',(153.34567,-95.03747,0.));
#7692 = VECTOR('',#7693,1.);
#7693 = DIRECTION('',(1.,0.,0.));
#7694 = PLANE('',#7695);
#7695 = AXIS2_PLACEMENT_3D('',#7696,#7697,#7698);
#7696 = CARTESIAN_POINT('',(153.34567,-95.03747,0.));
#7697 = DIRECTION('',(0.,-1.,0.));
#7698 = DIRECTION('',(1.,0.,0.));
#7699 = ADVANCED_FACE('',(#7700),#7727,.T.);
#7700 = FACE_BOUND('',#7701,.F.);
#7701 = EDGE_LOOP('',(#7702,#7703,#7712,#7720));
#7702 = ORIENTED_EDGE('',*,*,#7681,.T.);
#7703 = ORIENTED_EDGE('',*,*,#7704,.T.);
#7704 = EDGE_CURVE('',#7674,#7705,#7707,.T.);
#7705 = VERTEX_POINT('',#7706);
#7706 = CARTESIAN_POINT('',(155.3178,-95.25714,-3.5E-02));
#7707 = CIRCLE('',#7708,0.749991987648);
#7708 = AXIS2_PLACEMENT_3D('',#7709,#7710,#7711);
#7709 = CARTESIAN_POINT('',(154.78747314705,-95.78746198764,-3.5E-02));
#7710 = DIRECTION('',(0.,0.,-1.));
#7711 = DIRECTION('',(-4.19611084316E-06,0.999999999991,0.));
#7712 = ORIENTED_EDGE('',*,*,#7713,.F.);
#7713 = EDGE_CURVE('',#7714,#7705,#7716,.T.);
#7714 = VERTEX_POINT('',#7715);
#7715 = CARTESIAN_POINT('',(155.3178,-95.25714,0.));
#7716 = LINE('',#7717,#7718);
#7717 = CARTESIAN_POINT('',(155.3178,-95.25714,0.));
#7718 = VECTOR('',#7719,1.);
#7719 = DIRECTION('',(0.,0.,-1.));
#7720 = ORIENTED_EDGE('',*,*,#7721,.F.);
#7721 = EDGE_CURVE('',#7682,#7714,#7722,.T.);
#7722 = CIRCLE('',#7723,0.749991987648);
#7723 = AXIS2_PLACEMENT_3D('',#7724,#7725,#7726);
#7724 = CARTESIAN_POINT('',(154.78747314705,-95.78746198764,0.));
#7725 = DIRECTION('',(0.,0.,-1.));
#7726 = DIRECTION('',(-4.19611084316E-06,0.999999999991,0.));
#7727 = CYLINDRICAL_SURFACE('',#7728,0.749991987648);
#7728 = AXIS2_PLACEMENT_3D('',#7729,#7730,#7731);
#7729 = CARTESIAN_POINT('',(154.78747314705,-95.78746198764,0.));
#7730 = DIRECTION('',(-0.,-0.,1.));
#7731 = DIRECTION('',(-4.19611084316E-06,0.999999999991,0.));
#7732 = ADVANCED_FACE('',(#7733),#7758,.F.);
#7733 = FACE_BOUND('',#7734,.F.);
#7734 = EDGE_LOOP('',(#7735,#7736,#7744,#7752));
#7735 = ORIENTED_EDGE('',*,*,#7713,.T.);
#7736 = ORIENTED_EDGE('',*,*,#7737,.T.);
#7737 = EDGE_CURVE('',#7705,#7738,#7740,.T.);
#7738 = VERTEX_POINT('',#7739);
#7739 = CARTESIAN_POINT('',(156.53033,-96.46967,-3.5E-02));
#7740 = LINE('',#7741,#7742);
#7741 = CARTESIAN_POINT('',(155.3178,-95.25714,-3.5E-02));
#7742 = VECTOR('',#7743,1.);
#7743 = DIRECTION('',(0.707106781187,-0.707106781187,0.));
#7744 = ORIENTED_EDGE('',*,*,#7745,.F.);
#7745 = EDGE_CURVE('',#7746,#7738,#7748,.T.);
#7746 = VERTEX_POINT('',#7747);
#7747 = CARTESIAN_POINT('',(156.53033,-96.46967,0.));
#7748 = LINE('',#7749,#7750);
#7749 = CARTESIAN_POINT('',(156.53033,-96.46967,0.));
#7750 = VECTOR('',#7751,1.);
#7751 = DIRECTION('',(0.,0.,-1.));
#7752 = ORIENTED_EDGE('',*,*,#7753,.F.);
#7753 = EDGE_CURVE('',#7714,#7746,#7754,.T.);
#7754 = LINE('',#7755,#7756);
#7755 = CARTESIAN_POINT('',(155.3178,-95.25714,0.));
#7756 = VECTOR('',#7757,1.);
#7757 = DIRECTION('',(0.707106781187,-0.707106781187,0.));
#7758 = PLANE('',#7759);
#7759 = AXIS2_PLACEMENT_3D('',#7760,#7761,#7762);
#7760 = CARTESIAN_POINT('',(155.3178,-95.25714,0.));
#7761 = DIRECTION('',(-0.707106781187,-0.707106781187,-0.));
#7762 = DIRECTION('',(0.707106781187,-0.707106781187,0.));
#7763 = ADVANCED_FACE('',(#7764),#7791,.T.);
#7764 = FACE_BOUND('',#7765,.F.);
#7765 = EDGE_LOOP('',(#7766,#7767,#7776,#7784));
#7766 = ORIENTED_EDGE('',*,*,#7745,.T.);
#7767 = ORIENTED_EDGE('',*,*,#7768,.T.);
#7768 = EDGE_CURVE('',#7738,#7769,#7771,.T.);
#7769 = VERTEX_POINT('',#7770);
#7770 = CARTESIAN_POINT('',(156.75,-97.,-3.5E-02));
#7771 = CIRCLE('',#7772,0.749995627143);
#7772 = AXIS2_PLACEMENT_3D('',#7773,#7774,#7775);
#7773 = CARTESIAN_POINT('',(156.00000437285,-96.99999836048,-3.5E-02));
#7774 = DIRECTION('',(0.,0.,-1.));
#7775 = DIRECTION('',(0.707104958947,0.707108603422,0.));
#7776 = ORIENTED_EDGE('',*,*,#7777,.F.);
#7777 = EDGE_CURVE('',#7778,#7769,#7780,.T.);
#7778 = VERTEX_POINT('',#7779);
#7779 = CARTESIAN_POINT('',(156.75,-97.,0.));
#7780 = LINE('',#7781,#7782);
#7781 = CARTESIAN_POINT('',(156.75,-97.,0.));
#7782 = VECTOR('',#7783,1.);
#7783 = DIRECTION('',(0.,0.,-1.));
#7784 = ORIENTED_EDGE('',*,*,#7785,.F.);
#7785 = EDGE_CURVE('',#7746,#7778,#7786,.T.);
#7786 = CIRCLE('',#7787,0.749995627143);
#7787 = AXIS2_PLACEMENT_3D('',#7788,#7789,#7790);
#7788 = CARTESIAN_POINT('',(156.00000437285,-96.99999836048,0.));
#7789 = DIRECTION('',(0.,0.,-1.));
#7790 = DIRECTION('',(0.707104958947,0.707108603422,0.));
#7791 = CYLINDRICAL_SURFACE('',#7792,0.749995627143);
#7792 = AXIS2_PLACEMENT_3D('',#7793,#7794,#7795);
#7793 = CARTESIAN_POINT('',(156.00000437285,-96.99999836048,0.));
#7794 = DIRECTION('',(-0.,-0.,1.));
#7795 = DIRECTION('',(0.707104958947,0.707108603422,0.));
#7796 = ADVANCED_FACE('',(#7797),#7822,.F.);
#7797 = FACE_BOUND('',#7798,.F.);
#7798 = EDGE_LOOP('',(#7799,#7800,#7808,#7816));
#7799 = ORIENTED_EDGE('',*,*,#7777,.T.);
#7800 = ORIENTED_EDGE('',*,*,#7801,.T.);
#7801 = EDGE_CURVE('',#7769,#7802,#7804,.T.);
#7802 = VERTEX_POINT('',#7803);
#7803 = CARTESIAN_POINT('',(156.75,-101.,-3.5E-02));
#7804 = LINE('',#7805,#7806);
#7805 = CARTESIAN_POINT('',(156.75,-97.,-3.5E-02));
#7806 = VECTOR('',#7807,1.);
#7807 = DIRECTION('',(0.,-1.,0.));
#7808 = ORIENTED_EDGE('',*,*,#7809,.F.);
#7809 = EDGE_CURVE('',#7810,#7802,#7812,.T.);
#7810 = VERTEX_POINT('',#7811);
#7811 = CARTESIAN_POINT('',(156.75,-101.,0.));
#7812 = LINE('',#7813,#7814);
#7813 = CARTESIAN_POINT('',(156.75,-101.,0.));
#7814 = VECTOR('',#7815,1.);
#7815 = DIRECTION('',(0.,0.,-1.));
#7816 = ORIENTED_EDGE('',*,*,#7817,.F.);
#7817 = EDGE_CURVE('',#7778,#7810,#7818,.T.);
#7818 = LINE('',#7819,#7820);
#7819 = CARTESIAN_POINT('',(156.75,-97.,0.));
#7820 = VECTOR('',#7821,1.);
#7821 = DIRECTION('',(0.,-1.,0.));
#7822 = PLANE('',#7823);
#7823 = AXIS2_PLACEMENT_3D('',#7824,#7825,#7826);
#7824 = CARTESIAN_POINT('',(156.75,-97.,0.));
#7825 = DIRECTION('',(-1.,-0.,-0.));
#7826 = DIRECTION('',(0.,-1.,0.));
#7827 = ADVANCED_FACE('',(#7828),#7855,.T.);
#7828 = FACE_BOUND('',#7829,.F.);
#7829 = EDGE_LOOP('',(#7830,#7831,#7840,#7848));
#7830 = ORIENTED_EDGE('',*,*,#7809,.T.);
#7831 = ORIENTED_EDGE('',*,*,#7832,.T.);
#7832 = EDGE_CURVE('',#7802,#7833,#7835,.T.);
#7833 = VERTEX_POINT('',#7834);
#7834 = CARTESIAN_POINT('',(156.53033,-101.53033,-3.5E-02));
#7835 = CIRCLE('',#7836,0.749991987648);
#7836 = AXIS2_PLACEMENT_3D('',#7837,#7838,#7839);
#7837 = CARTESIAN_POINT('',(156.00000801235,-101.000003147,-3.5E-02));
#7838 = DIRECTION('',(0.,0.,-1.));
#7839 = DIRECTION('',(0.999999999991,4.196110900005E-06,0.));
#7840 = ORIENTED_EDGE('',*,*,#7841,.F.);
#7841 = EDGE_CURVE('',#7842,#7833,#7844,.T.);
#7842 = VERTEX_POINT('',#7843);
#7843 = CARTESIAN_POINT('',(156.53033,-101.53033,0.));
#7844 = LINE('',#7845,#7846);
#7845 = CARTESIAN_POINT('',(156.53033,-101.53033,0.));
#7846 = VECTOR('',#7847,1.);
#7847 = DIRECTION('',(0.,0.,-1.));
#7848 = ORIENTED_EDGE('',*,*,#7849,.F.);
#7849 = EDGE_CURVE('',#7810,#7842,#7850,.T.);
#7850 = CIRCLE('',#7851,0.749991987648);
#7851 = AXIS2_PLACEMENT_3D('',#7852,#7853,#7854);
#7852 = CARTESIAN_POINT('',(156.00000801235,-101.000003147,0.));
#7853 = DIRECTION('',(0.,0.,-1.));
#7854 = DIRECTION('',(0.999999999991,4.196110900005E-06,0.));
#7855 = CYLINDRICAL_SURFACE('',#7856,0.749991987648);
#7856 = AXIS2_PLACEMENT_3D('',#7857,#7858,#7859);
#7857 = CARTESIAN_POINT('',(156.00000801235,-101.000003147,0.));
#7858 = DIRECTION('',(-0.,-0.,1.));
#7859 = DIRECTION('',(0.999999999991,4.196110900005E-06,0.));
#7860 = ADVANCED_FACE('',(#7861),#7886,.F.);
#7861 = FACE_BOUND('',#7862,.F.);
#7862 = EDGE_LOOP('',(#7863,#7864,#7872,#7880));
#7863 = ORIENTED_EDGE('',*,*,#7841,.T.);
#7864 = ORIENTED_EDGE('',*,*,#7865,.T.);
#7865 = EDGE_CURVE('',#7833,#7866,#7868,.T.);
#7866 = VERTEX_POINT('',#7867);
#7867 = CARTESIAN_POINT('',(155.53033,-102.53033,-3.5E-02));
#7868 = LINE('',#7869,#7870);
#7869 = CARTESIAN_POINT('',(156.53033,-101.53033,-3.5E-02));
#7870 = VECTOR('',#7871,1.);
#7871 = DIRECTION('',(-0.707106781187,-0.707106781187,0.));
#7872 = ORIENTED_EDGE('',*,*,#7873,.F.);
#7873 = EDGE_CURVE('',#7874,#7866,#7876,.T.);
#7874 = VERTEX_POINT('',#7875);
#7875 = CARTESIAN_POINT('',(155.53033,-102.53033,0.));
#7876 = LINE('',#7877,#7878);
#7877 = CARTESIAN_POINT('',(155.53033,-102.53033,0.));
#7878 = VECTOR('',#7879,1.);
#7879 = DIRECTION('',(0.,0.,-1.));
#7880 = ORIENTED_EDGE('',*,*,#7881,.F.);
#7881 = EDGE_CURVE('',#7842,#7874,#7882,.T.);
#7882 = LINE('',#7883,#7884);
#7883 = CARTESIAN_POINT('',(156.53033,-101.53033,0.));
#7884 = VECTOR('',#7885,1.);
#7885 = DIRECTION('',(-0.707106781187,-0.707106781187,0.));
#7886 = PLANE('',#7887);
#7887 = AXIS2_PLACEMENT_3D('',#7888,#7889,#7890);
#7888 = CARTESIAN_POINT('',(156.53033,-101.53033,0.));
#7889 = DIRECTION('',(-0.707106781187,0.707106781187,0.));
#7890 = DIRECTION('',(-0.707106781187,-0.707106781187,0.));
#7891 = ADVANCED_FACE('',(#7892),#7919,.T.);
#7892 = FACE_BOUND('',#7893,.F.);
#7893 = EDGE_LOOP('',(#7894,#7895,#7904,#7912));
#7894 = ORIENTED_EDGE('',*,*,#7873,.T.);
#7895 = ORIENTED_EDGE('',*,*,#7896,.T.);
#7896 = EDGE_CURVE('',#7866,#7897,#7899,.T.);
#7897 = VERTEX_POINT('',#7898);
#7898 = CARTESIAN_POINT('',(155.,-102.75,-3.5E-02));
#7899 = CIRCLE('',#7900,0.749995627143);
#7900 = AXIS2_PLACEMENT_3D('',#7901,#7902,#7903);
#7901 = CARTESIAN_POINT('',(155.00000163951,-102.0000043728,-3.5E-02));
#7902 = DIRECTION('',(0.,0.,-1.));
#7903 = DIRECTION('',(0.707108603421,-0.707104958947,0.));
#7904 = ORIENTED_EDGE('',*,*,#7905,.F.);
#7905 = EDGE_CURVE('',#7906,#7897,#7908,.T.);
#7906 = VERTEX_POINT('',#7907);
#7907 = CARTESIAN_POINT('',(155.,-102.75,0.));
#7908 = LINE('',#7909,#7910);
#7909 = CARTESIAN_POINT('',(155.,-102.75,0.));
#7910 = VECTOR('',#7911,1.);
#7911 = DIRECTION('',(0.,0.,-1.));
#7912 = ORIENTED_EDGE('',*,*,#7913,.F.);
#7913 = EDGE_CURVE('',#7874,#7906,#7914,.T.);
#7914 = CIRCLE('',#7915,0.749995627143);
#7915 = AXIS2_PLACEMENT_3D('',#7916,#7917,#7918);
#7916 = CARTESIAN_POINT('',(155.00000163951,-102.0000043728,0.));
#7917 = DIRECTION('',(0.,0.,-1.));
#7918 = DIRECTION('',(0.707108603421,-0.707104958947,0.));
#7919 = CYLINDRICAL_SURFACE('',#7920,0.749995627143);
#7920 = AXIS2_PLACEMENT_3D('',#7921,#7922,#7923);
#7921 = CARTESIAN_POINT('',(155.00000163951,-102.0000043728,0.));
#7922 = DIRECTION('',(-0.,-0.,1.));
#7923 = DIRECTION('',(0.707108603421,-0.707104958947,0.));
#7924 = ADVANCED_FACE('',(#7925),#7950,.F.);
#7925 = FACE_BOUND('',#7926,.F.);
#7926 = EDGE_LOOP('',(#7927,#7928,#7936,#7944));
#7927 = ORIENTED_EDGE('',*,*,#7905,.T.);
#7928 = ORIENTED_EDGE('',*,*,#7929,.T.);
#7929 = EDGE_CURVE('',#7897,#7930,#7932,.T.);
#7930 = VERTEX_POINT('',#7931);
#7931 = CARTESIAN_POINT('',(149.,-102.75,-3.5E-02));
#7932 = LINE('',#7933,#7934);
#7933 = CARTESIAN_POINT('',(155.,-102.75,-3.5E-02));
#7934 = VECTOR('',#7935,1.);
#7935 = DIRECTION('',(-1.,0.,0.));
#7936 = ORIENTED_EDGE('',*,*,#7937,.F.);
#7937 = EDGE_CURVE('',#7938,#7930,#7940,.T.);
#7938 = VERTEX_POINT('',#7939);
#7939 = CARTESIAN_POINT('',(149.,-102.75,0.));
#7940 = LINE('',#7941,#7942);
#7941 = CARTESIAN_POINT('',(149.,-102.75,0.));
#7942 = VECTOR('',#7943,1.);
#7943 = DIRECTION('',(0.,0.,-1.));
#7944 = ORIENTED_EDGE('',*,*,#7945,.F.);
#7945 = EDGE_CURVE('',#7906,#7938,#7946,.T.);
#7946 = LINE('',#7947,#7948);
#7947 = CARTESIAN_POINT('',(155.,-102.75,0.));
#7948 = VECTOR('',#7949,1.);
#7949 = DIRECTION('',(-1.,0.,0.));
#7950 = PLANE('',#7951);
#7951 = AXIS2_PLACEMENT_3D('',#7952,#7953,#7954);
#7952 = CARTESIAN_POINT('',(155.,-102.75,0.));
#7953 = DIRECTION('',(0.,1.,0.));
#7954 = DIRECTION('',(-1.,0.,0.));
#7955 = ADVANCED_FACE('',(#7956),#7983,.T.);
#7956 = FACE_BOUND('',#7957,.F.);
#7957 = EDGE_LOOP('',(#7958,#7959,#7968,#7976));
#7958 = ORIENTED_EDGE('',*,*,#7937,.T.);
#7959 = ORIENTED_EDGE('',*,*,#7960,.T.);
#7960 = EDGE_CURVE('',#7930,#7961,#7963,.T.);
#7961 = VERTEX_POINT('',#7962);
#7962 = CARTESIAN_POINT('',(148.46967,-102.53033,-3.5E-02));
#7963 = CIRCLE('',#7964,0.750000625215);
#7964 = AXIS2_PLACEMENT_3D('',#7965,#7966,#7967);
#7965 = CARTESIAN_POINT('',(149.00000043075,-101.9999993747,-3.5E-02));
#7966 = DIRECTION('',(0.,0.,-1.));
#7967 = DIRECTION('',(-5.743359135933E-07,-1.,-0.));
#7968 = ORIENTED_EDGE('',*,*,#7969,.F.);
#7969 = EDGE_CURVE('',#7970,#7961,#7972,.T.);
#7970 = VERTEX_POINT('',#7971);
#7971 = CARTESIAN_POINT('',(148.46967,-102.53033,0.));
#7972 = LINE('',#7973,#7974);
#7973 = CARTESIAN_POINT('',(148.46967,-102.53033,0.));
#7974 = VECTOR('',#7975,1.);
#7975 = DIRECTION('',(0.,0.,-1.));
#7976 = ORIENTED_EDGE('',*,*,#7977,.F.);
#7977 = EDGE_CURVE('',#7938,#7970,#7978,.T.);
#7978 = CIRCLE('',#7979,0.750000625215);
#7979 = AXIS2_PLACEMENT_3D('',#7980,#7981,#7982);
#7980 = CARTESIAN_POINT('',(149.00000043075,-101.9999993747,0.));
#7981 = DIRECTION('',(0.,0.,-1.));
#7982 = DIRECTION('',(-5.743359135933E-07,-1.,-0.));
#7983 = CYLINDRICAL_SURFACE('',#7984,0.750000625215);
#7984 = AXIS2_PLACEMENT_3D('',#7985,#7986,#7987);
#7985 = CARTESIAN_POINT('',(149.00000043075,-101.9999993747,0.));
#7986 = DIRECTION('',(-0.,-0.,1.));
#7987 = DIRECTION('',(-5.743359135933E-07,-1.,-0.));
#7988 = ADVANCED_FACE('',(#7989),#8014,.F.);
#7989 = FACE_BOUND('',#7990,.F.);
#7990 = EDGE_LOOP('',(#7991,#7992,#8000,#8008));
#7991 = ORIENTED_EDGE('',*,*,#7969,.T.);
#7992 = ORIENTED_EDGE('',*,*,#7993,.T.);
#7993 = EDGE_CURVE('',#7961,#7994,#7996,.T.);
#7994 = VERTEX_POINT('',#7995);
#7995 = CARTESIAN_POINT('',(147.77967,-101.84033,-3.5E-02));
#7996 = LINE('',#7997,#7998);
#7997 = CARTESIAN_POINT('',(148.46967,-102.53033,-3.5E-02));
#7998 = VECTOR('',#7999,1.);
#7999 = DIRECTION('',(-0.707106781187,0.707106781187,0.));
#8000 = ORIENTED_EDGE('',*,*,#8001,.F.);
#8001 = EDGE_CURVE('',#8002,#7994,#8004,.T.);
#8002 = VERTEX_POINT('',#8003);
#8003 = CARTESIAN_POINT('',(147.77967,-101.84033,0.));
#8004 = LINE('',#8005,#8006);
#8005 = CARTESIAN_POINT('',(147.77967,-101.84033,0.));
#8006 = VECTOR('',#8007,1.);
#8007 = DIRECTION('',(0.,0.,-1.));
#8008 = ORIENTED_EDGE('',*,*,#8009,.F.);
#8009 = EDGE_CURVE('',#7970,#8002,#8010,.T.);
#8010 = LINE('',#8011,#8012);
#8011 = CARTESIAN_POINT('',(148.46967,-102.53033,0.));
#8012 = VECTOR('',#8013,1.);
#8013 = DIRECTION('',(-0.707106781187,0.707106781187,0.));
#8014 = PLANE('',#8015);
#8015 = AXIS2_PLACEMENT_3D('',#8016,#8017,#8018);
#8016 = CARTESIAN_POINT('',(148.46967,-102.53033,0.));
#8017 = DIRECTION('',(0.707106781187,0.707106781187,0.));
#8018 = DIRECTION('',(-0.707106781187,0.707106781187,0.));
#8019 = ADVANCED_FACE('',(#8020),#8047,.T.);
#8020 = FACE_BOUND('',#8021,.F.);
#8021 = EDGE_LOOP('',(#8022,#8023,#8032,#8040));
#8022 = ORIENTED_EDGE('',*,*,#8001,.T.);
#8023 = ORIENTED_EDGE('',*,*,#8024,.T.);
#8024 = EDGE_CURVE('',#7994,#8025,#8027,.T.);
#8025 = VERTEX_POINT('',#8026);
#8026 = CARTESIAN_POINT('',(147.56,-101.31,-3.5E-02));
#8027 = CIRCLE('',#8028,0.749995627143);
#8028 = AXIS2_PLACEMENT_3D('',#8029,#8030,#8031);
#8029 = CARTESIAN_POINT('',(148.30999562714,-101.3100016395,-3.5E-02));
#8030 = DIRECTION('',(0.,0.,-1.));
#8031 = DIRECTION('',(-0.707104958947,-0.707108603422,-0.));
#8032 = ORIENTED_EDGE('',*,*,#8033,.F.);
#8033 = EDGE_CURVE('',#8034,#8025,#8036,.T.);
#8034 = VERTEX_POINT('',#8035);
#8035 = CARTESIAN_POINT('',(147.56,-101.31,0.));
#8036 = LINE('',#8037,#8038);
#8037 = CARTESIAN_POINT('',(147.56,-101.31,0.));
#8038 = VECTOR('',#8039,1.);
#8039 = DIRECTION('',(0.,0.,-1.));
#8040 = ORIENTED_EDGE('',*,*,#8041,.F.);
#8041 = EDGE_CURVE('',#8002,#8034,#8042,.T.);
#8042 = CIRCLE('',#8043,0.749995627143);
#8043 = AXIS2_PLACEMENT_3D('',#8044,#8045,#8046);
#8044 = CARTESIAN_POINT('',(148.30999562714,-101.3100016395,0.));
#8045 = DIRECTION('',(0.,0.,-1.));
#8046 = DIRECTION('',(-0.707104958947,-0.707108603422,-0.));
#8047 = CYLINDRICAL_SURFACE('',#8048,0.749995627143);
#8048 = AXIS2_PLACEMENT_3D('',#8049,#8050,#8051);
#8049 = CARTESIAN_POINT('',(148.30999562714,-101.3100016395,0.));
#8050 = DIRECTION('',(-0.,-0.,1.));
#8051 = DIRECTION('',(-0.707104958947,-0.707108603422,-0.));
#8052 = ADVANCED_FACE('',(#8053),#8078,.F.);
#8053 = FACE_BOUND('',#8054,.F.);
#8054 = EDGE_LOOP('',(#8055,#8056,#8064,#8072));
#8055 = ORIENTED_EDGE('',*,*,#8033,.T.);
#8056 = ORIENTED_EDGE('',*,*,#8057,.T.);
#8057 = EDGE_CURVE('',#8025,#8058,#8060,.T.);
#8058 = VERTEX_POINT('',#8059);
#8059 = CARTESIAN_POINT('',(147.56,-99.,-3.5E-02));
#8060 = LINE('',#8061,#8062);
#8061 = CARTESIAN_POINT('',(147.56,-101.31,-3.5E-02));
#8062 = VECTOR('',#8063,1.);
#8063 = DIRECTION('',(0.,1.,0.));
#8064 = ORIENTED_EDGE('',*,*,#8065,.F.);
#8065 = EDGE_CURVE('',#8066,#8058,#8068,.T.);
#8066 = VERTEX_POINT('',#8067);
#8067 = CARTESIAN_POINT('',(147.56,-99.,0.));
#8068 = LINE('',#8069,#8070);
#8069 = CARTESIAN_POINT('',(147.56,-99.,0.));
#8070 = VECTOR('',#8071,1.);
#8071 = DIRECTION('',(0.,0.,-1.));
#8072 = ORIENTED_EDGE('',*,*,#8073,.F.);
#8073 = EDGE_CURVE('',#8034,#8066,#8074,.T.);
#8074 = LINE('',#8075,#8076);
#8075 = CARTESIAN_POINT('',(147.56,-101.31,0.));
#8076 = VECTOR('',#8077,1.);
#8077 = DIRECTION('',(0.,1.,0.));
#8078 = PLANE('',#8079);
#8079 = AXIS2_PLACEMENT_3D('',#8080,#8081,#8082);
#8080 = CARTESIAN_POINT('',(147.56,-101.31,0.));
#8081 = DIRECTION('',(1.,-0.,0.));
#8082 = DIRECTION('',(0.,1.,0.));
#8083 = ADVANCED_FACE('',(#8084),#8111,.T.);
#8084 = FACE_BOUND('',#8085,.F.);
#8085 = EDGE_LOOP('',(#8086,#8087,#8096,#8104));
#8086 = ORIENTED_EDGE('',*,*,#8065,.T.);
#8087 = ORIENTED_EDGE('',*,*,#8088,.T.);
#8088 = EDGE_CURVE('',#8058,#8089,#8091,.T.);
#8089 = VERTEX_POINT('',#8090);
#8090 = CARTESIAN_POINT('',(149.06,-99.,-3.5E-02));
#8091 = CIRCLE('',#8092,0.75);
#8092 = AXIS2_PLACEMENT_3D('',#8093,#8094,#8095);
#8093 = CARTESIAN_POINT('',(148.31,-98.99999953074,-3.5E-02));
#8094 = DIRECTION('',(0.,0.,-1.));
#8095 = DIRECTION('',(-1.,-6.256701681194E-07,-0.));
#8096 = ORIENTED_EDGE('',*,*,#8097,.F.);
#8097 = EDGE_CURVE('',#8098,#8089,#8100,.T.);
#8098 = VERTEX_POINT('',#8099);
#8099 = CARTESIAN_POINT('',(149.06,-99.,0.));
#8100 = LINE('',#8101,#8102);
#8101 = CARTESIAN_POINT('',(149.06,-99.,0.));
#8102 = VECTOR('',#8103,1.);
#8103 = DIRECTION('',(0.,0.,-1.));
#8104 = ORIENTED_EDGE('',*,*,#8105,.F.);
#8105 = EDGE_CURVE('',#8066,#8098,#8106,.T.);
#8106 = CIRCLE('',#8107,0.75);
#8107 = AXIS2_PLACEMENT_3D('',#8108,#8109,#8110);
#8108 = CARTESIAN_POINT('',(148.31,-98.99999953074,0.));
#8109 = DIRECTION('',(0.,0.,-1.));
#8110 = DIRECTION('',(-1.,-6.256701681194E-07,-0.));
#8111 = CYLINDRICAL_SURFACE('',#8112,0.75);
#8112 = AXIS2_PLACEMENT_3D('',#8113,#8114,#8115);
#8113 = CARTESIAN_POINT('',(148.31,-98.99999953074,0.));
#8114 = DIRECTION('',(-0.,-0.,1.));
#8115 = DIRECTION('',(-1.,-6.256701681194E-07,-0.));
#8116 = ADVANCED_FACE('',(#8117),#8142,.F.);
#8117 = FACE_BOUND('',#8118,.F.);
#8118 = EDGE_LOOP('',(#8119,#8120,#8128,#8136));
#8119 = ORIENTED_EDGE('',*,*,#8097,.T.);
#8120 = ORIENTED_EDGE('',*,*,#8121,.T.);
#8121 = EDGE_CURVE('',#8089,#8122,#8124,.T.);
#8122 = VERTEX_POINT('',#8123);
#8123 = CARTESIAN_POINT('',(149.06,-100.99934,-3.5E-02));
#8124 = LINE('',#8125,#8126);
#8125 = CARTESIAN_POINT('',(149.06,-99.,-3.5E-02));
#8126 = VECTOR('',#8127,1.);
#8127 = DIRECTION('',(0.,-1.,0.));
#8128 = ORIENTED_EDGE('',*,*,#8129,.F.);
#8129 = EDGE_CURVE('',#8130,#8122,#8132,.T.);
#8130 = VERTEX_POINT('',#8131);
#8131 = CARTESIAN_POINT('',(149.06,-100.99934,0.));
#8132 = LINE('',#8133,#8134);
#8133 = CARTESIAN_POINT('',(149.06,-100.99934,0.));
#8134 = VECTOR('',#8135,1.);
#8135 = DIRECTION('',(0.,0.,-1.));
#8136 = ORIENTED_EDGE('',*,*,#8137,.F.);
#8137 = EDGE_CURVE('',#8098,#8130,#8138,.T.);
#8138 = LINE('',#8139,#8140);
#8139 = CARTESIAN_POINT('',(149.06,-99.,0.));
#8140 = VECTOR('',#8141,1.);
#8141 = DIRECTION('',(0.,-1.,0.));
#8142 = PLANE('',#8143);
#8143 = AXIS2_PLACEMENT_3D('',#8144,#8145,#8146);
#8144 = CARTESIAN_POINT('',(149.06,-99.,0.));
#8145 = DIRECTION('',(-1.,-0.,-0.));
#8146 = DIRECTION('',(0.,-1.,0.));
#8147 = ADVANCED_FACE('',(#8148),#8173,.F.);
#8148 = FACE_BOUND('',#8149,.F.);
#8149 = EDGE_LOOP('',(#8150,#8151,#8159,#8167));
#8150 = ORIENTED_EDGE('',*,*,#8129,.T.);
#8151 = ORIENTED_EDGE('',*,*,#8152,.T.);
#8152 = EDGE_CURVE('',#8122,#8153,#8155,.T.);
#8153 = VERTEX_POINT('',#8154);
#8154 = CARTESIAN_POINT('',(149.31066,-101.25,-3.5E-02));
#8155 = LINE('',#8156,#8157);
#8156 = CARTESIAN_POINT('',(149.06,-100.99934,-3.5E-02));
#8157 = VECTOR('',#8158,1.);
#8158 = DIRECTION('',(0.707106781187,-0.707106781187,0.));
#8159 = ORIENTED_EDGE('',*,*,#8160,.F.);
#8160 = EDGE_CURVE('',#8161,#8153,#8163,.T.);
#8161 = VERTEX_POINT('',#8162);
#8162 = CARTESIAN_POINT('',(149.31066,-101.25,0.));
#8163 = LINE('',#8164,#8165);
#8164 = CARTESIAN_POINT('',(149.31066,-101.25,0.));
#8165 = VECTOR('',#8166,1.);
#8166 = DIRECTION('',(0.,0.,-1.));
#8167 = ORIENTED_EDGE('',*,*,#8168,.F.);
#8168 = EDGE_CURVE('',#8130,#8161,#8169,.T.);
#8169 = LINE('',#8170,#8171);
#8170 = CARTESIAN_POINT('',(149.06,-100.99934,0.));
#8171 = VECTOR('',#8172,1.);
#8172 = DIRECTION('',(0.707106781187,-0.707106781187,0.));
#8173 = PLANE('',#8174);
#8174 = AXIS2_PLACEMENT_3D('',#8175,#8176,#8177);
#8175 = CARTESIAN_POINT('',(149.06,-100.99934,0.));
#8176 = DIRECTION('',(-0.707106781187,-0.707106781187,-0.));
#8177 = DIRECTION('',(0.707106781187,-0.707106781187,0.));
#8178 = ADVANCED_FACE('',(#8179),#8204,.F.);
#8179 = FACE_BOUND('',#8180,.F.);
#8180 = EDGE_LOOP('',(#8181,#8182,#8190,#8198));
#8181 = ORIENTED_EDGE('',*,*,#8160,.T.);
#8182 = ORIENTED_EDGE('',*,*,#8183,.T.);
#8183 = EDGE_CURVE('',#8153,#8184,#8186,.T.);
#8184 = VERTEX_POINT('',#8185);
#8185 = CARTESIAN_POINT('',(154.68934,-101.25,-3.5E-02));
#8186 = LINE('',#8187,#8188);
#8187 = CARTESIAN_POINT('',(149.31066,-101.25,-3.5E-02));
#8188 = VECTOR('',#8189,1.);
#8189 = DIRECTION('',(1.,0.,0.));
#8190 = ORIENTED_EDGE('',*,*,#8191,.F.);
#8191 = EDGE_CURVE('',#8192,#8184,#8194,.T.);
#8192 = VERTEX_POINT('',#8193);
#8193 = CARTESIAN_POINT('',(154.68934,-101.25,0.));
#8194 = LINE('',#8195,#8196);
#8195 = CARTESIAN_POINT('',(154.68934,-101.25,0.));
#8196 = VECTOR('',#8197,1.);
#8197 = DIRECTION('',(0.,0.,-1.));
#8198 = ORIENTED_EDGE('',*,*,#8199,.F.);
#8199 = EDGE_CURVE('',#8161,#8192,#8200,.T.);
#8200 = LINE('',#8201,#8202);
#8201 = CARTESIAN_POINT('',(149.31066,-101.25,0.));
#8202 = VECTOR('',#8203,1.);
#8203 = DIRECTION('',(1.,0.,0.));
#8204 = PLANE('',#8205);
#8205 = AXIS2_PLACEMENT_3D('',#8206,#8207,#8208);
#8206 = CARTESIAN_POINT('',(149.31066,-101.25,0.));
#8207 = DIRECTION('',(0.,-1.,0.));
#8208 = DIRECTION('',(1.,0.,0.));
#8209 = ADVANCED_FACE('',(#8210),#8235,.F.);
#8210 = FACE_BOUND('',#8211,.F.);
#8211 = EDGE_LOOP('',(#8212,#8213,#8221,#8229));
#8212 = ORIENTED_EDGE('',*,*,#8191,.T.);
#8213 = ORIENTED_EDGE('',*,*,#8214,.T.);
#8214 = EDGE_CURVE('',#8184,#8215,#8217,.T.);
#8215 = VERTEX_POINT('',#8216);
#8216 = CARTESIAN_POINT('',(155.25,-100.68934,-3.5E-02));
#8217 = LINE('',#8218,#8219);
#8218 = CARTESIAN_POINT('',(154.68934,-101.25,-3.5E-02));
#8219 = VECTOR('',#8220,1.);
#8220 = DIRECTION('',(0.707106781187,0.707106781187,0.));
#8221 = ORIENTED_EDGE('',*,*,#8222,.F.);
#8222 = EDGE_CURVE('',#8223,#8215,#8225,.T.);
#8223 = VERTEX_POINT('',#8224);
#8224 = CARTESIAN_POINT('',(155.25,-100.68934,0.));
#8225 = LINE('',#8226,#8227);
#8226 = CARTESIAN_POINT('',(155.25,-100.68934,0.));
#8227 = VECTOR('',#8228,1.);
#8228 = DIRECTION('',(0.,0.,-1.));
#8229 = ORIENTED_EDGE('',*,*,#8230,.F.);
#8230 = EDGE_CURVE('',#8192,#8223,#8231,.T.);
#8231 = LINE('',#8232,#8233);
#8232 = CARTESIAN_POINT('',(154.68934,-101.25,0.));
#8233 = VECTOR('',#8234,1.);
#8234 = DIRECTION('',(0.707106781187,0.707106781187,0.));
#8235 = PLANE('',#8236);
#8236 = AXIS2_PLACEMENT_3D('',#8237,#8238,#8239);
#8237 = CARTESIAN_POINT('',(154.68934,-101.25,0.));
#8238 = DIRECTION('',(0.707106781187,-0.707106781187,0.));
#8239 = DIRECTION('',(0.707106781187,0.707106781187,0.));
#8240 = ADVANCED_FACE('',(#8241),#8266,.F.);
#8241 = FACE_BOUND('',#8242,.F.);
#8242 = EDGE_LOOP('',(#8243,#8244,#8252,#8260));
#8243 = ORIENTED_EDGE('',*,*,#8222,.T.);
#8244 = ORIENTED_EDGE('',*,*,#8245,.T.);
#8245 = EDGE_CURVE('',#8215,#8246,#8248,.T.);
#8246 = VERTEX_POINT('',#8247);
#8247 = CARTESIAN_POINT('',(155.25,-97.31066,-3.5E-02));
#8248 = LINE('',#8249,#8250);
#8249 = CARTESIAN_POINT('',(155.25,-100.68934,-3.5E-02));
#8250 = VECTOR('',#8251,1.);
#8251 = DIRECTION('',(0.,1.,0.));
#8252 = ORIENTED_EDGE('',*,*,#8253,.F.);
#8253 = EDGE_CURVE('',#8254,#8246,#8256,.T.);
#8254 = VERTEX_POINT('',#8255);
#8255 = CARTESIAN_POINT('',(155.25,-97.31066,0.));
#8256 = LINE('',#8257,#8258);
#8257 = CARTESIAN_POINT('',(155.25,-97.31066,0.));
#8258 = VECTOR('',#8259,1.);
#8259 = DIRECTION('',(0.,0.,-1.));
#8260 = ORIENTED_EDGE('',*,*,#8261,.F.);
#8261 = EDGE_CURVE('',#8223,#8254,#8262,.T.);
#8262 = LINE('',#8263,#8264);
#8263 = CARTESIAN_POINT('',(155.25,-100.68934,0.));
#8264 = VECTOR('',#8265,1.);
#8265 = DIRECTION('',(0.,1.,0.));
#8266 = PLANE('',#8267);
#8267 = AXIS2_PLACEMENT_3D('',#8268,#8269,#8270);
#8268 = CARTESIAN_POINT('',(155.25,-100.68934,0.));
#8269 = DIRECTION('',(1.,-0.,0.));
#8270 = DIRECTION('',(0.,1.,0.));
#8271 = ADVANCED_FACE('',(#8272),#8297,.F.);
#8272 = FACE_BOUND('',#8273,.F.);
#8273 = EDGE_LOOP('',(#8274,#8275,#8283,#8291));
#8274 = ORIENTED_EDGE('',*,*,#8253,.T.);
#8275 = ORIENTED_EDGE('',*,*,#8276,.T.);
#8276 = EDGE_CURVE('',#8246,#8277,#8279,.T.);
#8277 = VERTEX_POINT('',#8278);
#8278 = CARTESIAN_POINT('',(154.47681,-96.53747,-3.5E-02));
#8279 = LINE('',#8280,#8281);
#8280 = CARTESIAN_POINT('',(155.25,-97.31066,-3.5E-02));
#8281 = VECTOR('',#8282,1.);
#8282 = DIRECTION('',(-0.707106781187,0.707106781187,0.));
#8283 = ORIENTED_EDGE('',*,*,#8284,.F.);
#8284 = EDGE_CURVE('',#8285,#8277,#8287,.T.);
#8285 = VERTEX_POINT('',#8286);
#8286 = CARTESIAN_POINT('',(154.47681,-96.53747,0.));
#8287 = LINE('',#8288,#8289);
#8288 = CARTESIAN_POINT('',(154.47681,-96.53747,0.));
#8289 = VECTOR('',#8290,1.);
#8290 = DIRECTION('',(0.,0.,-1.));
#8291 = ORIENTED_EDGE('',*,*,#8292,.F.);
#8292 = EDGE_CURVE('',#8254,#8285,#8293,.T.);
#8293 = LINE('',#8294,#8295);
#8294 = CARTESIAN_POINT('',(155.25,-97.31066,0.));
#8295 = VECTOR('',#8296,1.);
#8296 = DIRECTION('',(-0.707106781187,0.707106781187,0.));
#8297 = PLANE('',#8298);
#8298 = AXIS2_PLACEMENT_3D('',#8299,#8300,#8301);
#8299 = CARTESIAN_POINT('',(155.25,-97.31066,0.));
#8300 = DIRECTION('',(0.707106781187,0.707106781187,0.));
#8301 = DIRECTION('',(-0.707106781187,0.707106781187,0.));
#8302 = ADVANCED_FACE('',(#8303),#8319,.F.);
#8303 = FACE_BOUND('',#8304,.F.);
#8304 = EDGE_LOOP('',(#8305,#8306,#8312,#8313));
#8305 = ORIENTED_EDGE('',*,*,#8284,.T.);
#8306 = ORIENTED_EDGE('',*,*,#8307,.T.);
#8307 = EDGE_CURVE('',#8277,#7633,#8308,.T.);
#8308 = LINE('',#8309,#8310);
#8309 = CARTESIAN_POINT('',(154.47681,-96.53747,-3.5E-02));
#8310 = VECTOR('',#8311,1.);
#8311 = DIRECTION('',(-1.,0.,0.));
#8312 = ORIENTED_EDGE('',*,*,#7630,.F.);
#8313 = ORIENTED_EDGE('',*,*,#8314,.F.);
#8314 = EDGE_CURVE('',#8285,#7631,#8315,.T.);
#8315 = LINE('',#8316,#8317);
#8316 = CARTESIAN_POINT('',(154.47681,-96.53747,0.));
#8317 = VECTOR('',#8318,1.);
#8318 = DIRECTION('',(-1.,0.,0.));
#8319 = PLANE('',#8320);
#8320 = AXIS2_PLACEMENT_3D('',#8321,#8322,#8323);
#8321 = CARTESIAN_POINT('',(154.47681,-96.53747,0.));
#8322 = DIRECTION('',(0.,1.,0.));
#8323 = DIRECTION('',(-1.,0.,0.));
#8324 = ADVANCED_FACE('',(#8325),#8352,.F.);
#8325 = FACE_BOUND('',#8326,.F.);
#8326 = EDGE_LOOP('',(#8327,#8337,#8344,#8345));
#8327 = ORIENTED_EDGE('',*,*,#8328,.T.);
#8328 = EDGE_CURVE('',#8329,#8331,#8333,.T.);
#8329 = VERTEX_POINT('',#8330);
#8330 = CARTESIAN_POINT('',(148.81,-99.,0.));
#8331 = VERTEX_POINT('',#8332);
#8332 = CARTESIAN_POINT('',(148.81,-99.,-3.5E-02));
#8333 = LINE('',#8334,#8335);
#8334 = CARTESIAN_POINT('',(148.81,-99.,0.));
#8335 = VECTOR('',#8336,1.);
#8336 = DIRECTION('',(0.,0.,-1.));
#8337 = ORIENTED_EDGE('',*,*,#8338,.T.);
#8338 = EDGE_CURVE('',#8331,#8331,#8339,.T.);
#8339 = CIRCLE('',#8340,0.5);
#8340 = AXIS2_PLACEMENT_3D('',#8341,#8342,#8343);
#8341 = CARTESIAN_POINT('',(148.31,-99.,-3.5E-02));
#8342 = DIRECTION('',(0.,0.,1.));
#8343 = DIRECTION('',(1.,0.,-0.));
#8344 = ORIENTED_EDGE('',*,*,#8328,.F.);
#8345 = ORIENTED_EDGE('',*,*,#8346,.F.);
#8346 = EDGE_CURVE('',#8329,#8329,#8347,.T.);
#8347 = CIRCLE('',#8348,0.5);
#8348 = AXIS2_PLACEMENT_3D('',#8349,#8350,#8351);
#8349 = CARTESIAN_POINT('',(148.31,-99.,0.));
#8350 = DIRECTION('',(0.,0.,1.));
#8351 = DIRECTION('',(1.,0.,-0.));
#8352 = CYLINDRICAL_SURFACE('',#8353,0.5);
#8353 = AXIS2_PLACEMENT_3D('',#8354,#8355,#8356);
#8354 = CARTESIAN_POINT('',(148.31,-99.,0.));
#8355 = DIRECTION('',(0.,0.,1.));
#8356 = DIRECTION('',(1.,0.,-0.));
#8357 = ADVANCED_FACE('',(#8358),#8385,.F.);
#8358 = FACE_BOUND('',#8359,.F.);
#8359 = EDGE_LOOP('',(#8360,#8370,#8377,#8378));
#8360 = ORIENTED_EDGE('',*,*,#8361,.T.);
#8361 = EDGE_CURVE('',#8362,#8364,#8366,.T.);
#8362 = VERTEX_POINT('',#8363);
#8363 = CARTESIAN_POINT('',(153.84567,-95.78747,0.));
#8364 = VERTEX_POINT('',#8365);
#8365 = CARTESIAN_POINT('',(153.84567,-95.78747,-3.5E-02));
#8366 = LINE('',#8367,#8368);
#8367 = CARTESIAN_POINT('',(153.84567,-95.78747,0.));
#8368 = VECTOR('',#8369,1.);
#8369 = DIRECTION('',(0.,0.,-1.));
#8370 = ORIENTED_EDGE('',*,*,#8371,.T.);
#8371 = EDGE_CURVE('',#8364,#8364,#8372,.T.);
#8372 = CIRCLE('',#8373,0.5);
#8373 = AXIS2_PLACEMENT_3D('',#8374,#8375,#8376);
#8374 = CARTESIAN_POINT('',(153.34567,-95.78747,-3.5E-02));
#8375 = DIRECTION('',(0.,0.,1.));
#8376 = DIRECTION('',(1.,0.,-0.));
#8377 = ORIENTED_EDGE('',*,*,#8361,.F.);
#8378 = ORIENTED_EDGE('',*,*,#8379,.F.);
#8379 = EDGE_CURVE('',#8362,#8362,#8380,.T.);
#8380 = CIRCLE('',#8381,0.5);
#8381 = AXIS2_PLACEMENT_3D('',#8382,#8383,#8384);
#8382 = CARTESIAN_POINT('',(153.34567,-95.78747,0.));
#8383 = DIRECTION('',(0.,0.,1.));
#8384 = DIRECTION('',(1.,0.,-0.));
#8385 = CYLINDRICAL_SURFACE('',#8386,0.5);
#8386 = AXIS2_PLACEMENT_3D('',#8387,#8388,#8389);
#8387 = CARTESIAN_POINT('',(153.34567,-95.78747,0.));
#8388 = DIRECTION('',(0.,0.,1.));
#8389 = DIRECTION('',(1.,0.,-0.));
#8390 = ADVANCED_FACE('',(#8391,#8415,#8418),#8421,.F.);
#8391 = FACE_BOUND('',#8392,.F.);
#8392 = EDGE_LOOP('',(#8393,#8394,#8395,#8396,#8397,#8398,#8399,#8400,
    #8401,#8402,#8403,#8404,#8405,#8406,#8407,#8408,#8409,#8410,#8411,
    #8412,#8413,#8414));
#8393 = ORIENTED_EDGE('',*,*,#7657,.T.);
#8394 = ORIENTED_EDGE('',*,*,#7689,.T.);
#8395 = ORIENTED_EDGE('',*,*,#7721,.T.);
#8396 = ORIENTED_EDGE('',*,*,#7753,.T.);
#8397 = ORIENTED_EDGE('',*,*,#7785,.T.);
#8398 = ORIENTED_EDGE('',*,*,#7817,.T.);
#8399 = ORIENTED_EDGE('',*,*,#7849,.T.);
#8400 = ORIENTED_EDGE('',*,*,#7881,.T.);
#8401 = ORIENTED_EDGE('',*,*,#7913,.T.);
#8402 = ORIENTED_EDGE('',*,*,#7945,.T.);
#8403 = ORIENTED_EDGE('',*,*,#7977,.T.);
#8404 = ORIENTED_EDGE('',*,*,#8009,.T.);
#8405 = ORIENTED_EDGE('',*,*,#8041,.T.);
#8406 = ORIENTED_EDGE('',*,*,#8073,.T.);
#8407 = ORIENTED_EDGE('',*,*,#8105,.T.);
#8408 = ORIENTED_EDGE('',*,*,#8137,.T.);
#8409 = ORIENTED_EDGE('',*,*,#8168,.T.);
#8410 = ORIENTED_EDGE('',*,*,#8199,.T.);
#8411 = ORIENTED_EDGE('',*,*,#8230,.T.);
#8412 = ORIENTED_EDGE('',*,*,#8261,.T.);
#8413 = ORIENTED_EDGE('',*,*,#8292,.T.);
#8414 = ORIENTED_EDGE('',*,*,#8314,.T.);
#8415 = FACE_BOUND('',#8416,.F.);
#8416 = EDGE_LOOP('',(#8417));
#8417 = ORIENTED_EDGE('',*,*,#8346,.T.);
#8418 = FACE_BOUND('',#8419,.F.);
#8419 = EDGE_LOOP('',(#8420));
#8420 = ORIENTED_EDGE('',*,*,#8379,.T.);
#8421 = PLANE('',#8422);
#8422 = AXIS2_PLACEMENT_3D('',#8423,#8424,#8425);
#8423 = CARTESIAN_POINT('',(0.,0.,0.));
#8424 = DIRECTION('',(-0.,-0.,-1.));
#8425 = DIRECTION('',(-1.,0.,0.));
#8426 = ADVANCED_FACE('',(#8427,#8451,#8454),#8457,.T.);
#8427 = FACE_BOUND('',#8428,.T.);
#8428 = EDGE_LOOP('',(#8429,#8430,#8431,#8432,#8433,#8434,#8435,#8436,
    #8437,#8438,#8439,#8440,#8441,#8442,#8443,#8444,#8445,#8446,#8447,
    #8448,#8449,#8450));
#8429 = ORIENTED_EDGE('',*,*,#7640,.T.);
#8430 = ORIENTED_EDGE('',*,*,#7673,.T.);
#8431 = ORIENTED_EDGE('',*,*,#7704,.T.);
#8432 = ORIENTED_EDGE('',*,*,#7737,.T.);
#8433 = ORIENTED_EDGE('',*,*,#7768,.T.);
#8434 = ORIENTED_EDGE('',*,*,#7801,.T.);
#8435 = ORIENTED_EDGE('',*,*,#7832,.T.);
#8436 = ORIENTED_EDGE('',*,*,#7865,.T.);
#8437 = ORIENTED_EDGE('',*,*,#7896,.T.);
#8438 = ORIENTED_EDGE('',*,*,#7929,.T.);
#8439 = ORIENTED_EDGE('',*,*,#7960,.T.);
#8440 = ORIENTED_EDGE('',*,*,#7993,.T.);
#8441 = ORIENTED_EDGE('',*,*,#8024,.T.);
#8442 = ORIENTED_EDGE('',*,*,#8057,.T.);
#8443 = ORIENTED_EDGE('',*,*,#8088,.T.);
#8444 = ORIENTED_EDGE('',*,*,#8121,.T.);
#8445 = ORIENTED_EDGE('',*,*,#8152,.T.);
#8446 = ORIENTED_EDGE('',*,*,#8183,.T.);
#8447 = ORIENTED_EDGE('',*,*,#8214,.T.);
#8448 = ORIENTED_EDGE('',*,*,#8245,.T.);
#8449 = ORIENTED_EDGE('',*,*,#8276,.T.);
#8450 = ORIENTED_EDGE('',*,*,#8307,.T.);
#8451 = FACE_BOUND('',#8452,.T.);
#8452 = EDGE_LOOP('',(#8453));
#8453 = ORIENTED_EDGE('',*,*,#8338,.T.);
#8454 = FACE_BOUND('',#8455,.T.);
#8455 = EDGE_LOOP('',(#8456));
#8456 = ORIENTED_EDGE('',*,*,#8371,.T.);
#8457 = PLANE('',#8458);
#8458 = AXIS2_PLACEMENT_3D('',#8459,#8460,#8461);
#8459 = CARTESIAN_POINT('',(0.,0.,-3.5E-02));
#8460 = DIRECTION('',(-0.,-0.,-1.));
#8461 = DIRECTION('',(-1.,0.,0.));
#8462 = MANIFOLD_SOLID_BREP('',#8463);
#8463 = CLOSED_SHELL('',(#8464,#8504,#8537,#8568,#8601,#8632,#8665,#8687
    ,#8720,#8753,#8774));
#8464 = ADVANCED_FACE('',(#8465),#8499,.F.);
#8465 = FACE_BOUND('',#8466,.F.);
#8466 = EDGE_LOOP('',(#8467,#8477,#8485,#8493));
#8467 = ORIENTED_EDGE('',*,*,#8468,.T.);
#8468 = EDGE_CURVE('',#8469,#8471,#8473,.T.);
#8469 = VERTEX_POINT('',#8470);
#8470 = CARTESIAN_POINT('',(151.55567,-98.753229,0.));
#8471 = VERTEX_POINT('',#8472);
#8472 = CARTESIAN_POINT('',(151.55567,-98.753229,-3.5E-02));
#8473 = LINE('',#8474,#8475);
#8474 = CARTESIAN_POINT('',(151.55567,-98.753229,0.));
#8475 = VECTOR('',#8476,1.);
#8476 = DIRECTION('',(0.,0.,-1.));
#8477 = ORIENTED_EDGE('',*,*,#8478,.T.);
#8478 = EDGE_CURVE('',#8471,#8479,#8481,.T.);
#8479 = VERTEX_POINT('',#8480);
#8480 = CARTESIAN_POINT('',(151.567706,-98.782287,-3.5E-02));
#8481 = LINE('',#8482,#8483);
#8482 = CARTESIAN_POINT('',(151.55567,-98.753229,-3.5E-02));
#8483 = VECTOR('',#8484,1.);
#8484 = DIRECTION('',(0.382677524489,-0.923881979612,0.));
#8485 = ORIENTED_EDGE('',*,*,#8486,.F.);
#8486 = EDGE_CURVE('',#8487,#8479,#8489,.T.);
#8487 = VERTEX_POINT('',#8488);
#8488 = CARTESIAN_POINT('',(151.567706,-98.782287,0.));
#8489 = LINE('',#8490,#8491);
#8490 = CARTESIAN_POINT('',(151.567706,-98.782287,0.));
#8491 = VECTOR('',#8492,1.);
#8492 = DIRECTION('',(0.,0.,-1.));
#8493 = ORIENTED_EDGE('',*,*,#8494,.F.);
#8494 = EDGE_CURVE('',#8469,#8487,#8495,.T.);
#8495 = LINE('',#8496,#8497);
#8496 = CARTESIAN_POINT('',(151.55567,-98.753229,0.));
#8497 = VECTOR('',#8498,1.);
#8498 = DIRECTION('',(0.382677524489,-0.923881979612,0.));
#8499 = PLANE('',#8500);
#8500 = AXIS2_PLACEMENT_3D('',#8501,#8502,#8503);
#8501 = CARTESIAN_POINT('',(151.55567,-98.753229,0.));
#8502 = DIRECTION('',(-0.923881979612,-0.382677524489,-0.));
#8503 = DIRECTION('',(0.382677524489,-0.923881979612,0.));
#8504 = ADVANCED_FACE('',(#8505),#8532,.T.);
#8505 = FACE_BOUND('',#8506,.F.);
#8506 = EDGE_LOOP('',(#8507,#8508,#8517,#8525));
#8507 = ORIENTED_EDGE('',*,*,#8486,.T.);
#8508 = ORIENTED_EDGE('',*,*,#8509,.T.);
#8509 = EDGE_CURVE('',#8479,#8510,#8512,.T.);
#8510 = VERTEX_POINT('',#8511);
#8511 = CARTESIAN_POINT('',(150.374205,-99.579758,-3.5E-02));
#8512 = CIRCLE('',#8513,0.750000453472);
#8513 = AXIS2_PLACEMENT_3D('',#8514,#8515,#8516);
#8514 = CARTESIAN_POINT('',(150.85,-98.99999960361,-3.5E-02));
#8515 = DIRECTION('',(0.,0.,-1.));
#8516 = DIRECTION('',(0.956940754739,0.290283295969,0.));
#8517 = ORIENTED_EDGE('',*,*,#8518,.F.);
#8518 = EDGE_CURVE('',#8519,#8510,#8521,.T.);
#8519 = VERTEX_POINT('',#8520);
#8520 = CARTESIAN_POINT('',(150.374205,-99.579758,0.));
#8521 = LINE('',#8522,#8523);
#8522 = CARTESIAN_POINT('',(150.374205,-99.579758,0.));
#8523 = VECTOR('',#8524,1.);
#8524 = DIRECTION('',(0.,0.,-1.));
#8525 = ORIENTED_EDGE('',*,*,#8526,.F.);
#8526 = EDGE_CURVE('',#8487,#8519,#8527,.T.);
#8527 = CIRCLE('',#8528,0.750000453472);
#8528 = AXIS2_PLACEMENT_3D('',#8529,#8530,#8531);
#8529 = CARTESIAN_POINT('',(150.85,-98.99999960361,0.));
#8530 = DIRECTION('',(0.,0.,-1.));
#8531 = DIRECTION('',(0.956940754739,0.290283295969,0.));
#8532 = CYLINDRICAL_SURFACE('',#8533,0.750000453472);
#8533 = AXIS2_PLACEMENT_3D('',#8534,#8535,#8536);
#8534 = CARTESIAN_POINT('',(150.85,-98.99999960361,0.));
#8535 = DIRECTION('',(-0.,-0.,1.));
#8536 = DIRECTION('',(0.956940754739,0.290283295969,0.));
#8537 = ADVANCED_FACE('',(#8538),#8563,.F.);
#8538 = FACE_BOUND('',#8539,.F.);
#8539 = EDGE_LOOP('',(#8540,#8541,#8549,#8557));
#8540 = ORIENTED_EDGE('',*,*,#8518,.T.);
#8541 = ORIENTED_EDGE('',*,*,#8542,.T.);
#8542 = EDGE_CURVE('',#8510,#8543,#8545,.T.);
#8543 = VERTEX_POINT('',#8544);
#8544 = CARTESIAN_POINT('',(150.27534,-99.486,-3.5E-02));
#8545 = LINE('',#8546,#8547);
#8546 = CARTESIAN_POINT('',(150.374205,-99.579758,-3.5E-02));
#8547 = VECTOR('',#8548,1.);
#8548 = DIRECTION('',(-0.725599273439,0.688117500421,0.));
#8549 = ORIENTED_EDGE('',*,*,#8550,.F.);
#8550 = EDGE_CURVE('',#8551,#8543,#8553,.T.);
#8551 = VERTEX_POINT('',#8552);
#8552 = CARTESIAN_POINT('',(150.27534,-99.486,0.));
#8553 = LINE('',#8554,#8555);
#8554 = CARTESIAN_POINT('',(150.27534,-99.486,0.));
#8555 = VECTOR('',#8556,1.);
#8556 = DIRECTION('',(0.,0.,-1.));
#8557 = ORIENTED_EDGE('',*,*,#8558,.F.);
#8558 = EDGE_CURVE('',#8519,#8551,#8559,.T.);
#8559 = LINE('',#8560,#8561);
#8560 = CARTESIAN_POINT('',(150.374205,-99.579758,0.));
#8561 = VECTOR('',#8562,1.);
#8562 = DIRECTION('',(-0.725599273439,0.688117500421,0.));
#8563 = PLANE('',#8564);
#8564 = AXIS2_PLACEMENT_3D('',#8565,#8566,#8567);
#8565 = CARTESIAN_POINT('',(150.374205,-99.579758,0.));
#8566 = DIRECTION('',(0.688117500421,0.725599273439,0.));
#8567 = DIRECTION('',(-0.725599273439,0.688117500421,0.));
#8568 = ADVANCED_FACE('',(#8569),#8596,.T.);
#8569 = FACE_BOUND('',#8570,.F.);
#8570 = EDGE_LOOP('',(#8571,#8572,#8581,#8589));
#8571 = ORIENTED_EDGE('',*,*,#8550,.T.);
#8572 = ORIENTED_EDGE('',*,*,#8573,.T.);
#8573 = EDGE_CURVE('',#8543,#8574,#8576,.T.);
#8574 = VERTEX_POINT('',#8575);
#8575 = CARTESIAN_POINT('',(150.05567,-98.95567,-3.5E-02));
#8576 = CIRCLE('',#8577,0.749995627143);
#8577 = AXIS2_PLACEMENT_3D('',#8578,#8579,#8580);
#8578 = CARTESIAN_POINT('',(150.80566562714,-98.95567163951,-3.5E-02));
#8579 = DIRECTION('',(0.,0.,-1.));
#8580 = DIRECTION('',(-0.707104958947,-0.707108603422,-0.));
#8581 = ORIENTED_EDGE('',*,*,#8582,.F.);
#8582 = EDGE_CURVE('',#8583,#8574,#8585,.T.);
#8583 = VERTEX_POINT('',#8584);
#8584 = CARTESIAN_POINT('',(150.05567,-98.95567,0.));
#8585 = LINE('',#8586,#8587);
#8586 = CARTESIAN_POINT('',(150.05567,-98.95567,0.));
#8587 = VECTOR('',#8588,1.);
#8588 = DIRECTION('',(0.,0.,-1.));
#8589 = ORIENTED_EDGE('',*,*,#8590,.F.);
#8590 = EDGE_CURVE('',#8551,#8583,#8591,.T.);
#8591 = CIRCLE('',#8592,0.749995627143);
#8592 = AXIS2_PLACEMENT_3D('',#8593,#8594,#8595);
#8593 = CARTESIAN_POINT('',(150.80566562714,-98.95567163951,0.));
#8594 = DIRECTION('',(0.,0.,-1.));
#8595 = DIRECTION('',(-0.707104958947,-0.707108603422,-0.));
#8596 = CYLINDRICAL_SURFACE('',#8597,0.749995627143);
#8597 = AXIS2_PLACEMENT_3D('',#8598,#8599,#8600);
#8598 = CARTESIAN_POINT('',(150.80566562714,-98.95567163951,0.));
#8599 = DIRECTION('',(-0.,-0.,1.));
#8600 = DIRECTION('',(-0.707104958947,-0.707108603422,-0.));
#8601 = ADVANCED_FACE('',(#8602),#8627,.F.);
#8602 = FACE_BOUND('',#8603,.F.);
#8603 = EDGE_LOOP('',(#8604,#8605,#8613,#8621));
#8604 = ORIENTED_EDGE('',*,*,#8582,.T.);
#8605 = ORIENTED_EDGE('',*,*,#8606,.T.);
#8606 = EDGE_CURVE('',#8574,#8607,#8609,.T.);
#8607 = VERTEX_POINT('',#8608);
#8608 = CARTESIAN_POINT('',(150.05567,-95.78747,-3.5E-02));
#8609 = LINE('',#8610,#8611);
#8610 = CARTESIAN_POINT('',(150.05567,-98.95567,-3.5E-02));
#8611 = VECTOR('',#8612,1.);
#8612 = DIRECTION('',(0.,1.,0.));
#8613 = ORIENTED_EDGE('',*,*,#8614,.F.);
#8614 = EDGE_CURVE('',#8615,#8607,#8617,.T.);
#8615 = VERTEX_POINT('',#8616);
#8616 = CARTESIAN_POINT('',(150.05567,-95.78747,0.));
#8617 = LINE('',#8618,#8619);
#8618 = CARTESIAN_POINT('',(150.05567,-95.78747,0.));
#8619 = VECTOR('',#8620,1.);
#8620 = DIRECTION('',(0.,0.,-1.));
#8621 = ORIENTED_EDGE('',*,*,#8622,.F.);
#8622 = EDGE_CURVE('',#8583,#8615,#8623,.T.);
#8623 = LINE('',#8624,#8625);
#8624 = CARTESIAN_POINT('',(150.05567,-98.95567,0.));
#8625 = VECTOR('',#8626,1.);
#8626 = DIRECTION('',(0.,1.,0.));
#8627 = PLANE('',#8628);
#8628 = AXIS2_PLACEMENT_3D('',#8629,#8630,#8631);
#8629 = CARTESIAN_POINT('',(150.05567,-98.95567,0.));
#8630 = DIRECTION('',(1.,-0.,0.));
#8631 = DIRECTION('',(0.,1.,0.));
#8632 = ADVANCED_FACE('',(#8633),#8660,.T.);
#8633 = FACE_BOUND('',#8634,.F.);
#8634 = EDGE_LOOP('',(#8635,#8636,#8645,#8653));
#8635 = ORIENTED_EDGE('',*,*,#8614,.T.);
#8636 = ORIENTED_EDGE('',*,*,#8637,.T.);
#8637 = EDGE_CURVE('',#8607,#8638,#8640,.T.);
#8638 = VERTEX_POINT('',#8639);
#8639 = CARTESIAN_POINT('',(151.55567,-95.78747,-3.5E-02));
#8640 = CIRCLE('',#8641,0.75);
#8641 = AXIS2_PLACEMENT_3D('',#8642,#8643,#8644);
#8642 = CARTESIAN_POINT('',(150.80567,-95.78746945582,-3.5E-02));
#8643 = DIRECTION('',(0.,0.,-1.));
#8644 = DIRECTION('',(-1.,-7.255686303626E-07,-0.));
#8645 = ORIENTED_EDGE('',*,*,#8646,.F.);
#8646 = EDGE_CURVE('',#8647,#8638,#8649,.T.);
#8647 = VERTEX_POINT('',#8648);
#8648 = CARTESIAN_POINT('',(151.55567,-95.78747,0.));
#8649 = LINE('',#8650,#8651);
#8650 = CARTESIAN_POINT('',(151.55567,-95.78747,0.));
#8651 = VECTOR('',#8652,1.);
#8652 = DIRECTION('',(0.,0.,-1.));
#8653 = ORIENTED_EDGE('',*,*,#8654,.F.);
#8654 = EDGE_CURVE('',#8615,#8647,#8655,.T.);
#8655 = CIRCLE('',#8656,0.75);
#8656 = AXIS2_PLACEMENT_3D('',#8657,#8658,#8659);
#8657 = CARTESIAN_POINT('',(150.80567,-95.78746945582,0.));
#8658 = DIRECTION('',(0.,0.,-1.));
#8659 = DIRECTION('',(-1.,-7.255686303626E-07,-0.));
#8660 = CYLINDRICAL_SURFACE('',#8661,0.75);
#8661 = AXIS2_PLACEMENT_3D('',#8662,#8663,#8664);
#8662 = CARTESIAN_POINT('',(150.80567,-95.78746945582,0.));
#8663 = DIRECTION('',(-0.,-0.,1.));
#8664 = DIRECTION('',(-1.,-7.255686303626E-07,-0.));
#8665 = ADVANCED_FACE('',(#8666),#8682,.F.);
#8666 = FACE_BOUND('',#8667,.F.);
#8667 = EDGE_LOOP('',(#8668,#8669,#8675,#8676));
#8668 = ORIENTED_EDGE('',*,*,#8646,.T.);
#8669 = ORIENTED_EDGE('',*,*,#8670,.T.);
#8670 = EDGE_CURVE('',#8638,#8471,#8671,.T.);
#8671 = LINE('',#8672,#8673);
#8672 = CARTESIAN_POINT('',(151.55567,-95.78747,-3.5E-02));
#8673 = VECTOR('',#8674,1.);
#8674 = DIRECTION('',(0.,-1.,0.));
#8675 = ORIENTED_EDGE('',*,*,#8468,.F.);
#8676 = ORIENTED_EDGE('',*,*,#8677,.F.);
#8677 = EDGE_CURVE('',#8647,#8469,#8678,.T.);
#8678 = LINE('',#8679,#8680);
#8679 = CARTESIAN_POINT('',(151.55567,-95.78747,0.));
#8680 = VECTOR('',#8681,1.);
#8681 = DIRECTION('',(0.,-1.,0.));
#8682 = PLANE('',#8683);
#8683 = AXIS2_PLACEMENT_3D('',#8684,#8685,#8686);
#8684 = CARTESIAN_POINT('',(151.55567,-95.78747,0.));
#8685 = DIRECTION('',(-1.,-0.,-0.));
#8686 = DIRECTION('',(0.,-1.,0.));
#8687 = ADVANCED_FACE('',(#8688),#8715,.F.);
#8688 = FACE_BOUND('',#8689,.F.);
#8689 = EDGE_LOOP('',(#8690,#8700,#8707,#8708));
#8690 = ORIENTED_EDGE('',*,*,#8691,.T.);
#8691 = EDGE_CURVE('',#8692,#8694,#8696,.T.);
#8692 = VERTEX_POINT('',#8693);
#8693 = CARTESIAN_POINT('',(151.35,-99.,0.));
#8694 = VERTEX_POINT('',#8695);
#8695 = CARTESIAN_POINT('',(151.35,-99.,-3.5E-02));
#8696 = LINE('',#8697,#8698);
#8697 = CARTESIAN_POINT('',(151.35,-99.,0.));
#8698 = VECTOR('',#8699,1.);
#8699 = DIRECTION('',(0.,0.,-1.));
#8700 = ORIENTED_EDGE('',*,*,#8701,.T.);
#8701 = EDGE_CURVE('',#8694,#8694,#8702,.T.);
#8702 = CIRCLE('',#8703,0.5);
#8703 = AXIS2_PLACEMENT_3D('',#8704,#8705,#8706);
#8704 = CARTESIAN_POINT('',(150.85,-99.,-3.5E-02));
#8705 = DIRECTION('',(0.,0.,1.));
#8706 = DIRECTION('',(1.,0.,-0.));
#8707 = ORIENTED_EDGE('',*,*,#8691,.F.);
#8708 = ORIENTED_EDGE('',*,*,#8709,.F.);
#8709 = EDGE_CURVE('',#8692,#8692,#8710,.T.);
#8710 = CIRCLE('',#8711,0.5);
#8711 = AXIS2_PLACEMENT_3D('',#8712,#8713,#8714);
#8712 = CARTESIAN_POINT('',(150.85,-99.,0.));
#8713 = DIRECTION('',(0.,0.,1.));
#8714 = DIRECTION('',(1.,0.,-0.));
#8715 = CYLINDRICAL_SURFACE('',#8716,0.5);
#8716 = AXIS2_PLACEMENT_3D('',#8717,#8718,#8719);
#8717 = CARTESIAN_POINT('',(150.85,-99.,0.));
#8718 = DIRECTION('',(0.,0.,1.));
#8719 = DIRECTION('',(1.,0.,-0.));
#8720 = ADVANCED_FACE('',(#8721),#8748,.F.);
#8721 = FACE_BOUND('',#8722,.F.);
#8722 = EDGE_LOOP('',(#8723,#8733,#8740,#8741));
#8723 = ORIENTED_EDGE('',*,*,#8724,.T.);
#8724 = EDGE_CURVE('',#8725,#8727,#8729,.T.);
#8725 = VERTEX_POINT('',#8726);
#8726 = CARTESIAN_POINT('',(151.30567,-95.78747,0.));
#8727 = VERTEX_POINT('',#8728);
#8728 = CARTESIAN_POINT('',(151.30567,-95.78747,-3.5E-02));
#8729 = LINE('',#8730,#8731);
#8730 = CARTESIAN_POINT('',(151.30567,-95.78747,0.));
#8731 = VECTOR('',#8732,1.);
#8732 = DIRECTION('',(0.,0.,-1.));
#8733 = ORIENTED_EDGE('',*,*,#8734,.T.);
#8734 = EDGE_CURVE('',#8727,#8727,#8735,.T.);
#8735 = CIRCLE('',#8736,0.5);
#8736 = AXIS2_PLACEMENT_3D('',#8737,#8738,#8739);
#8737 = CARTESIAN_POINT('',(150.80567,-95.78747,-3.5E-02));
#8738 = DIRECTION('',(0.,0.,1.));
#8739 = DIRECTION('',(1.,0.,-0.));
#8740 = ORIENTED_EDGE('',*,*,#8724,.F.);
#8741 = ORIENTED_EDGE('',*,*,#8742,.F.);
#8742 = EDGE_CURVE('',#8725,#8725,#8743,.T.);
#8743 = CIRCLE('',#8744,0.5);
#8744 = AXIS2_PLACEMENT_3D('',#8745,#8746,#8747);
#8745 = CARTESIAN_POINT('',(150.80567,-95.78747,0.));
#8746 = DIRECTION('',(0.,0.,1.));
#8747 = DIRECTION('',(1.,0.,-0.));
#8748 = CYLINDRICAL_SURFACE('',#8749,0.5);
#8749 = AXIS2_PLACEMENT_3D('',#8750,#8751,#8752);
#8750 = CARTESIAN_POINT('',(150.80567,-95.78747,0.));
#8751 = DIRECTION('',(0.,0.,1.));
#8752 = DIRECTION('',(1.,0.,-0.));
#8753 = ADVANCED_FACE('',(#8754,#8763,#8766),#8769,.F.);
#8754 = FACE_BOUND('',#8755,.F.);
#8755 = EDGE_LOOP('',(#8756,#8757,#8758,#8759,#8760,#8761,#8762));
#8756 = ORIENTED_EDGE('',*,*,#8494,.T.);
#8757 = ORIENTED_EDGE('',*,*,#8526,.T.);
#8758 = ORIENTED_EDGE('',*,*,#8558,.T.);
#8759 = ORIENTED_EDGE('',*,*,#8590,.T.);
#8760 = ORIENTED_EDGE('',*,*,#8622,.T.);
#8761 = ORIENTED_EDGE('',*,*,#8654,.T.);
#8762 = ORIENTED_EDGE('',*,*,#8677,.T.);
#8763 = FACE_BOUND('',#8764,.F.);
#8764 = EDGE_LOOP('',(#8765));
#8765 = ORIENTED_EDGE('',*,*,#8709,.T.);
#8766 = FACE_BOUND('',#8767,.F.);
#8767 = EDGE_LOOP('',(#8768));
#8768 = ORIENTED_EDGE('',*,*,#8742,.T.);
#8769 = PLANE('',#8770);
#8770 = AXIS2_PLACEMENT_3D('',#8771,#8772,#8773);
#8771 = CARTESIAN_POINT('',(0.,0.,0.));
#8772 = DIRECTION('',(-0.,-0.,-1.));
#8773 = DIRECTION('',(-1.,0.,0.));
#8774 = ADVANCED_FACE('',(#8775,#8784,#8787),#8790,.T.);
#8775 = FACE_BOUND('',#8776,.T.);
#8776 = EDGE_LOOP('',(#8777,#8778,#8779,#8780,#8781,#8782,#8783));
#8777 = ORIENTED_EDGE('',*,*,#8478,.T.);
#8778 = ORIENTED_EDGE('',*,*,#8509,.T.);
#8779 = ORIENTED_EDGE('',*,*,#8542,.T.);
#8780 = ORIENTED_EDGE('',*,*,#8573,.T.);
#8781 = ORIENTED_EDGE('',*,*,#8606,.T.);
#8782 = ORIENTED_EDGE('',*,*,#8637,.T.);
#8783 = ORIENTED_EDGE('',*,*,#8670,.T.);
#8784 = FACE_BOUND('',#8785,.T.);
#8785 = EDGE_LOOP('',(#8786));
#8786 = ORIENTED_EDGE('',*,*,#8701,.T.);
#8787 = FACE_BOUND('',#8788,.T.);
#8788 = EDGE_LOOP('',(#8789));
#8789 = ORIENTED_EDGE('',*,*,#8734,.T.);
#8790 = PLANE('',#8791);
#8791 = AXIS2_PLACEMENT_3D('',#8792,#8793,#8794);
#8792 = CARTESIAN_POINT('',(0.,0.,-3.5E-02));
#8793 = DIRECTION('',(-0.,-0.,-1.));
#8794 = DIRECTION('',(-1.,0.,0.));
#8795 = ( GEOMETRIC_REPRESENTATION_CONTEXT(3) 
GLOBAL_UNCERTAINTY_ASSIGNED_CONTEXT((#8799)) 
GLOBAL_UNIT_ASSIGNED_CONTEXT((#8796,#8797,#8798)) REPRESENTATION_CONTEXT
('Context #1','3D Context with UNIT and UNCERTAINTY') );
#8796 = ( LENGTH_UNIT() NAMED_UNIT(*) SI_UNIT(.MILLI.,.METRE.) );
#8797 = ( NAMED_UNIT(*) PLANE_ANGLE_UNIT() SI_UNIT($,.RADIAN.) );
#8798 = ( NAMED_UNIT(*) SI_UNIT($,.STERADIAN.) SOLID_ANGLE_UNIT() );
#8799 = UNCERTAINTY_MEASURE_WITH_UNIT(LENGTH_MEASURE(1.E-07),#8796,
  'distance_accuracy_value','confusion accuracy');
#8800 = CONTEXT_DEPENDENT_SHAPE_REPRESENTATION(#8801,#8803);
#8801 = ( REPRESENTATION_RELATIONSHIP('','',#5126,#10) 
REPRESENTATION_RELATIONSHIP_WITH_TRANSFORMATION(#8802) 
SHAPE_REPRESENTATION_RELATIONSHIP() );
#8802 = ITEM_DEFINED_TRANSFORMATION('','',#11,#31);
#8803 = PRODUCT_DEFINITION_SHAPE('Placement','Placement of an item',
  #8804);
#8804 = NEXT_ASSEMBLY_USAGE_OCCURRENCE('11','=>[0:1:1:6]','',#5,#5121,$
  );
#8805 = PRODUCT_RELATED_PRODUCT_CATEGORY('part',$,(#5123));
#8806 = SHAPE_DEFINITION_REPRESENTATION(#8807,#8813);
#8807 = PRODUCT_DEFINITION_SHAPE('','',#8808);
#8808 = PRODUCT_DEFINITION('design','',#8809,#8812);
#8809 = PRODUCT_DEFINITION_FORMATION('','',#8810);
#8810 = PRODUCT('DCDC_Adapter_pad','DCDC_Adapter_pad','',(#8811));
#8811 = PRODUCT_CONTEXT('',#2,'mechanical');
#8812 = PRODUCT_DEFINITION_CONTEXT('part definition',#2,'design');
#8813 = SHAPE_REPRESENTATION('',(#11,#8814,#9104,#9394,#9587,#9780,#9872
    ,#10065,#10258,#10350,#10543,#10736,#10828,#11021,#11214,#11306,
    #11499,#11692,#11784,#11977,#12170,#12262,#12455,#12648,#12740,
    #12933,#13126,#13218,#13411,#13604,#13696,#13889,#14082),#14174);
#8814 = MANIFOLD_SOLID_BREP('',#8815);
#8815 = CLOSED_SHELL('',(#8816,#8858,#8889,#8922,#8953,#8986,#9017,#9050
    ,#9072,#9088));
#8816 = ADVANCED_FACE('',(#8817),#8853,.T.);
#8817 = FACE_BOUND('',#8818,.T.);
#8818 = EDGE_LOOP('',(#8819,#8829,#8838,#8846));
#8819 = ORIENTED_EDGE('',*,*,#8820,.T.);
#8820 = EDGE_CURVE('',#8821,#8823,#8825,.T.);
#8821 = VERTEX_POINT('',#8822);
#8822 = CARTESIAN_POINT('',(130.55,-94.375,1.41));
#8823 = VERTEX_POINT('',#8824);
#8824 = CARTESIAN_POINT('',(130.55,-94.375,1.45));
#8825 = LINE('',#8826,#8827);
#8826 = CARTESIAN_POINT('',(130.55,-94.375,1.41));
#8827 = VECTOR('',#8828,1.);
#8828 = DIRECTION('',(0.,0.,1.));
#8829 = ORIENTED_EDGE('',*,*,#8830,.T.);
#8830 = EDGE_CURVE('',#8823,#8831,#8833,.T.);
#8831 = VERTEX_POINT('',#8832);
#8832 = CARTESIAN_POINT('',(130.8,-94.125,1.45));
#8833 = CIRCLE('',#8834,0.249998959685);
#8834 = AXIS2_PLACEMENT_3D('',#8835,#8836,#8837);
#8835 = CARTESIAN_POINT('',(130.79999895968,-94.37499895968,1.45));
#8836 = DIRECTION('',(0.,0.,-1.));
#8837 = DIRECTION('',(-0.999999999991,-4.161285950754E-06,-0.));
#8838 = ORIENTED_EDGE('',*,*,#8839,.F.);
#8839 = EDGE_CURVE('',#8840,#8831,#8842,.T.);
#8840 = VERTEX_POINT('',#8841);
#8841 = CARTESIAN_POINT('',(130.8,-94.125,1.41));
#8842 = LINE('',#8843,#8844);
#8843 = CARTESIAN_POINT('',(130.8,-94.125,1.41));
#8844 = VECTOR('',#8845,1.);
#8845 = DIRECTION('',(0.,0.,1.));
#8846 = ORIENTED_EDGE('',*,*,#8847,.F.);
#8847 = EDGE_CURVE('',#8821,#8840,#8848,.T.);
#8848 = CIRCLE('',#8849,0.249998959685);
#8849 = AXIS2_PLACEMENT_3D('',#8850,#8851,#8852);
#8850 = CARTESIAN_POINT('',(130.79999895968,-94.37499895968,1.41));
#8851 = DIRECTION('',(0.,0.,-1.));
#8852 = DIRECTION('',(-0.999999999991,-4.161285950754E-06,-0.));
#8853 = CYLINDRICAL_SURFACE('',#8854,0.249998959685);
#8854 = AXIS2_PLACEMENT_3D('',#8855,#8856,#8857);
#8855 = CARTESIAN_POINT('',(130.79999895968,-94.37499895968,1.41));
#8856 = DIRECTION('',(0.,0.,-1.));
#8857 = DIRECTION('',(-0.999999999991,-4.161285950754E-06,-0.));
#8858 = ADVANCED_FACE('',(#8859),#8884,.T.);
#8859 = FACE_BOUND('',#8860,.T.);
#8860 = EDGE_LOOP('',(#8861,#8862,#8870,#8878));
#8861 = ORIENTED_EDGE('',*,*,#8839,.T.);
#8862 = ORIENTED_EDGE('',*,*,#8863,.T.);
#8863 = EDGE_CURVE('',#8831,#8864,#8866,.T.);
#8864 = VERTEX_POINT('',#8865);
#8865 = CARTESIAN_POINT('',(133.7,-94.125,1.45));
#8866 = LINE('',#8867,#8868);
#8867 = CARTESIAN_POINT('',(130.8,-94.125,1.45));
#8868 = VECTOR('',#8869,1.);
#8869 = DIRECTION('',(1.,0.,0.));
#8870 = ORIENTED_EDGE('',*,*,#8871,.F.);
#8871 = EDGE_CURVE('',#8872,#8864,#8874,.T.);
#8872 = VERTEX_POINT('',#8873);
#8873 = CARTESIAN_POINT('',(133.7,-94.125,1.41));
#8874 = LINE('',#8875,#8876);
#8875 = CARTESIAN_POINT('',(133.7,-94.125,1.41));
#8876 = VECTOR('',#8877,1.);
#8877 = DIRECTION('',(0.,0.,1.));
#8878 = ORIENTED_EDGE('',*,*,#8879,.F.);
#8879 = EDGE_CURVE('',#8840,#8872,#8880,.T.);
#8880 = LINE('',#8881,#8882);
#8881 = CARTESIAN_POINT('',(130.8,-94.125,1.41));
#8882 = VECTOR('',#8883,1.);
#8883 = DIRECTION('',(1.,0.,0.));
#8884 = PLANE('',#8885);
#8885 = AXIS2_PLACEMENT_3D('',#8886,#8887,#8888);
#8886 = CARTESIAN_POINT('',(130.8,-94.125,1.41));
#8887 = DIRECTION('',(0.,1.,0.));
#8888 = DIRECTION('',(1.,0.,0.));
#8889 = ADVANCED_FACE('',(#8890),#8917,.T.);
#8890 = FACE_BOUND('',#8891,.T.);
#8891 = EDGE_LOOP('',(#8892,#8893,#8902,#8910));
#8892 = ORIENTED_EDGE('',*,*,#8871,.T.);
#8893 = ORIENTED_EDGE('',*,*,#8894,.T.);
#8894 = EDGE_CURVE('',#8864,#8895,#8897,.T.);
#8895 = VERTEX_POINT('',#8896);
#8896 = CARTESIAN_POINT('',(133.95,-94.375,1.45));
#8897 = CIRCLE('',#8898,0.249998959685);
#8898 = AXIS2_PLACEMENT_3D('',#8899,#8900,#8901);
#8899 = CARTESIAN_POINT('',(133.70000104031,-94.37499895968,1.45));
#8900 = DIRECTION('',(0.,0.,-1.));
#8901 = DIRECTION('',(-4.161285950754E-06,0.999999999991,0.));
#8902 = ORIENTED_EDGE('',*,*,#8903,.F.);
#8903 = EDGE_CURVE('',#8904,#8895,#8906,.T.);
#8904 = VERTEX_POINT('',#8905);
#8905 = CARTESIAN_POINT('',(133.95,-94.375,1.41));
#8906 = LINE('',#8907,#8908);
#8907 = CARTESIAN_POINT('',(133.95,-94.375,1.41));
#8908 = VECTOR('',#8909,1.);
#8909 = DIRECTION('',(0.,0.,1.));
#8910 = ORIENTED_EDGE('',*,*,#8911,.F.);
#8911 = EDGE_CURVE('',#8872,#8904,#8912,.T.);
#8912 = CIRCLE('',#8913,0.249998959685);
#8913 = AXIS2_PLACEMENT_3D('',#8914,#8915,#8916);
#8914 = CARTESIAN_POINT('',(133.70000104031,-94.37499895968,1.41));
#8915 = DIRECTION('',(0.,0.,-1.));
#8916 = DIRECTION('',(-4.161285950754E-06,0.999999999991,0.));
#8917 = CYLINDRICAL_SURFACE('',#8918,0.249998959685);
#8918 = AXIS2_PLACEMENT_3D('',#8919,#8920,#8921);
#8919 = CARTESIAN_POINT('',(133.70000104031,-94.37499895968,1.41));
#8920 = DIRECTION('',(0.,0.,-1.));
#8921 = DIRECTION('',(-4.161285950754E-06,0.999999999991,0.));
#8922 = ADVANCED_FACE('',(#8923),#8948,.T.);
#8923 = FACE_BOUND('',#8924,.T.);
#8924 = EDGE_LOOP('',(#8925,#8926,#8934,#8942));
#8925 = ORIENTED_EDGE('',*,*,#8903,.T.);
#8926 = ORIENTED_EDGE('',*,*,#8927,.T.);
#8927 = EDGE_CURVE('',#8895,#8928,#8930,.T.);
#8928 = VERTEX_POINT('',#8929);
#8929 = CARTESIAN_POINT('',(133.95,-95.175,1.45));
#8930 = LINE('',#8931,#8932);
#8931 = CARTESIAN_POINT('',(133.95,-94.375,1.45));
#8932 = VECTOR('',#8933,1.);
#8933 = DIRECTION('',(0.,-1.,0.));
#8934 = ORIENTED_EDGE('',*,*,#8935,.F.);
#8935 = EDGE_CURVE('',#8936,#8928,#8938,.T.);
#8936 = VERTEX_POINT('',#8937);
#8937 = CARTESIAN_POINT('',(133.95,-95.175,1.41));
#8938 = LINE('',#8939,#8940);
#8939 = CARTESIAN_POINT('',(133.95,-95.175,1.41));
#8940 = VECTOR('',#8941,1.);
#8941 = DIRECTION('',(0.,0.,1.));
#8942 = ORIENTED_EDGE('',*,*,#8943,.F.);
#8943 = EDGE_CURVE('',#8904,#8936,#8944,.T.);
#8944 = LINE('',#8945,#8946);
#8945 = CARTESIAN_POINT('',(133.95,-94.375,1.41));
#8946 = VECTOR('',#8947,1.);
#8947 = DIRECTION('',(0.,-1.,0.));
#8948 = PLANE('',#8949);
#8949 = AXIS2_PLACEMENT_3D('',#8950,#8951,#8952);
#8950 = CARTESIAN_POINT('',(133.95,-94.375,1.41));
#8951 = DIRECTION('',(1.,0.,-0.));
#8952 = DIRECTION('',(0.,-1.,0.));
#8953 = ADVANCED_FACE('',(#8954),#8981,.T.);
#8954 = FACE_BOUND('',#8955,.T.);
#8955 = EDGE_LOOP('',(#8956,#8957,#8966,#8974));
#8956 = ORIENTED_EDGE('',*,*,#8935,.T.);
#8957 = ORIENTED_EDGE('',*,*,#8958,.T.);
#8958 = EDGE_CURVE('',#8928,#8959,#8961,.T.);
#8959 = VERTEX_POINT('',#8960);
#8960 = CARTESIAN_POINT('',(133.7,-95.425,1.45));
#8961 = CIRCLE('',#8962,0.249998959685);
#8962 = AXIS2_PLACEMENT_3D('',#8963,#8964,#8965);
#8963 = CARTESIAN_POINT('',(133.70000104031,-95.17500104031,1.45));
#8964 = DIRECTION('',(0.,0.,-1.));
#8965 = DIRECTION('',(0.999999999991,4.161285893911E-06,0.));
#8966 = ORIENTED_EDGE('',*,*,#8967,.F.);
#8967 = EDGE_CURVE('',#8968,#8959,#8970,.T.);
#8968 = VERTEX_POINT('',#8969);
#8969 = CARTESIAN_POINT('',(133.7,-95.425,1.41));
#8970 = LINE('',#8971,#8972);
#8971 = CARTESIAN_POINT('',(133.7,-95.425,1.41));
#8972 = VECTOR('',#8973,1.);
#8973 = DIRECTION('',(0.,0.,1.));
#8974 = ORIENTED_EDGE('',*,*,#8975,.F.);
#8975 = EDGE_CURVE('',#8936,#8968,#8976,.T.);
#8976 = CIRCLE('',#8977,0.249998959685);
#8977 = AXIS2_PLACEMENT_3D('',#8978,#8979,#8980);
#8978 = CARTESIAN_POINT('',(133.70000104031,-95.17500104031,1.41));
#8979 = DIRECTION('',(0.,0.,-1.));
#8980 = DIRECTION('',(0.999999999991,4.161285893911E-06,0.));
#8981 = CYLINDRICAL_SURFACE('',#8982,0.249998959685);
#8982 = AXIS2_PLACEMENT_3D('',#8983,#8984,#8985);
#8983 = CARTESIAN_POINT('',(133.70000104031,-95.17500104031,1.41));
#8984 = DIRECTION('',(0.,0.,-1.));
#8985 = DIRECTION('',(0.999999999991,4.161285893911E-06,0.));
#8986 = ADVANCED_FACE('',(#8987),#9012,.T.);
#8987 = FACE_BOUND('',#8988,.T.);
#8988 = EDGE_LOOP('',(#8989,#8990,#8998,#9006));
#8989 = ORIENTED_EDGE('',*,*,#8967,.T.);
#8990 = ORIENTED_EDGE('',*,*,#8991,.T.);
#8991 = EDGE_CURVE('',#8959,#8992,#8994,.T.);
#8992 = VERTEX_POINT('',#8993);
#8993 = CARTESIAN_POINT('',(130.8,-95.425,1.45));
#8994 = LINE('',#8995,#8996);
#8995 = CARTESIAN_POINT('',(133.7,-95.425,1.45));
#8996 = VECTOR('',#8997,1.);
#8997 = DIRECTION('',(-1.,0.,0.));
#8998 = ORIENTED_EDGE('',*,*,#8999,.F.);
#8999 = EDGE_CURVE('',#9000,#8992,#9002,.T.);
#9000 = VERTEX_POINT('',#9001);
#9001 = CARTESIAN_POINT('',(130.8,-95.425,1.41));
#9002 = LINE('',#9003,#9004);
#9003 = CARTESIAN_POINT('',(130.8,-95.425,1.41));
#9004 = VECTOR('',#9005,1.);
#9005 = DIRECTION('',(0.,0.,1.));
#9006 = ORIENTED_EDGE('',*,*,#9007,.F.);
#9007 = EDGE_CURVE('',#8968,#9000,#9008,.T.);
#9008 = LINE('',#9009,#9010);
#9009 = CARTESIAN_POINT('',(133.7,-95.425,1.41));
#9010 = VECTOR('',#9011,1.);
#9011 = DIRECTION('',(-1.,0.,0.));
#9012 = PLANE('',#9013);
#9013 = AXIS2_PLACEMENT_3D('',#9014,#9015,#9016);
#9014 = CARTESIAN_POINT('',(133.7,-95.425,1.41));
#9015 = DIRECTION('',(0.,-1.,0.));
#9016 = DIRECTION('',(-1.,0.,0.));
#9017 = ADVANCED_FACE('',(#9018),#9045,.T.);
#9018 = FACE_BOUND('',#9019,.T.);
#9019 = EDGE_LOOP('',(#9020,#9021,#9030,#9038));
#9020 = ORIENTED_EDGE('',*,*,#8999,.T.);
#9021 = ORIENTED_EDGE('',*,*,#9022,.T.);
#9022 = EDGE_CURVE('',#8992,#9023,#9025,.T.);
#9023 = VERTEX_POINT('',#9024);
#9024 = CARTESIAN_POINT('',(130.55,-95.175,1.45));
#9025 = CIRCLE('',#9026,0.249998959685);
#9026 = AXIS2_PLACEMENT_3D('',#9027,#9028,#9029);
#9027 = CARTESIAN_POINT('',(130.79999895968,-95.17500104031,1.45));
#9028 = DIRECTION('',(0.,0.,-1.));
#9029 = DIRECTION('',(4.161285950754E-06,-0.999999999991,0.));
#9030 = ORIENTED_EDGE('',*,*,#9031,.F.);
#9031 = EDGE_CURVE('',#9032,#9023,#9034,.T.);
#9032 = VERTEX_POINT('',#9033);
#9033 = CARTESIAN_POINT('',(130.55,-95.175,1.41));
#9034 = LINE('',#9035,#9036);
#9035 = CARTESIAN_POINT('',(130.55,-95.175,1.41));
#9036 = VECTOR('',#9037,1.);
#9037 = DIRECTION('',(0.,0.,1.));
#9038 = ORIENTED_EDGE('',*,*,#9039,.F.);
#9039 = EDGE_CURVE('',#9000,#9032,#9040,.T.);
#9040 = CIRCLE('',#9041,0.249998959685);
#9041 = AXIS2_PLACEMENT_3D('',#9042,#9043,#9044);
#9042 = CARTESIAN_POINT('',(130.79999895968,-95.17500104031,1.41));
#9043 = DIRECTION('',(0.,0.,-1.));
#9044 = DIRECTION('',(4.161285950754E-06,-0.999999999991,0.));
#9045 = CYLINDRICAL_SURFACE('',#9046,0.249998959685);
#9046 = AXIS2_PLACEMENT_3D('',#9047,#9048,#9049);
#9047 = CARTESIAN_POINT('',(130.79999895968,-95.17500104031,1.41));
#9048 = DIRECTION('',(0.,0.,-1.));
#9049 = DIRECTION('',(4.161285950754E-06,-0.999999999991,0.));
#9050 = ADVANCED_FACE('',(#9051),#9067,.T.);
#9051 = FACE_BOUND('',#9052,.T.);
#9052 = EDGE_LOOP('',(#9053,#9054,#9060,#9061));
#9053 = ORIENTED_EDGE('',*,*,#9031,.T.);
#9054 = ORIENTED_EDGE('',*,*,#9055,.T.);
#9055 = EDGE_CURVE('',#9023,#8823,#9056,.T.);
#9056 = LINE('',#9057,#9058);
#9057 = CARTESIAN_POINT('',(130.55,-95.175,1.45));
#9058 = VECTOR('',#9059,1.);
#9059 = DIRECTION('',(0.,1.,0.));
#9060 = ORIENTED_EDGE('',*,*,#8820,.F.);
#9061 = ORIENTED_EDGE('',*,*,#9062,.F.);
#9062 = EDGE_CURVE('',#9032,#8821,#9063,.T.);
#9063 = LINE('',#9064,#9065);
#9064 = CARTESIAN_POINT('',(130.55,-95.175,1.41));
#9065 = VECTOR('',#9066,1.);
#9066 = DIRECTION('',(0.,1.,0.));
#9067 = PLANE('',#9068);
#9068 = AXIS2_PLACEMENT_3D('',#9069,#9070,#9071);
#9069 = CARTESIAN_POINT('',(130.55,-95.175,1.41));
#9070 = DIRECTION('',(-1.,0.,0.));
#9071 = DIRECTION('',(0.,1.,0.));
#9072 = ADVANCED_FACE('',(#9073),#9083,.F.);
#9073 = FACE_BOUND('',#9074,.T.);
#9074 = EDGE_LOOP('',(#9075,#9076,#9077,#9078,#9079,#9080,#9081,#9082));
#9075 = ORIENTED_EDGE('',*,*,#8847,.T.);
#9076 = ORIENTED_EDGE('',*,*,#8879,.T.);
#9077 = ORIENTED_EDGE('',*,*,#8911,.T.);
#9078 = ORIENTED_EDGE('',*,*,#8943,.T.);
#9079 = ORIENTED_EDGE('',*,*,#8975,.T.);
#9080 = ORIENTED_EDGE('',*,*,#9007,.T.);
#9081 = ORIENTED_EDGE('',*,*,#9039,.T.);
#9082 = ORIENTED_EDGE('',*,*,#9062,.T.);
#9083 = PLANE('',#9084);
#9084 = AXIS2_PLACEMENT_3D('',#9085,#9086,#9087);
#9085 = CARTESIAN_POINT('',(0.,0.,1.41));
#9086 = DIRECTION('',(0.,0.,1.));
#9087 = DIRECTION('',(1.,0.,-0.));
#9088 = ADVANCED_FACE('',(#9089),#9099,.T.);
#9089 = FACE_BOUND('',#9090,.F.);
#9090 = EDGE_LOOP('',(#9091,#9092,#9093,#9094,#9095,#9096,#9097,#9098));
#9091 = ORIENTED_EDGE('',*,*,#8830,.T.);
#9092 = ORIENTED_EDGE('',*,*,#8863,.T.);
#9093 = ORIENTED_EDGE('',*,*,#8894,.T.);
#9094 = ORIENTED_EDGE('',*,*,#8927,.T.);
#9095 = ORIENTED_EDGE('',*,*,#8958,.T.);
#9096 = ORIENTED_EDGE('',*,*,#8991,.T.);
#9097 = ORIENTED_EDGE('',*,*,#9022,.T.);
#9098 = ORIENTED_EDGE('',*,*,#9055,.T.);
#9099 = PLANE('',#9100);
#9100 = AXIS2_PLACEMENT_3D('',#9101,#9102,#9103);
#9101 = CARTESIAN_POINT('',(0.,0.,1.45));
#9102 = DIRECTION('',(0.,0.,1.));
#9103 = DIRECTION('',(1.,0.,-0.));
#9104 = MANIFOLD_SOLID_BREP('',#9105);
#9105 = CLOSED_SHELL('',(#9106,#9148,#9179,#9212,#9243,#9276,#9307,#9340
    ,#9362,#9378));
#9106 = ADVANCED_FACE('',(#9107),#9143,.T.);
#9107 = FACE_BOUND('',#9108,.T.);
#9108 = EDGE_LOOP('',(#9109,#9119,#9128,#9136));
#9109 = ORIENTED_EDGE('',*,*,#9110,.T.);
#9110 = EDGE_CURVE('',#9111,#9113,#9115,.T.);
#9111 = VERTEX_POINT('',#9112);
#9112 = CARTESIAN_POINT('',(130.55,-98.825,1.41));
#9113 = VERTEX_POINT('',#9114);
#9114 = CARTESIAN_POINT('',(130.55,-98.825,1.45));
#9115 = LINE('',#9116,#9117);
#9116 = CARTESIAN_POINT('',(130.55,-98.825,1.41));
#9117 = VECTOR('',#9118,1.);
#9118 = DIRECTION('',(0.,0.,1.));
#9119 = ORIENTED_EDGE('',*,*,#9120,.T.);
#9120 = EDGE_CURVE('',#9113,#9121,#9123,.T.);
#9121 = VERTEX_POINT('',#9122);
#9122 = CARTESIAN_POINT('',(130.8,-98.575,1.45));
#9123 = CIRCLE('',#9124,0.249998959685);
#9124 = AXIS2_PLACEMENT_3D('',#9125,#9126,#9127);
#9125 = CARTESIAN_POINT('',(130.79999895968,-98.82499895968,1.45));
#9126 = DIRECTION('',(0.,0.,-1.));
#9127 = DIRECTION('',(-0.999999999991,-4.161285893911E-06,-0.));
#9128 = ORIENTED_EDGE('',*,*,#9129,.F.);
#9129 = EDGE_CURVE('',#9130,#9121,#9132,.T.);
#9130 = VERTEX_POINT('',#9131);
#9131 = CARTESIAN_POINT('',(130.8,-98.575,1.41));
#9132 = LINE('',#9133,#9134);
#9133 = CARTESIAN_POINT('',(130.8,-98.575,1.41));
#9134 = VECTOR('',#9135,1.);
#9135 = DIRECTION('',(0.,0.,1.));
#9136 = ORIENTED_EDGE('',*,*,#9137,.F.);
#9137 = EDGE_CURVE('',#9111,#9130,#9138,.T.);
#9138 = CIRCLE('',#9139,0.249998959685);
#9139 = AXIS2_PLACEMENT_3D('',#9140,#9141,#9142);
#9140 = CARTESIAN_POINT('',(130.79999895968,-98.82499895968,1.41));
#9141 = DIRECTION('',(0.,0.,-1.));
#9142 = DIRECTION('',(-0.999999999991,-4.161285893911E-06,-0.));
#9143 = CYLINDRICAL_SURFACE('',#9144,0.249998959685);
#9144 = AXIS2_PLACEMENT_3D('',#9145,#9146,#9147);
#9145 = CARTESIAN_POINT('',(130.79999895968,-98.82499895968,1.41));
#9146 = DIRECTION('',(0.,0.,-1.));
#9147 = DIRECTION('',(-0.999999999991,-4.161285893911E-06,-0.));
#9148 = ADVANCED_FACE('',(#9149),#9174,.T.);
#9149 = FACE_BOUND('',#9150,.T.);
#9150 = EDGE_LOOP('',(#9151,#9152,#9160,#9168));
#9151 = ORIENTED_EDGE('',*,*,#9129,.T.);
#9152 = ORIENTED_EDGE('',*,*,#9153,.T.);
#9153 = EDGE_CURVE('',#9121,#9154,#9156,.T.);
#9154 = VERTEX_POINT('',#9155);
#9155 = CARTESIAN_POINT('',(133.7,-98.575,1.45));
#9156 = LINE('',#9157,#9158);
#9157 = CARTESIAN_POINT('',(130.8,-98.575,1.45));
#9158 = VECTOR('',#9159,1.);
#9159 = DIRECTION('',(1.,0.,0.));
#9160 = ORIENTED_EDGE('',*,*,#9161,.F.);
#9161 = EDGE_CURVE('',#9162,#9154,#9164,.T.);
#9162 = VERTEX_POINT('',#9163);
#9163 = CARTESIAN_POINT('',(133.7,-98.575,1.41));
#9164 = LINE('',#9165,#9166);
#9165 = CARTESIAN_POINT('',(133.7,-98.575,1.41));
#9166 = VECTOR('',#9167,1.);
#9167 = DIRECTION('',(0.,0.,1.));
#9168 = ORIENTED_EDGE('',*,*,#9169,.F.);
#9169 = EDGE_CURVE('',#9130,#9162,#9170,.T.);
#9170 = LINE('',#9171,#9172);
#9171 = CARTESIAN_POINT('',(130.8,-98.575,1.41));
#9172 = VECTOR('',#9173,1.);
#9173 = DIRECTION('',(1.,0.,0.));
#9174 = PLANE('',#9175);
#9175 = AXIS2_PLACEMENT_3D('',#9176,#9177,#9178);
#9176 = CARTESIAN_POINT('',(130.8,-98.575,1.41));
#9177 = DIRECTION('',(0.,1.,0.));
#9178 = DIRECTION('',(1.,0.,0.));
#9179 = ADVANCED_FACE('',(#9180),#9207,.T.);
#9180 = FACE_BOUND('',#9181,.T.);
#9181 = EDGE_LOOP('',(#9182,#9183,#9192,#9200));
#9182 = ORIENTED_EDGE('',*,*,#9161,.T.);
#9183 = ORIENTED_EDGE('',*,*,#9184,.T.);
#9184 = EDGE_CURVE('',#9154,#9185,#9187,.T.);
#9185 = VERTEX_POINT('',#9186);
#9186 = CARTESIAN_POINT('',(133.95,-98.825,1.45));
#9187 = CIRCLE('',#9188,0.249998959685);
#9188 = AXIS2_PLACEMENT_3D('',#9189,#9190,#9191);
#9189 = CARTESIAN_POINT('',(133.70000104031,-98.82499895968,1.45));
#9190 = DIRECTION('',(0.,0.,-1.));
#9191 = DIRECTION('',(-4.161285950754E-06,0.999999999991,0.));
#9192 = ORIENTED_EDGE('',*,*,#9193,.F.);
#9193 = EDGE_CURVE('',#9194,#9185,#9196,.T.);
#9194 = VERTEX_POINT('',#9195);
#9195 = CARTESIAN_POINT('',(133.95,-98.825,1.41));
#9196 = LINE('',#9197,#9198);
#9197 = CARTESIAN_POINT('',(133.95,-98.825,1.41));
#9198 = VECTOR('',#9199,1.);
#9199 = DIRECTION('',(0.,0.,1.));
#9200 = ORIENTED_EDGE('',*,*,#9201,.F.);
#9201 = EDGE_CURVE('',#9162,#9194,#9202,.T.);
#9202 = CIRCLE('',#9203,0.249998959685);
#9203 = AXIS2_PLACEMENT_3D('',#9204,#9205,#9206);
#9204 = CARTESIAN_POINT('',(133.70000104031,-98.82499895968,1.41));
#9205 = DIRECTION('',(0.,0.,-1.));
#9206 = DIRECTION('',(-4.161285950754E-06,0.999999999991,0.));
#9207 = CYLINDRICAL_SURFACE('',#9208,0.249998959685);
#9208 = AXIS2_PLACEMENT_3D('',#9209,#9210,#9211);
#9209 = CARTESIAN_POINT('',(133.70000104031,-98.82499895968,1.41));
#9210 = DIRECTION('',(0.,0.,-1.));
#9211 = DIRECTION('',(-4.161285950754E-06,0.999999999991,0.));
#9212 = ADVANCED_FACE('',(#9213),#9238,.T.);
#9213 = FACE_BOUND('',#9214,.T.);
#9214 = EDGE_LOOP('',(#9215,#9216,#9224,#9232));
#9215 = ORIENTED_EDGE('',*,*,#9193,.T.);
#9216 = ORIENTED_EDGE('',*,*,#9217,.T.);
#9217 = EDGE_CURVE('',#9185,#9218,#9220,.T.);
#9218 = VERTEX_POINT('',#9219);
#9219 = CARTESIAN_POINT('',(133.95,-99.625,1.45));
#9220 = LINE('',#9221,#9222);
#9221 = CARTESIAN_POINT('',(133.95,-98.825,1.45));
#9222 = VECTOR('',#9223,1.);
#9223 = DIRECTION('',(0.,-1.,0.));
#9224 = ORIENTED_EDGE('',*,*,#9225,.F.);
#9225 = EDGE_CURVE('',#9226,#9218,#9228,.T.);
#9226 = VERTEX_POINT('',#9227);
#9227 = CARTESIAN_POINT('',(133.95,-99.625,1.41));
#9228 = LINE('',#9229,#9230);
#9229 = CARTESIAN_POINT('',(133.95,-99.625,1.41));
#9230 = VECTOR('',#9231,1.);
#9231 = DIRECTION('',(0.,0.,1.));
#9232 = ORIENTED_EDGE('',*,*,#9233,.F.);
#9233 = EDGE_CURVE('',#9194,#9226,#9234,.T.);
#9234 = LINE('',#9235,#9236);
#9235 = CARTESIAN_POINT('',(133.95,-98.825,1.41));
#9236 = VECTOR('',#9237,1.);
#9237 = DIRECTION('',(0.,-1.,0.));
#9238 = PLANE('',#9239);
#9239 = AXIS2_PLACEMENT_3D('',#9240,#9241,#9242);
#9240 = CARTESIAN_POINT('',(133.95,-98.825,1.41));
#9241 = DIRECTION('',(1.,0.,-0.));
#9242 = DIRECTION('',(0.,-1.,0.));
#9243 = ADVANCED_FACE('',(#9244),#9271,.T.);
#9244 = FACE_BOUND('',#9245,.T.);
#9245 = EDGE_LOOP('',(#9246,#9247,#9256,#9264));
#9246 = ORIENTED_EDGE('',*,*,#9225,.T.);
#9247 = ORIENTED_EDGE('',*,*,#9248,.T.);
#9248 = EDGE_CURVE('',#9218,#9249,#9251,.T.);
#9249 = VERTEX_POINT('',#9250);
#9250 = CARTESIAN_POINT('',(133.7,-99.875,1.45));
#9251 = CIRCLE('',#9252,0.249998959685);
#9252 = AXIS2_PLACEMENT_3D('',#9253,#9254,#9255);
#9253 = CARTESIAN_POINT('',(133.70000104031,-99.62500104031,1.45));
#9254 = DIRECTION('',(0.,0.,-1.));
#9255 = DIRECTION('',(0.999999999991,4.161285950754E-06,0.));
#9256 = ORIENTED_EDGE('',*,*,#9257,.F.);
#9257 = EDGE_CURVE('',#9258,#9249,#9260,.T.);
#9258 = VERTEX_POINT('',#9259);
#9259 = CARTESIAN_POINT('',(133.7,-99.875,1.41));
#9260 = LINE('',#9261,#9262);
#9261 = CARTESIAN_POINT('',(133.7,-99.875,1.41));
#9262 = VECTOR('',#9263,1.);
#9263 = DIRECTION('',(0.,0.,1.));
#9264 = ORIENTED_EDGE('',*,*,#9265,.F.);
#9265 = EDGE_CURVE('',#9226,#9258,#9266,.T.);
#9266 = CIRCLE('',#9267,0.249998959685);
#9267 = AXIS2_PLACEMENT_3D('',#9268,#9269,#9270);
#9268 = CARTESIAN_POINT('',(133.70000104031,-99.62500104031,1.41));
#9269 = DIRECTION('',(0.,0.,-1.));
#9270 = DIRECTION('',(0.999999999991,4.161285950754E-06,0.));
#9271 = CYLINDRICAL_SURFACE('',#9272,0.249998959685);
#9272 = AXIS2_PLACEMENT_3D('',#9273,#9274,#9275);
#9273 = CARTESIAN_POINT('',(133.70000104031,-99.62500104031,1.41));
#9274 = DIRECTION('',(0.,0.,-1.));
#9275 = DIRECTION('',(0.999999999991,4.161285950754E-06,0.));
#9276 = ADVANCED_FACE('',(#9277),#9302,.T.);
#9277 = FACE_BOUND('',#9278,.T.);
#9278 = EDGE_LOOP('',(#9279,#9280,#9288,#9296));
#9279 = ORIENTED_EDGE('',*,*,#9257,.T.);
#9280 = ORIENTED_EDGE('',*,*,#9281,.T.);
#9281 = EDGE_CURVE('',#9249,#9282,#9284,.T.);
#9282 = VERTEX_POINT('',#9283);
#9283 = CARTESIAN_POINT('',(130.8,-99.875,1.45));
#9284 = LINE('',#9285,#9286);
#9285 = CARTESIAN_POINT('',(133.7,-99.875,1.45));
#9286 = VECTOR('',#9287,1.);
#9287 = DIRECTION('',(-1.,0.,0.));
#9288 = ORIENTED_EDGE('',*,*,#9289,.F.);
#9289 = EDGE_CURVE('',#9290,#9282,#9292,.T.);
#9290 = VERTEX_POINT('',#9291);
#9291 = CARTESIAN_POINT('',(130.8,-99.875,1.41));
#9292 = LINE('',#9293,#9294);
#9293 = CARTESIAN_POINT('',(130.8,-99.875,1.41));
#9294 = VECTOR('',#9295,1.);
#9295 = DIRECTION('',(0.,0.,1.));
#9296 = ORIENTED_EDGE('',*,*,#9297,.F.);
#9297 = EDGE_CURVE('',#9258,#9290,#9298,.T.);
#9298 = LINE('',#9299,#9300);
#9299 = CARTESIAN_POINT('',(133.7,-99.875,1.41));
#9300 = VECTOR('',#9301,1.);
#9301 = DIRECTION('',(-1.,0.,0.));
#9302 = PLANE('',#9303);
#9303 = AXIS2_PLACEMENT_3D('',#9304,#9305,#9306);
#9304 = CARTESIAN_POINT('',(133.7,-99.875,1.41));
#9305 = DIRECTION('',(0.,-1.,0.));
#9306 = DIRECTION('',(-1.,0.,0.));
#9307 = ADVANCED_FACE('',(#9308),#9335,.T.);
#9308 = FACE_BOUND('',#9309,.T.);
#9309 = EDGE_LOOP('',(#9310,#9311,#9320,#9328));
#9310 = ORIENTED_EDGE('',*,*,#9289,.T.);
#9311 = ORIENTED_EDGE('',*,*,#9312,.T.);
#9312 = EDGE_CURVE('',#9282,#9313,#9315,.T.);
#9313 = VERTEX_POINT('',#9314);
#9314 = CARTESIAN_POINT('',(130.55,-99.625,1.45));
#9315 = CIRCLE('',#9316,0.249998959685);
#9316 = AXIS2_PLACEMENT_3D('',#9317,#9318,#9319);
#9317 = CARTESIAN_POINT('',(130.79999895968,-99.62500104031,1.45));
#9318 = DIRECTION('',(0.,0.,-1.));
#9319 = DIRECTION('',(4.161285950754E-06,-0.999999999991,0.));
#9320 = ORIENTED_EDGE('',*,*,#9321,.F.);
#9321 = EDGE_CURVE('',#9322,#9313,#9324,.T.);
#9322 = VERTEX_POINT('',#9323);
#9323 = CARTESIAN_POINT('',(130.55,-99.625,1.41));
#9324 = LINE('',#9325,#9326);
#9325 = CARTESIAN_POINT('',(130.55,-99.625,1.41));
#9326 = VECTOR('',#9327,1.);
#9327 = DIRECTION('',(0.,0.,1.));
#9328 = ORIENTED_EDGE('',*,*,#9329,.F.);
#9329 = EDGE_CURVE('',#9290,#9322,#9330,.T.);
#9330 = CIRCLE('',#9331,0.249998959685);
#9331 = AXIS2_PLACEMENT_3D('',#9332,#9333,#9334);
#9332 = CARTESIAN_POINT('',(130.79999895968,-99.62500104031,1.41));
#9333 = DIRECTION('',(0.,0.,-1.));
#9334 = DIRECTION('',(4.161285950754E-06,-0.999999999991,0.));
#9335 = CYLINDRICAL_SURFACE('',#9336,0.249998959685);
#9336 = AXIS2_PLACEMENT_3D('',#9337,#9338,#9339);
#9337 = CARTESIAN_POINT('',(130.79999895968,-99.62500104031,1.41));
#9338 = DIRECTION('',(0.,0.,-1.));
#9339 = DIRECTION('',(4.161285950754E-06,-0.999999999991,0.));
#9340 = ADVANCED_FACE('',(#9341),#9357,.T.);
#9341 = FACE_BOUND('',#9342,.T.);
#9342 = EDGE_LOOP('',(#9343,#9344,#9350,#9351));
#9343 = ORIENTED_EDGE('',*,*,#9321,.T.);
#9344 = ORIENTED_EDGE('',*,*,#9345,.T.);
#9345 = EDGE_CURVE('',#9313,#9113,#9346,.T.);
#9346 = LINE('',#9347,#9348);
#9347 = CARTESIAN_POINT('',(130.55,-99.625,1.45));
#9348 = VECTOR('',#9349,1.);
#9349 = DIRECTION('',(0.,1.,0.));
#9350 = ORIENTED_EDGE('',*,*,#9110,.F.);
#9351 = ORIENTED_EDGE('',*,*,#9352,.F.);
#9352 = EDGE_CURVE('',#9322,#9111,#9353,.T.);
#9353 = LINE('',#9354,#9355);
#9354 = CARTESIAN_POINT('',(130.55,-99.625,1.41));
#9355 = VECTOR('',#9356,1.);
#9356 = DIRECTION('',(0.,1.,0.));
#9357 = PLANE('',#9358);
#9358 = AXIS2_PLACEMENT_3D('',#9359,#9360,#9361);
#9359 = CARTESIAN_POINT('',(130.55,-99.625,1.41));
#9360 = DIRECTION('',(-1.,0.,0.));
#9361 = DIRECTION('',(0.,1.,0.));
#9362 = ADVANCED_FACE('',(#9363),#9373,.F.);
#9363 = FACE_BOUND('',#9364,.T.);
#9364 = EDGE_LOOP('',(#9365,#9366,#9367,#9368,#9369,#9370,#9371,#9372));
#9365 = ORIENTED_EDGE('',*,*,#9137,.T.);
#9366 = ORIENTED_EDGE('',*,*,#9169,.T.);
#9367 = ORIENTED_EDGE('',*,*,#9201,.T.);
#9368 = ORIENTED_EDGE('',*,*,#9233,.T.);
#9369 = ORIENTED_EDGE('',*,*,#9265,.T.);
#9370 = ORIENTED_EDGE('',*,*,#9297,.T.);
#9371 = ORIENTED_EDGE('',*,*,#9329,.T.);
#9372 = ORIENTED_EDGE('',*,*,#9352,.T.);
#9373 = PLANE('',#9374);
#9374 = AXIS2_PLACEMENT_3D('',#9375,#9376,#9377);
#9375 = CARTESIAN_POINT('',(0.,0.,1.41));
#9376 = DIRECTION('',(0.,0.,1.));
#9377 = DIRECTION('',(1.,0.,-0.));
#9378 = ADVANCED_FACE('',(#9379),#9389,.T.);
#9379 = FACE_BOUND('',#9380,.F.);
#9380 = EDGE_LOOP('',(#9381,#9382,#9383,#9384,#9385,#9386,#9387,#9388));
#9381 = ORIENTED_EDGE('',*,*,#9120,.T.);
#9382 = ORIENTED_EDGE('',*,*,#9153,.T.);
#9383 = ORIENTED_EDGE('',*,*,#9184,.T.);
#9384 = ORIENTED_EDGE('',*,*,#9217,.T.);
#9385 = ORIENTED_EDGE('',*,*,#9248,.T.);
#9386 = ORIENTED_EDGE('',*,*,#9281,.T.);
#9387 = ORIENTED_EDGE('',*,*,#9312,.T.);
#9388 = ORIENTED_EDGE('',*,*,#9345,.T.);
#9389 = PLANE('',#9390);
#9390 = AXIS2_PLACEMENT_3D('',#9391,#9392,#9393);
#9391 = CARTESIAN_POINT('',(0.,0.,1.45));
#9392 = DIRECTION('',(0.,0.,1.));
#9393 = DIRECTION('',(1.,0.,-0.));
#9394 = MANIFOLD_SOLID_BREP('',#9395);
#9395 = CLOSED_SHELL('',(#9396,#9438,#9469,#9500,#9529,#9558,#9570));
#9396 = ADVANCED_FACE('',(#9397),#9433,.T.);
#9397 = FACE_BOUND('',#9398,.T.);
#9398 = EDGE_LOOP('',(#9399,#9409,#9418,#9426));
#9399 = ORIENTED_EDGE('',*,*,#9400,.T.);
#9400 = EDGE_CURVE('',#9401,#9403,#9405,.T.);
#9401 = VERTEX_POINT('',#9402);
#9402 = CARTESIAN_POINT('',(136.41,-99.35,1.41));
#9403 = VERTEX_POINT('',#9404);
#9404 = CARTESIAN_POINT('',(136.41,-99.35,1.45));
#9405 = LINE('',#9406,#9407);
#9406 = CARTESIAN_POINT('',(136.41,-99.35,1.41));
#9407 = VECTOR('',#9408,1.);
#9408 = DIRECTION('',(0.,0.,1.));
#9409 = ORIENTED_EDGE('',*,*,#9410,.T.);
#9410 = EDGE_CURVE('',#9403,#9411,#9413,.T.);
#9411 = VERTEX_POINT('',#9412);
#9412 = CARTESIAN_POINT('',(134.81,-99.35,1.45));
#9413 = CIRCLE('',#9414,0.8);
#9414 = AXIS2_PLACEMENT_3D('',#9415,#9416,#9417);
#9415 = CARTESIAN_POINT('',(135.61,-99.350000247,1.45));
#9416 = DIRECTION('',(0.,0.,-1.));
#9417 = DIRECTION('',(1.,3.087522948419E-07,0.));
#9418 = ORIENTED_EDGE('',*,*,#9419,.F.);
#9419 = EDGE_CURVE('',#9420,#9411,#9422,.T.);
#9420 = VERTEX_POINT('',#9421);
#9421 = CARTESIAN_POINT('',(134.81,-99.35,1.41));
#9422 = LINE('',#9423,#9424);
#9423 = CARTESIAN_POINT('',(134.81,-99.35,1.41));
#9424 = VECTOR('',#9425,1.);
#9425 = DIRECTION('',(0.,0.,1.));
#9426 = ORIENTED_EDGE('',*,*,#9427,.F.);
#9427 = EDGE_CURVE('',#9401,#9420,#9428,.T.);
#9428 = CIRCLE('',#9429,0.8);
#9429 = AXIS2_PLACEMENT_3D('',#9430,#9431,#9432);
#9430 = CARTESIAN_POINT('',(135.61,-99.350000247,1.41));
#9431 = DIRECTION('',(0.,0.,-1.));
#9432 = DIRECTION('',(1.,3.087522948419E-07,0.));
#9433 = CYLINDRICAL_SURFACE('',#9434,0.8);
#9434 = AXIS2_PLACEMENT_3D('',#9435,#9436,#9437);
#9435 = CARTESIAN_POINT('',(135.61,-99.350000247,1.41));
#9436 = DIRECTION('',(0.,0.,-1.));
#9437 = DIRECTION('',(1.,3.087522948419E-07,0.));
#9438 = ADVANCED_FACE('',(#9439),#9464,.T.);
#9439 = FACE_BOUND('',#9440,.T.);
#9440 = EDGE_LOOP('',(#9441,#9451,#9457,#9458));
#9441 = ORIENTED_EDGE('',*,*,#9442,.T.);
#9442 = EDGE_CURVE('',#9443,#9445,#9447,.T.);
#9443 = VERTEX_POINT('',#9444);
#9444 = CARTESIAN_POINT('',(136.41,-98.65,1.41));
#9445 = VERTEX_POINT('',#9446);
#9446 = CARTESIAN_POINT('',(136.41,-98.65,1.45));
#9447 = LINE('',#9448,#9449);
#9448 = CARTESIAN_POINT('',(136.41,-98.65,1.41));
#9449 = VECTOR('',#9450,1.);
#9450 = DIRECTION('',(0.,0.,1.));
#9451 = ORIENTED_EDGE('',*,*,#9452,.T.);
#9452 = EDGE_CURVE('',#9445,#9403,#9453,.T.);
#9453 = LINE('',#9454,#9455);
#9454 = CARTESIAN_POINT('',(136.41,-98.65,1.45));
#9455 = VECTOR('',#9456,1.);
#9456 = DIRECTION('',(0.,-1.,0.));
#9457 = ORIENTED_EDGE('',*,*,#9400,.F.);
#9458 = ORIENTED_EDGE('',*,*,#9459,.F.);
#9459 = EDGE_CURVE('',#9443,#9401,#9460,.T.);
#9460 = LINE('',#9461,#9462);
#9461 = CARTESIAN_POINT('',(136.41,-98.65,1.41));
#9462 = VECTOR('',#9463,1.);
#9463 = DIRECTION('',(0.,-1.,0.));
#9464 = PLANE('',#9465);
#9465 = AXIS2_PLACEMENT_3D('',#9466,#9467,#9468);
#9466 = CARTESIAN_POINT('',(136.41,-98.65,1.41));
#9467 = DIRECTION('',(1.,0.,-0.));
#9468 = DIRECTION('',(0.,-1.,0.));
#9469 = ADVANCED_FACE('',(#9470),#9495,.T.);
#9470 = FACE_BOUND('',#9471,.T.);
#9471 = EDGE_LOOP('',(#9472,#9473,#9481,#9489));
#9472 = ORIENTED_EDGE('',*,*,#9419,.T.);
#9473 = ORIENTED_EDGE('',*,*,#9474,.T.);
#9474 = EDGE_CURVE('',#9411,#9475,#9477,.T.);
#9475 = VERTEX_POINT('',#9476);
#9476 = CARTESIAN_POINT('',(134.81,-98.65,1.45));
#9477 = LINE('',#9478,#9479);
#9478 = CARTESIAN_POINT('',(134.81,-99.35,1.45));
#9479 = VECTOR('',#9480,1.);
#9480 = DIRECTION('',(0.,1.,0.));
#9481 = ORIENTED_EDGE('',*,*,#9482,.F.);
#9482 = EDGE_CURVE('',#9483,#9475,#9485,.T.);
#9483 = VERTEX_POINT('',#9484);
#9484 = CARTESIAN_POINT('',(134.81,-98.65,1.41));
#9485 = LINE('',#9486,#9487);
#9486 = CARTESIAN_POINT('',(134.81,-98.65,1.41));
#9487 = VECTOR('',#9488,1.);
#9488 = DIRECTION('',(0.,0.,1.));
#9489 = ORIENTED_EDGE('',*,*,#9490,.F.);
#9490 = EDGE_CURVE('',#9420,#9483,#9491,.T.);
#9491 = LINE('',#9492,#9493);
#9492 = CARTESIAN_POINT('',(134.81,-99.35,1.41));
#9493 = VECTOR('',#9494,1.);
#9494 = DIRECTION('',(0.,1.,0.));
#9495 = PLANE('',#9496);
#9496 = AXIS2_PLACEMENT_3D('',#9497,#9498,#9499);
#9497 = CARTESIAN_POINT('',(134.81,-99.35,1.41));
#9498 = DIRECTION('',(-1.,0.,0.));
#9499 = DIRECTION('',(0.,1.,0.));
#9500 = ADVANCED_FACE('',(#9501,#9513),#9524,.F.);
#9501 = FACE_BOUND('',#9502,.F.);
#9502 = EDGE_LOOP('',(#9503,#9504,#9505,#9512));
#9503 = ORIENTED_EDGE('',*,*,#9427,.F.);
#9504 = ORIENTED_EDGE('',*,*,#9459,.F.);
#9505 = ORIENTED_EDGE('',*,*,#9506,.F.);
#9506 = EDGE_CURVE('',#9483,#9443,#9507,.T.);
#9507 = CIRCLE('',#9508,0.8);
#9508 = AXIS2_PLACEMENT_3D('',#9509,#9510,#9511);
#9509 = CARTESIAN_POINT('',(135.61,-98.65000041093,1.41));
#9510 = DIRECTION('',(0.,0.,-1.));
#9511 = DIRECTION('',(-1.,5.136701197727E-07,0.));
#9512 = ORIENTED_EDGE('',*,*,#9490,.F.);
#9513 = FACE_BOUND('',#9514,.F.);
#9514 = EDGE_LOOP('',(#9515));
#9515 = ORIENTED_EDGE('',*,*,#9516,.T.);
#9516 = EDGE_CURVE('',#9517,#9517,#9519,.T.);
#9517 = VERTEX_POINT('',#9518);
#9518 = CARTESIAN_POINT('',(135.61,-99.475,1.41));
#9519 = CIRCLE('',#9520,0.475);
#9520 = AXIS2_PLACEMENT_3D('',#9521,#9522,#9523);
#9521 = CARTESIAN_POINT('',(135.61,-99.,1.41));
#9522 = DIRECTION('',(-0.,0.,-1.));
#9523 = DIRECTION('',(-0.,-1.,0.));
#9524 = PLANE('',#9525);
#9525 = AXIS2_PLACEMENT_3D('',#9526,#9527,#9528);
#9526 = CARTESIAN_POINT('',(0.,0.,1.41));
#9527 = DIRECTION('',(0.,0.,1.));
#9528 = DIRECTION('',(1.,0.,-0.));
#9529 = ADVANCED_FACE('',(#9530,#9542),#9553,.T.);
#9530 = FACE_BOUND('',#9531,.T.);
#9531 = EDGE_LOOP('',(#9532,#9533,#9534,#9541));
#9532 = ORIENTED_EDGE('',*,*,#9410,.F.);
#9533 = ORIENTED_EDGE('',*,*,#9452,.F.);
#9534 = ORIENTED_EDGE('',*,*,#9535,.F.);
#9535 = EDGE_CURVE('',#9475,#9445,#9536,.T.);
#9536 = CIRCLE('',#9537,0.8);
#9537 = AXIS2_PLACEMENT_3D('',#9538,#9539,#9540);
#9538 = CARTESIAN_POINT('',(135.61,-98.65000041093,1.45));
#9539 = DIRECTION('',(0.,0.,-1.));
#9540 = DIRECTION('',(-1.,5.136701197727E-07,0.));
#9541 = ORIENTED_EDGE('',*,*,#9474,.F.);
#9542 = FACE_BOUND('',#9543,.T.);
#9543 = EDGE_LOOP('',(#9544));
#9544 = ORIENTED_EDGE('',*,*,#9545,.T.);
#9545 = EDGE_CURVE('',#9546,#9546,#9548,.T.);
#9546 = VERTEX_POINT('',#9547);
#9547 = CARTESIAN_POINT('',(135.61,-99.475,1.45));
#9548 = CIRCLE('',#9549,0.475);
#9549 = AXIS2_PLACEMENT_3D('',#9550,#9551,#9552);
#9550 = CARTESIAN_POINT('',(135.61,-99.,1.45));
#9551 = DIRECTION('',(-0.,0.,-1.));
#9552 = DIRECTION('',(-0.,-1.,0.));
#9553 = PLANE('',#9554);
#9554 = AXIS2_PLACEMENT_3D('',#9555,#9556,#9557);
#9555 = CARTESIAN_POINT('',(0.,0.,1.45));
#9556 = DIRECTION('',(0.,0.,1.));
#9557 = DIRECTION('',(1.,0.,-0.));
#9558 = ADVANCED_FACE('',(#9559),#9565,.T.);
#9559 = FACE_BOUND('',#9560,.T.);
#9560 = EDGE_LOOP('',(#9561,#9562,#9563,#9564));
#9561 = ORIENTED_EDGE('',*,*,#9482,.T.);
#9562 = ORIENTED_EDGE('',*,*,#9535,.T.);
#9563 = ORIENTED_EDGE('',*,*,#9442,.F.);
#9564 = ORIENTED_EDGE('',*,*,#9506,.F.);
#9565 = CYLINDRICAL_SURFACE('',#9566,0.8);
#9566 = AXIS2_PLACEMENT_3D('',#9567,#9568,#9569);
#9567 = CARTESIAN_POINT('',(135.61,-98.65000041093,1.41));
#9568 = DIRECTION('',(0.,0.,-1.));
#9569 = DIRECTION('',(-1.,5.136701197727E-07,0.));
#9570 = ADVANCED_FACE('',(#9571),#9582,.F.);
#9571 = FACE_BOUND('',#9572,.T.);
#9572 = EDGE_LOOP('',(#9573,#9574,#9580,#9581));
#9573 = ORIENTED_EDGE('',*,*,#9516,.T.);
#9574 = ORIENTED_EDGE('',*,*,#9575,.T.);
#9575 = EDGE_CURVE('',#9517,#9546,#9576,.T.);
#9576 = LINE('',#9577,#9578);
#9577 = CARTESIAN_POINT('',(135.61,-99.475,-4.6E-02));
#9578 = VECTOR('',#9579,1.);
#9579 = DIRECTION('',(0.,0.,1.));
#9580 = ORIENTED_EDGE('',*,*,#9545,.F.);
#9581 = ORIENTED_EDGE('',*,*,#9575,.F.);
#9582 = CYLINDRICAL_SURFACE('',#9583,0.475);
#9583 = AXIS2_PLACEMENT_3D('',#9584,#9585,#9586);
#9584 = CARTESIAN_POINT('',(135.61,-99.,-4.6E-02));
#9585 = DIRECTION('',(-0.,-0.,-1.));
#9586 = DIRECTION('',(-0.,-1.,0.));
#9587 = MANIFOLD_SOLID_BREP('',#9588);
#9588 = CLOSED_SHELL('',(#9589,#9631,#9662,#9693,#9722,#9751,#9763));
#9589 = ADVANCED_FACE('',(#9590),#9626,.T.);
#9590 = FACE_BOUND('',#9591,.F.);
#9591 = EDGE_LOOP('',(#9592,#9602,#9611,#9619));
#9592 = ORIENTED_EDGE('',*,*,#9593,.T.);
#9593 = EDGE_CURVE('',#9594,#9596,#9598,.T.);
#9594 = VERTEX_POINT('',#9595);
#9595 = CARTESIAN_POINT('',(136.41,-99.35,0.));
#9596 = VERTEX_POINT('',#9597);
#9597 = CARTESIAN_POINT('',(136.41,-99.35,-4.E-02));
#9598 = LINE('',#9599,#9600);
#9599 = CARTESIAN_POINT('',(136.41,-99.35,0.));
#9600 = VECTOR('',#9601,1.);
#9601 = DIRECTION('',(0.,0.,-1.));
#9602 = ORIENTED_EDGE('',*,*,#9603,.T.);
#9603 = EDGE_CURVE('',#9596,#9604,#9606,.T.);
#9604 = VERTEX_POINT('',#9605);
#9605 = CARTESIAN_POINT('',(134.81,-99.35,-4.E-02));
#9606 = CIRCLE('',#9607,0.8);
#9607 = AXIS2_PLACEMENT_3D('',#9608,#9609,#9610);
#9608 = CARTESIAN_POINT('',(135.61,-99.350000247,-4.E-02));
#9609 = DIRECTION('',(0.,0.,-1.));
#9610 = DIRECTION('',(1.,3.087522948419E-07,0.));
#9611 = ORIENTED_EDGE('',*,*,#9612,.F.);
#9612 = EDGE_CURVE('',#9613,#9604,#9615,.T.);
#9613 = VERTEX_POINT('',#9614);
#9614 = CARTESIAN_POINT('',(134.81,-99.35,0.));
#9615 = LINE('',#9616,#9617);
#9616 = CARTESIAN_POINT('',(134.81,-99.35,0.));
#9617 = VECTOR('',#9618,1.);
#9618 = DIRECTION('',(0.,0.,-1.));
#9619 = ORIENTED_EDGE('',*,*,#9620,.F.);
#9620 = EDGE_CURVE('',#9594,#9613,#9621,.T.);
#9621 = CIRCLE('',#9622,0.8);
#9622 = AXIS2_PLACEMENT_3D('',#9623,#9624,#9625);
#9623 = CARTESIAN_POINT('',(135.61,-99.350000247,0.));
#9624 = DIRECTION('',(0.,0.,-1.));
#9625 = DIRECTION('',(1.,3.087522948419E-07,0.));
#9626 = CYLINDRICAL_SURFACE('',#9627,0.8);
#9627 = AXIS2_PLACEMENT_3D('',#9628,#9629,#9630);
#9628 = CARTESIAN_POINT('',(135.61,-99.350000247,0.));
#9629 = DIRECTION('',(-0.,-0.,1.));
#9630 = DIRECTION('',(1.,3.087522948419E-07,0.));
#9631 = ADVANCED_FACE('',(#9632),#9657,.F.);
#9632 = FACE_BOUND('',#9633,.F.);
#9633 = EDGE_LOOP('',(#9634,#9644,#9650,#9651));
#9634 = ORIENTED_EDGE('',*,*,#9635,.T.);
#9635 = EDGE_CURVE('',#9636,#9638,#9640,.T.);
#9636 = VERTEX_POINT('',#9637);
#9637 = CARTESIAN_POINT('',(136.41,-98.65,0.));
#9638 = VERTEX_POINT('',#9639);
#9639 = CARTESIAN_POINT('',(136.41,-98.65,-4.E-02));
#9640 = LINE('',#9641,#9642);
#9641 = CARTESIAN_POINT('',(136.41,-98.65,0.));
#9642 = VECTOR('',#9643,1.);
#9643 = DIRECTION('',(0.,0.,-1.));
#9644 = ORIENTED_EDGE('',*,*,#9645,.T.);
#9645 = EDGE_CURVE('',#9638,#9596,#9646,.T.);
#9646 = LINE('',#9647,#9648);
#9647 = CARTESIAN_POINT('',(136.41,-98.65,-4.E-02));
#9648 = VECTOR('',#9649,1.);
#9649 = DIRECTION('',(0.,-1.,0.));
#9650 = ORIENTED_EDGE('',*,*,#9593,.F.);
#9651 = ORIENTED_EDGE('',*,*,#9652,.F.);
#9652 = EDGE_CURVE('',#9636,#9594,#9653,.T.);
#9653 = LINE('',#9654,#9655);
#9654 = CARTESIAN_POINT('',(136.41,-98.65,0.));
#9655 = VECTOR('',#9656,1.);
#9656 = DIRECTION('',(0.,-1.,0.));
#9657 = PLANE('',#9658);
#9658 = AXIS2_PLACEMENT_3D('',#9659,#9660,#9661);
#9659 = CARTESIAN_POINT('',(136.41,-98.65,0.));
#9660 = DIRECTION('',(-1.,-0.,-0.));
#9661 = DIRECTION('',(0.,-1.,0.));
#9662 = ADVANCED_FACE('',(#9663),#9688,.F.);
#9663 = FACE_BOUND('',#9664,.F.);
#9664 = EDGE_LOOP('',(#9665,#9666,#9674,#9682));
#9665 = ORIENTED_EDGE('',*,*,#9612,.T.);
#9666 = ORIENTED_EDGE('',*,*,#9667,.T.);
#9667 = EDGE_CURVE('',#9604,#9668,#9670,.T.);
#9668 = VERTEX_POINT('',#9669);
#9669 = CARTESIAN_POINT('',(134.81,-98.65,-4.E-02));
#9670 = LINE('',#9671,#9672);
#9671 = CARTESIAN_POINT('',(134.81,-99.35,-4.E-02));
#9672 = VECTOR('',#9673,1.);
#9673 = DIRECTION('',(0.,1.,0.));
#9674 = ORIENTED_EDGE('',*,*,#9675,.F.);
#9675 = EDGE_CURVE('',#9676,#9668,#9678,.T.);
#9676 = VERTEX_POINT('',#9677);
#9677 = CARTESIAN_POINT('',(134.81,-98.65,0.));
#9678 = LINE('',#9679,#9680);
#9679 = CARTESIAN_POINT('',(134.81,-98.65,0.));
#9680 = VECTOR('',#9681,1.);
#9681 = DIRECTION('',(0.,0.,-1.));
#9682 = ORIENTED_EDGE('',*,*,#9683,.F.);
#9683 = EDGE_CURVE('',#9613,#9676,#9684,.T.);
#9684 = LINE('',#9685,#9686);
#9685 = CARTESIAN_POINT('',(134.81,-99.35,0.));
#9686 = VECTOR('',#9687,1.);
#9687 = DIRECTION('',(0.,1.,0.));
#9688 = PLANE('',#9689);
#9689 = AXIS2_PLACEMENT_3D('',#9690,#9691,#9692);
#9690 = CARTESIAN_POINT('',(134.81,-99.35,0.));
#9691 = DIRECTION('',(1.,-0.,0.));
#9692 = DIRECTION('',(0.,1.,0.));
#9693 = ADVANCED_FACE('',(#9694,#9706),#9717,.F.);
#9694 = FACE_BOUND('',#9695,.F.);
#9695 = EDGE_LOOP('',(#9696,#9697,#9698,#9705));
#9696 = ORIENTED_EDGE('',*,*,#9620,.T.);
#9697 = ORIENTED_EDGE('',*,*,#9683,.T.);
#9698 = ORIENTED_EDGE('',*,*,#9699,.T.);
#9699 = EDGE_CURVE('',#9676,#9636,#9700,.T.);
#9700 = CIRCLE('',#9701,0.8);
#9701 = AXIS2_PLACEMENT_3D('',#9702,#9703,#9704);
#9702 = CARTESIAN_POINT('',(135.61,-98.65000041093,0.));
#9703 = DIRECTION('',(0.,0.,-1.));
#9704 = DIRECTION('',(-1.,5.136701197727E-07,0.));
#9705 = ORIENTED_EDGE('',*,*,#9652,.T.);
#9706 = FACE_BOUND('',#9707,.F.);
#9707 = EDGE_LOOP('',(#9708));
#9708 = ORIENTED_EDGE('',*,*,#9709,.F.);
#9709 = EDGE_CURVE('',#9710,#9710,#9712,.T.);
#9710 = VERTEX_POINT('',#9711);
#9711 = CARTESIAN_POINT('',(135.61,-99.475,0.));
#9712 = CIRCLE('',#9713,0.475);
#9713 = AXIS2_PLACEMENT_3D('',#9714,#9715,#9716);
#9714 = CARTESIAN_POINT('',(135.61,-99.,0.));
#9715 = DIRECTION('',(-0.,0.,-1.));
#9716 = DIRECTION('',(-0.,-1.,0.));
#9717 = PLANE('',#9718);
#9718 = AXIS2_PLACEMENT_3D('',#9719,#9720,#9721);
#9719 = CARTESIAN_POINT('',(0.,0.,0.));
#9720 = DIRECTION('',(-0.,-0.,-1.));
#9721 = DIRECTION('',(-1.,0.,0.));
#9722 = ADVANCED_FACE('',(#9723,#9735),#9746,.T.);
#9723 = FACE_BOUND('',#9724,.T.);
#9724 = EDGE_LOOP('',(#9725,#9726,#9727,#9734));
#9725 = ORIENTED_EDGE('',*,*,#9603,.T.);
#9726 = ORIENTED_EDGE('',*,*,#9667,.T.);
#9727 = ORIENTED_EDGE('',*,*,#9728,.T.);
#9728 = EDGE_CURVE('',#9668,#9638,#9729,.T.);
#9729 = CIRCLE('',#9730,0.8);
#9730 = AXIS2_PLACEMENT_3D('',#9731,#9732,#9733);
#9731 = CARTESIAN_POINT('',(135.61,-98.65000041093,-4.E-02));
#9732 = DIRECTION('',(0.,0.,-1.));
#9733 = DIRECTION('',(-1.,5.136701197727E-07,0.));
#9734 = ORIENTED_EDGE('',*,*,#9645,.T.);
#9735 = FACE_BOUND('',#9736,.T.);
#9736 = EDGE_LOOP('',(#9737));
#9737 = ORIENTED_EDGE('',*,*,#9738,.F.);
#9738 = EDGE_CURVE('',#9739,#9739,#9741,.T.);
#9739 = VERTEX_POINT('',#9740);
#9740 = CARTESIAN_POINT('',(135.61,-99.475,-4.E-02));
#9741 = CIRCLE('',#9742,0.475);
#9742 = AXIS2_PLACEMENT_3D('',#9743,#9744,#9745);
#9743 = CARTESIAN_POINT('',(135.61,-99.,-4.E-02));
#9744 = DIRECTION('',(-0.,0.,-1.));
#9745 = DIRECTION('',(-0.,-1.,0.));
#9746 = PLANE('',#9747);
#9747 = AXIS2_PLACEMENT_3D('',#9748,#9749,#9750);
#9748 = CARTESIAN_POINT('',(0.,0.,-4.E-02));
#9749 = DIRECTION('',(-0.,-0.,-1.));
#9750 = DIRECTION('',(-1.,0.,0.));
#9751 = ADVANCED_FACE('',(#9752),#9758,.T.);
#9752 = FACE_BOUND('',#9753,.F.);
#9753 = EDGE_LOOP('',(#9754,#9755,#9756,#9757));
#9754 = ORIENTED_EDGE('',*,*,#9675,.T.);
#9755 = ORIENTED_EDGE('',*,*,#9728,.T.);
#9756 = ORIENTED_EDGE('',*,*,#9635,.F.);
#9757 = ORIENTED_EDGE('',*,*,#9699,.F.);
#9758 = CYLINDRICAL_SURFACE('',#9759,0.8);
#9759 = AXIS2_PLACEMENT_3D('',#9760,#9761,#9762);
#9760 = CARTESIAN_POINT('',(135.61,-98.65000041093,0.));
#9761 = DIRECTION('',(-0.,-0.,1.));
#9762 = DIRECTION('',(-1.,5.136701197727E-07,0.));
#9763 = ADVANCED_FACE('',(#9764),#9775,.F.);
#9764 = FACE_BOUND('',#9765,.T.);
#9765 = EDGE_LOOP('',(#9766,#9767,#9773,#9774));
#9766 = ORIENTED_EDGE('',*,*,#9738,.T.);
#9767 = ORIENTED_EDGE('',*,*,#9768,.T.);
#9768 = EDGE_CURVE('',#9739,#9710,#9769,.T.);
#9769 = LINE('',#9770,#9771);
#9770 = CARTESIAN_POINT('',(135.61,-99.475,-4.6E-02));
#9771 = VECTOR('',#9772,1.);
#9772 = DIRECTION('',(0.,0.,1.));
#9773 = ORIENTED_EDGE('',*,*,#9709,.F.);
#9774 = ORIENTED_EDGE('',*,*,#9768,.F.);
#9775 = CYLINDRICAL_SURFACE('',#9776,0.475);
#9776 = AXIS2_PLACEMENT_3D('',#9777,#9778,#9779);
#9777 = CARTESIAN_POINT('',(135.61,-99.,-4.6E-02));
#9778 = DIRECTION('',(-0.,-0.,-1.));
#9779 = DIRECTION('',(-0.,-1.,0.));
#9780 = MANIFOLD_SOLID_BREP('',#9781);
#9781 = CLOSED_SHELL('',(#9782,#9815,#9835,#9855));
#9782 = ADVANCED_FACE('',(#9783),#9810,.T.);
#9783 = FACE_BOUND('',#9784,.F.);
#9784 = EDGE_LOOP('',(#9785,#9795,#9802,#9803));
#9785 = ORIENTED_EDGE('',*,*,#9786,.T.);
#9786 = EDGE_CURVE('',#9787,#9789,#9791,.T.);
#9787 = VERTEX_POINT('',#9788);
#9788 = CARTESIAN_POINT('',(135.61,-99.5,-3.5E-02));
#9789 = VERTEX_POINT('',#9790);
#9790 = CARTESIAN_POINT('',(135.61,-99.5,1.445));
#9791 = LINE('',#9792,#9793);
#9792 = CARTESIAN_POINT('',(135.61,-99.5,-3.5E-02));
#9793 = VECTOR('',#9794,1.);
#9794 = DIRECTION('',(0.,0.,1.));
#9795 = ORIENTED_EDGE('',*,*,#9796,.T.);
#9796 = EDGE_CURVE('',#9789,#9789,#9797,.T.);
#9797 = CIRCLE('',#9798,0.5);
#9798 = AXIS2_PLACEMENT_3D('',#9799,#9800,#9801);
#9799 = CARTESIAN_POINT('',(135.61,-99.,1.445));
#9800 = DIRECTION('',(0.,0.,1.));
#9801 = DIRECTION('',(-0.,-1.,0.));
#9802 = ORIENTED_EDGE('',*,*,#9786,.F.);
#9803 = ORIENTED_EDGE('',*,*,#9804,.F.);
#9804 = EDGE_CURVE('',#9787,#9787,#9805,.T.);
#9805 = CIRCLE('',#9806,0.5);
#9806 = AXIS2_PLACEMENT_3D('',#9807,#9808,#9809);
#9807 = CARTESIAN_POINT('',(135.61,-99.,-3.5E-02));
#9808 = DIRECTION('',(0.,0.,1.));
#9809 = DIRECTION('',(-0.,-1.,0.));
#9810 = CYLINDRICAL_SURFACE('',#9811,0.5);
#9811 = AXIS2_PLACEMENT_3D('',#9812,#9813,#9814);
#9812 = CARTESIAN_POINT('',(135.61,-99.,-3.5E-02));
#9813 = DIRECTION('',(-0.,-0.,-1.));
#9814 = DIRECTION('',(-0.,-1.,0.));
#9815 = ADVANCED_FACE('',(#9816,#9819),#9830,.F.);
#9816 = FACE_BOUND('',#9817,.F.);
#9817 = EDGE_LOOP('',(#9818));
#9818 = ORIENTED_EDGE('',*,*,#9804,.T.);
#9819 = FACE_BOUND('',#9820,.F.);
#9820 = EDGE_LOOP('',(#9821));
#9821 = ORIENTED_EDGE('',*,*,#9822,.T.);
#9822 = EDGE_CURVE('',#9823,#9823,#9825,.T.);
#9823 = VERTEX_POINT('',#9824);
#9824 = CARTESIAN_POINT('',(135.61,-99.475,-3.5E-02));
#9825 = CIRCLE('',#9826,0.475);
#9826 = AXIS2_PLACEMENT_3D('',#9827,#9828,#9829);
#9827 = CARTESIAN_POINT('',(135.61,-99.,-3.5E-02));
#9828 = DIRECTION('',(-0.,0.,-1.));
#9829 = DIRECTION('',(-0.,-1.,0.));
#9830 = PLANE('',#9831);
#9831 = AXIS2_PLACEMENT_3D('',#9832,#9833,#9834);
#9832 = CARTESIAN_POINT('',(135.61,-99.5,-3.5E-02));
#9833 = DIRECTION('',(0.,0.,1.));
#9834 = DIRECTION('',(1.,0.,-0.));
#9835 = ADVANCED_FACE('',(#9836,#9839),#9850,.T.);
#9836 = FACE_BOUND('',#9837,.T.);
#9837 = EDGE_LOOP('',(#9838));
#9838 = ORIENTED_EDGE('',*,*,#9796,.T.);
#9839 = FACE_BOUND('',#9840,.T.);
#9840 = EDGE_LOOP('',(#9841));
#9841 = ORIENTED_EDGE('',*,*,#9842,.T.);
#9842 = EDGE_CURVE('',#9843,#9843,#9845,.T.);
#9843 = VERTEX_POINT('',#9844);
#9844 = CARTESIAN_POINT('',(135.61,-99.475,1.445));
#9845 = CIRCLE('',#9846,0.475);
#9846 = AXIS2_PLACEMENT_3D('',#9847,#9848,#9849);
#9847 = CARTESIAN_POINT('',(135.61,-99.,1.445));
#9848 = DIRECTION('',(-0.,0.,-1.));
#9849 = DIRECTION('',(-0.,-1.,0.));
#9850 = PLANE('',#9851);
#9851 = AXIS2_PLACEMENT_3D('',#9852,#9853,#9854);
#9852 = CARTESIAN_POINT('',(135.61,-99.5,1.445));
#9853 = DIRECTION('',(0.,0.,1.));
#9854 = DIRECTION('',(1.,0.,-0.));
#9855 = ADVANCED_FACE('',(#9856),#9867,.F.);
#9856 = FACE_BOUND('',#9857,.T.);
#9857 = EDGE_LOOP('',(#9858,#9859,#9865,#9866));
#9858 = ORIENTED_EDGE('',*,*,#9822,.T.);
#9859 = ORIENTED_EDGE('',*,*,#9860,.T.);
#9860 = EDGE_CURVE('',#9823,#9843,#9861,.T.);
#9861 = LINE('',#9862,#9863);
#9862 = CARTESIAN_POINT('',(135.61,-99.475,-4.6E-02));
#9863 = VECTOR('',#9864,1.);
#9864 = DIRECTION('',(0.,0.,1.));
#9865 = ORIENTED_EDGE('',*,*,#9842,.F.);
#9866 = ORIENTED_EDGE('',*,*,#9860,.F.);
#9867 = CYLINDRICAL_SURFACE('',#9868,0.475);
#9868 = AXIS2_PLACEMENT_3D('',#9869,#9870,#9871);
#9869 = CARTESIAN_POINT('',(135.61,-99.,-4.6E-02));
#9870 = DIRECTION('',(-0.,-0.,-1.));
#9871 = DIRECTION('',(-0.,-1.,0.));
#9872 = MANIFOLD_SOLID_BREP('',#9873);
#9873 = CLOSED_SHELL('',(#9874,#9916,#9947,#9978,#10007,#10036,#10048));
#9874 = ADVANCED_FACE('',(#9875),#9911,.T.);
#9875 = FACE_BOUND('',#9876,.T.);
#9876 = EDGE_LOOP('',(#9877,#9887,#9896,#9904));
#9877 = ORIENTED_EDGE('',*,*,#9878,.T.);
#9878 = EDGE_CURVE('',#9879,#9881,#9883,.T.);
#9879 = VERTEX_POINT('',#9880);
#9880 = CARTESIAN_POINT('',(138.95,-99.35,1.41));
#9881 = VERTEX_POINT('',#9882);
#9882 = CARTESIAN_POINT('',(138.95,-99.35,1.45));
#9883 = LINE('',#9884,#9885);
#9884 = CARTESIAN_POINT('',(138.95,-99.35,1.41));
#9885 = VECTOR('',#9886,1.);
#9886 = DIRECTION('',(0.,0.,1.));
#9887 = ORIENTED_EDGE('',*,*,#9888,.T.);
#9888 = EDGE_CURVE('',#9881,#9889,#9891,.T.);
#9889 = VERTEX_POINT('',#9890);
#9890 = CARTESIAN_POINT('',(137.35,-99.35,1.45));
#9891 = CIRCLE('',#9892,0.8);
#9892 = AXIS2_PLACEMENT_3D('',#9893,#9894,#9895);
#9893 = CARTESIAN_POINT('',(138.15,-99.350000247,1.45));
#9894 = DIRECTION('',(0.,0.,-1.));
#9895 = DIRECTION('',(1.,3.087522770784E-07,0.));
#9896 = ORIENTED_EDGE('',*,*,#9897,.F.);
#9897 = EDGE_CURVE('',#9898,#9889,#9900,.T.);
#9898 = VERTEX_POINT('',#9899);
#9899 = CARTESIAN_POINT('',(137.35,-99.35,1.41));
#9900 = LINE('',#9901,#9902);
#9901 = CARTESIAN_POINT('',(137.35,-99.35,1.41));
#9902 = VECTOR('',#9903,1.);
#9903 = DIRECTION('',(0.,0.,1.));
#9904 = ORIENTED_EDGE('',*,*,#9905,.F.);
#9905 = EDGE_CURVE('',#9879,#9898,#9906,.T.);
#9906 = CIRCLE('',#9907,0.8);
#9907 = AXIS2_PLACEMENT_3D('',#9908,#9909,#9910);
#9908 = CARTESIAN_POINT('',(138.15,-99.350000247,1.41));
#9909 = DIRECTION('',(0.,0.,-1.));
#9910 = DIRECTION('',(1.,3.087522770784E-07,0.));
#9911 = CYLINDRICAL_SURFACE('',#9912,0.8);
#9912 = AXIS2_PLACEMENT_3D('',#9913,#9914,#9915);
#9913 = CARTESIAN_POINT('',(138.15,-99.350000247,1.41));
#9914 = DIRECTION('',(0.,0.,-1.));
#9915 = DIRECTION('',(1.,3.087522770784E-07,0.));
#9916 = ADVANCED_FACE('',(#9917),#9942,.T.);
#9917 = FACE_BOUND('',#9918,.T.);
#9918 = EDGE_LOOP('',(#9919,#9929,#9935,#9936));
#9919 = ORIENTED_EDGE('',*,*,#9920,.T.);
#9920 = EDGE_CURVE('',#9921,#9923,#9925,.T.);
#9921 = VERTEX_POINT('',#9922);
#9922 = CARTESIAN_POINT('',(138.95,-98.65,1.41));
#9923 = VERTEX_POINT('',#9924);
#9924 = CARTESIAN_POINT('',(138.95,-98.65,1.45));
#9925 = LINE('',#9926,#9927);
#9926 = CARTESIAN_POINT('',(138.95,-98.65,1.41));
#9927 = VECTOR('',#9928,1.);
#9928 = DIRECTION('',(0.,0.,1.));
#9929 = ORIENTED_EDGE('',*,*,#9930,.T.);
#9930 = EDGE_CURVE('',#9923,#9881,#9931,.T.);
#9931 = LINE('',#9932,#9933);
#9932 = CARTESIAN_POINT('',(138.95,-98.65,1.45));
#9933 = VECTOR('',#9934,1.);
#9934 = DIRECTION('',(0.,-1.,0.));
#9935 = ORIENTED_EDGE('',*,*,#9878,.F.);
#9936 = ORIENTED_EDGE('',*,*,#9937,.F.);
#9937 = EDGE_CURVE('',#9921,#9879,#9938,.T.);
#9938 = LINE('',#9939,#9940);
#9939 = CARTESIAN_POINT('',(138.95,-98.65,1.41));
#9940 = VECTOR('',#9941,1.);
#9941 = DIRECTION('',(0.,-1.,0.));
#9942 = PLANE('',#9943);
#9943 = AXIS2_PLACEMENT_3D('',#9944,#9945,#9946);
#9944 = CARTESIAN_POINT('',(138.95,-98.65,1.41));
#9945 = DIRECTION('',(1.,0.,-0.));
#9946 = DIRECTION('',(0.,-1.,0.));
#9947 = ADVANCED_FACE('',(#9948),#9973,.T.);
#9948 = FACE_BOUND('',#9949,.T.);
#9949 = EDGE_LOOP('',(#9950,#9951,#9959,#9967));
#9950 = ORIENTED_EDGE('',*,*,#9897,.T.);
#9951 = ORIENTED_EDGE('',*,*,#9952,.T.);
#9952 = EDGE_CURVE('',#9889,#9953,#9955,.T.);
#9953 = VERTEX_POINT('',#9954);
#9954 = CARTESIAN_POINT('',(137.35,-98.65,1.45));
#9955 = LINE('',#9956,#9957);
#9956 = CARTESIAN_POINT('',(137.35,-99.35,1.45));
#9957 = VECTOR('',#9958,1.);
#9958 = DIRECTION('',(0.,1.,0.));
#9959 = ORIENTED_EDGE('',*,*,#9960,.F.);
#9960 = EDGE_CURVE('',#9961,#9953,#9963,.T.);
#9961 = VERTEX_POINT('',#9962);
#9962 = CARTESIAN_POINT('',(137.35,-98.65,1.41));
#9963 = LINE('',#9964,#9965);
#9964 = CARTESIAN_POINT('',(137.35,-98.65,1.41));
#9965 = VECTOR('',#9966,1.);
#9966 = DIRECTION('',(0.,0.,1.));
#9967 = ORIENTED_EDGE('',*,*,#9968,.F.);
#9968 = EDGE_CURVE('',#9898,#9961,#9969,.T.);
#9969 = LINE('',#9970,#9971);
#9970 = CARTESIAN_POINT('',(137.35,-99.35,1.41));
#9971 = VECTOR('',#9972,1.);
#9972 = DIRECTION('',(0.,1.,0.));
#9973 = PLANE('',#9974);
#9974 = AXIS2_PLACEMENT_3D('',#9975,#9976,#9977);
#9975 = CARTESIAN_POINT('',(137.35,-99.35,1.41));
#9976 = DIRECTION('',(-1.,0.,0.));
#9977 = DIRECTION('',(0.,1.,0.));
#9978 = ADVANCED_FACE('',(#9979,#9991),#10002,.F.);
#9979 = FACE_BOUND('',#9980,.F.);
#9980 = EDGE_LOOP('',(#9981,#9982,#9983,#9990));
#9981 = ORIENTED_EDGE('',*,*,#9905,.F.);
#9982 = ORIENTED_EDGE('',*,*,#9937,.F.);
#9983 = ORIENTED_EDGE('',*,*,#9984,.F.);
#9984 = EDGE_CURVE('',#9961,#9921,#9985,.T.);
#9985 = CIRCLE('',#9986,0.8);
#9986 = AXIS2_PLACEMENT_3D('',#9987,#9988,#9989);
#9987 = CARTESIAN_POINT('',(138.15,-98.65000041093,1.41));
#9988 = DIRECTION('',(0.,0.,-1.));
#9989 = DIRECTION('',(-1.,5.13670190827E-07,0.));
#9990 = ORIENTED_EDGE('',*,*,#9968,.F.);
#9991 = FACE_BOUND('',#9992,.F.);
#9992 = EDGE_LOOP('',(#9993));
#9993 = ORIENTED_EDGE('',*,*,#9994,.T.);
#9994 = EDGE_CURVE('',#9995,#9995,#9997,.T.);
#9995 = VERTEX_POINT('',#9996);
#9996 = CARTESIAN_POINT('',(138.15,-99.475,1.41));
#9997 = CIRCLE('',#9998,0.475);
#9998 = AXIS2_PLACEMENT_3D('',#9999,#10000,#10001);
#9999 = CARTESIAN_POINT('',(138.15,-99.,1.41));
#10000 = DIRECTION('',(-0.,0.,-1.));
#10001 = DIRECTION('',(-0.,-1.,0.));
#10002 = PLANE('',#10003);
#10003 = AXIS2_PLACEMENT_3D('',#10004,#10005,#10006);
#10004 = CARTESIAN_POINT('',(0.,0.,1.41));
#10005 = DIRECTION('',(0.,0.,1.));
#10006 = DIRECTION('',(1.,0.,-0.));
#10007 = ADVANCED_FACE('',(#10008,#10020),#10031,.T.);
#10008 = FACE_BOUND('',#10009,.T.);
#10009 = EDGE_LOOP('',(#10010,#10011,#10012,#10019));
#10010 = ORIENTED_EDGE('',*,*,#9888,.F.);
#10011 = ORIENTED_EDGE('',*,*,#9930,.F.);
#10012 = ORIENTED_EDGE('',*,*,#10013,.F.);
#10013 = EDGE_CURVE('',#9953,#9923,#10014,.T.);
#10014 = CIRCLE('',#10015,0.8);
#10015 = AXIS2_PLACEMENT_3D('',#10016,#10017,#10018);
#10016 = CARTESIAN_POINT('',(138.15,-98.65000041093,1.45));
#10017 = DIRECTION('',(0.,0.,-1.));
#10018 = DIRECTION('',(-1.,5.13670190827E-07,0.));
#10019 = ORIENTED_EDGE('',*,*,#9952,.F.);
#10020 = FACE_BOUND('',#10021,.T.);
#10021 = EDGE_LOOP('',(#10022));
#10022 = ORIENTED_EDGE('',*,*,#10023,.T.);
#10023 = EDGE_CURVE('',#10024,#10024,#10026,.T.);
#10024 = VERTEX_POINT('',#10025);
#10025 = CARTESIAN_POINT('',(138.15,-99.475,1.45));
#10026 = CIRCLE('',#10027,0.475);
#10027 = AXIS2_PLACEMENT_3D('',#10028,#10029,#10030);
#10028 = CARTESIAN_POINT('',(138.15,-99.,1.45));
#10029 = DIRECTION('',(-0.,0.,-1.));
#10030 = DIRECTION('',(-0.,-1.,0.));
#10031 = PLANE('',#10032);
#10032 = AXIS2_PLACEMENT_3D('',#10033,#10034,#10035);
#10033 = CARTESIAN_POINT('',(0.,0.,1.45));
#10034 = DIRECTION('',(0.,0.,1.));
#10035 = DIRECTION('',(1.,0.,-0.));
#10036 = ADVANCED_FACE('',(#10037),#10043,.T.);
#10037 = FACE_BOUND('',#10038,.T.);
#10038 = EDGE_LOOP('',(#10039,#10040,#10041,#10042));
#10039 = ORIENTED_EDGE('',*,*,#9960,.T.);
#10040 = ORIENTED_EDGE('',*,*,#10013,.T.);
#10041 = ORIENTED_EDGE('',*,*,#9920,.F.);
#10042 = ORIENTED_EDGE('',*,*,#9984,.F.);
#10043 = CYLINDRICAL_SURFACE('',#10044,0.8);
#10044 = AXIS2_PLACEMENT_3D('',#10045,#10046,#10047);
#10045 = CARTESIAN_POINT('',(138.15,-98.65000041093,1.41));
#10046 = DIRECTION('',(0.,0.,-1.));
#10047 = DIRECTION('',(-1.,5.13670190827E-07,0.));
#10048 = ADVANCED_FACE('',(#10049),#10060,.F.);
#10049 = FACE_BOUND('',#10050,.T.);
#10050 = EDGE_LOOP('',(#10051,#10052,#10058,#10059));
#10051 = ORIENTED_EDGE('',*,*,#9994,.T.);
#10052 = ORIENTED_EDGE('',*,*,#10053,.T.);
#10053 = EDGE_CURVE('',#9995,#10024,#10054,.T.);
#10054 = LINE('',#10055,#10056);
#10055 = CARTESIAN_POINT('',(138.15,-99.475,-4.6E-02));
#10056 = VECTOR('',#10057,1.);
#10057 = DIRECTION('',(0.,0.,1.));
#10058 = ORIENTED_EDGE('',*,*,#10023,.F.);
#10059 = ORIENTED_EDGE('',*,*,#10053,.F.);
#10060 = CYLINDRICAL_SURFACE('',#10061,0.475);
#10061 = AXIS2_PLACEMENT_3D('',#10062,#10063,#10064);
#10062 = CARTESIAN_POINT('',(138.15,-99.,-4.6E-02));
#10063 = DIRECTION('',(-0.,-0.,-1.));
#10064 = DIRECTION('',(-0.,-1.,0.));
#10065 = MANIFOLD_SOLID_BREP('',#10066);
#10066 = CLOSED_SHELL('',(#10067,#10109,#10140,#10171,#10200,#10229,
    #10241));
#10067 = ADVANCED_FACE('',(#10068),#10104,.T.);
#10068 = FACE_BOUND('',#10069,.F.);
#10069 = EDGE_LOOP('',(#10070,#10080,#10089,#10097));
#10070 = ORIENTED_EDGE('',*,*,#10071,.T.);
#10071 = EDGE_CURVE('',#10072,#10074,#10076,.T.);
#10072 = VERTEX_POINT('',#10073);
#10073 = CARTESIAN_POINT('',(138.95,-99.35,0.));
#10074 = VERTEX_POINT('',#10075);
#10075 = CARTESIAN_POINT('',(138.95,-99.35,-4.E-02));
#10076 = LINE('',#10077,#10078);
#10077 = CARTESIAN_POINT('',(138.95,-99.35,0.));
#10078 = VECTOR('',#10079,1.);
#10079 = DIRECTION('',(0.,0.,-1.));
#10080 = ORIENTED_EDGE('',*,*,#10081,.T.);
#10081 = EDGE_CURVE('',#10074,#10082,#10084,.T.);
#10082 = VERTEX_POINT('',#10083);
#10083 = CARTESIAN_POINT('',(137.35,-99.35,-4.E-02));
#10084 = CIRCLE('',#10085,0.8);
#10085 = AXIS2_PLACEMENT_3D('',#10086,#10087,#10088);
#10086 = CARTESIAN_POINT('',(138.15,-99.350000247,-4.E-02));
#10087 = DIRECTION('',(0.,0.,-1.));
#10088 = DIRECTION('',(1.,3.087522770784E-07,0.));
#10089 = ORIENTED_EDGE('',*,*,#10090,.F.);
#10090 = EDGE_CURVE('',#10091,#10082,#10093,.T.);
#10091 = VERTEX_POINT('',#10092);
#10092 = CARTESIAN_POINT('',(137.35,-99.35,0.));
#10093 = LINE('',#10094,#10095);
#10094 = CARTESIAN_POINT('',(137.35,-99.35,0.));
#10095 = VECTOR('',#10096,1.);
#10096 = DIRECTION('',(0.,0.,-1.));
#10097 = ORIENTED_EDGE('',*,*,#10098,.F.);
#10098 = EDGE_CURVE('',#10072,#10091,#10099,.T.);
#10099 = CIRCLE('',#10100,0.8);
#10100 = AXIS2_PLACEMENT_3D('',#10101,#10102,#10103);
#10101 = CARTESIAN_POINT('',(138.15,-99.350000247,0.));
#10102 = DIRECTION('',(0.,0.,-1.));
#10103 = DIRECTION('',(1.,3.087522770784E-07,0.));
#10104 = CYLINDRICAL_SURFACE('',#10105,0.8);
#10105 = AXIS2_PLACEMENT_3D('',#10106,#10107,#10108);
#10106 = CARTESIAN_POINT('',(138.15,-99.350000247,0.));
#10107 = DIRECTION('',(-0.,-0.,1.));
#10108 = DIRECTION('',(1.,3.087522770784E-07,0.));
#10109 = ADVANCED_FACE('',(#10110),#10135,.F.);
#10110 = FACE_BOUND('',#10111,.F.);
#10111 = EDGE_LOOP('',(#10112,#10122,#10128,#10129));
#10112 = ORIENTED_EDGE('',*,*,#10113,.T.);
#10113 = EDGE_CURVE('',#10114,#10116,#10118,.T.);
#10114 = VERTEX_POINT('',#10115);
#10115 = CARTESIAN_POINT('',(138.95,-98.65,0.));
#10116 = VERTEX_POINT('',#10117);
#10117 = CARTESIAN_POINT('',(138.95,-98.65,-4.E-02));
#10118 = LINE('',#10119,#10120);
#10119 = CARTESIAN_POINT('',(138.95,-98.65,0.));
#10120 = VECTOR('',#10121,1.);
#10121 = DIRECTION('',(0.,0.,-1.));
#10122 = ORIENTED_EDGE('',*,*,#10123,.T.);
#10123 = EDGE_CURVE('',#10116,#10074,#10124,.T.);
#10124 = LINE('',#10125,#10126);
#10125 = CARTESIAN_POINT('',(138.95,-98.65,-4.E-02));
#10126 = VECTOR('',#10127,1.);
#10127 = DIRECTION('',(0.,-1.,0.));
#10128 = ORIENTED_EDGE('',*,*,#10071,.F.);
#10129 = ORIENTED_EDGE('',*,*,#10130,.F.);
#10130 = EDGE_CURVE('',#10114,#10072,#10131,.T.);
#10131 = LINE('',#10132,#10133);
#10132 = CARTESIAN_POINT('',(138.95,-98.65,0.));
#10133 = VECTOR('',#10134,1.);
#10134 = DIRECTION('',(0.,-1.,0.));
#10135 = PLANE('',#10136);
#10136 = AXIS2_PLACEMENT_3D('',#10137,#10138,#10139);
#10137 = CARTESIAN_POINT('',(138.95,-98.65,0.));
#10138 = DIRECTION('',(-1.,-0.,-0.));
#10139 = DIRECTION('',(0.,-1.,0.));
#10140 = ADVANCED_FACE('',(#10141),#10166,.F.);
#10141 = FACE_BOUND('',#10142,.F.);
#10142 = EDGE_LOOP('',(#10143,#10144,#10152,#10160));
#10143 = ORIENTED_EDGE('',*,*,#10090,.T.);
#10144 = ORIENTED_EDGE('',*,*,#10145,.T.);
#10145 = EDGE_CURVE('',#10082,#10146,#10148,.T.);
#10146 = VERTEX_POINT('',#10147);
#10147 = CARTESIAN_POINT('',(137.35,-98.65,-4.E-02));
#10148 = LINE('',#10149,#10150);
#10149 = CARTESIAN_POINT('',(137.35,-99.35,-4.E-02));
#10150 = VECTOR('',#10151,1.);
#10151 = DIRECTION('',(0.,1.,0.));
#10152 = ORIENTED_EDGE('',*,*,#10153,.F.);
#10153 = EDGE_CURVE('',#10154,#10146,#10156,.T.);
#10154 = VERTEX_POINT('',#10155);
#10155 = CARTESIAN_POINT('',(137.35,-98.65,0.));
#10156 = LINE('',#10157,#10158);
#10157 = CARTESIAN_POINT('',(137.35,-98.65,0.));
#10158 = VECTOR('',#10159,1.);
#10159 = DIRECTION('',(0.,0.,-1.));
#10160 = ORIENTED_EDGE('',*,*,#10161,.F.);
#10161 = EDGE_CURVE('',#10091,#10154,#10162,.T.);
#10162 = LINE('',#10163,#10164);
#10163 = CARTESIAN_POINT('',(137.35,-99.35,0.));
#10164 = VECTOR('',#10165,1.);
#10165 = DIRECTION('',(0.,1.,0.));
#10166 = PLANE('',#10167);
#10167 = AXIS2_PLACEMENT_3D('',#10168,#10169,#10170);
#10168 = CARTESIAN_POINT('',(137.35,-99.35,0.));
#10169 = DIRECTION('',(1.,-0.,0.));
#10170 = DIRECTION('',(0.,1.,0.));
#10171 = ADVANCED_FACE('',(#10172,#10184),#10195,.F.);
#10172 = FACE_BOUND('',#10173,.F.);
#10173 = EDGE_LOOP('',(#10174,#10175,#10176,#10183));
#10174 = ORIENTED_EDGE('',*,*,#10098,.T.);
#10175 = ORIENTED_EDGE('',*,*,#10161,.T.);
#10176 = ORIENTED_EDGE('',*,*,#10177,.T.);
#10177 = EDGE_CURVE('',#10154,#10114,#10178,.T.);
#10178 = CIRCLE('',#10179,0.8);
#10179 = AXIS2_PLACEMENT_3D('',#10180,#10181,#10182);
#10180 = CARTESIAN_POINT('',(138.15,-98.65000041093,0.));
#10181 = DIRECTION('',(0.,0.,-1.));
#10182 = DIRECTION('',(-1.,5.13670190827E-07,0.));
#10183 = ORIENTED_EDGE('',*,*,#10130,.T.);
#10184 = FACE_BOUND('',#10185,.F.);
#10185 = EDGE_LOOP('',(#10186));
#10186 = ORIENTED_EDGE('',*,*,#10187,.F.);
#10187 = EDGE_CURVE('',#10188,#10188,#10190,.T.);
#10188 = VERTEX_POINT('',#10189);
#10189 = CARTESIAN_POINT('',(138.15,-99.475,0.));
#10190 = CIRCLE('',#10191,0.475);
#10191 = AXIS2_PLACEMENT_3D('',#10192,#10193,#10194);
#10192 = CARTESIAN_POINT('',(138.15,-99.,0.));
#10193 = DIRECTION('',(-0.,0.,-1.));
#10194 = DIRECTION('',(-0.,-1.,0.));
#10195 = PLANE('',#10196);
#10196 = AXIS2_PLACEMENT_3D('',#10197,#10198,#10199);
#10197 = CARTESIAN_POINT('',(0.,0.,0.));
#10198 = DIRECTION('',(-0.,-0.,-1.));
#10199 = DIRECTION('',(-1.,0.,0.));
#10200 = ADVANCED_FACE('',(#10201,#10213),#10224,.T.);
#10201 = FACE_BOUND('',#10202,.T.);
#10202 = EDGE_LOOP('',(#10203,#10204,#10205,#10212));
#10203 = ORIENTED_EDGE('',*,*,#10081,.T.);
#10204 = ORIENTED_EDGE('',*,*,#10145,.T.);
#10205 = ORIENTED_EDGE('',*,*,#10206,.T.);
#10206 = EDGE_CURVE('',#10146,#10116,#10207,.T.);
#10207 = CIRCLE('',#10208,0.8);
#10208 = AXIS2_PLACEMENT_3D('',#10209,#10210,#10211);
#10209 = CARTESIAN_POINT('',(138.15,-98.65000041093,-4.E-02));
#10210 = DIRECTION('',(0.,0.,-1.));
#10211 = DIRECTION('',(-1.,5.13670190827E-07,0.));
#10212 = ORIENTED_EDGE('',*,*,#10123,.T.);
#10213 = FACE_BOUND('',#10214,.T.);
#10214 = EDGE_LOOP('',(#10215));
#10215 = ORIENTED_EDGE('',*,*,#10216,.F.);
#10216 = EDGE_CURVE('',#10217,#10217,#10219,.T.);
#10217 = VERTEX_POINT('',#10218);
#10218 = CARTESIAN_POINT('',(138.15,-99.475,-4.E-02));
#10219 = CIRCLE('',#10220,0.475);
#10220 = AXIS2_PLACEMENT_3D('',#10221,#10222,#10223);
#10221 = CARTESIAN_POINT('',(138.15,-99.,-4.E-02));
#10222 = DIRECTION('',(-0.,0.,-1.));
#10223 = DIRECTION('',(-0.,-1.,0.));
#10224 = PLANE('',#10225);
#10225 = AXIS2_PLACEMENT_3D('',#10226,#10227,#10228);
#10226 = CARTESIAN_POINT('',(0.,0.,-4.E-02));
#10227 = DIRECTION('',(-0.,-0.,-1.));
#10228 = DIRECTION('',(-1.,0.,0.));
#10229 = ADVANCED_FACE('',(#10230),#10236,.T.);
#10230 = FACE_BOUND('',#10231,.F.);
#10231 = EDGE_LOOP('',(#10232,#10233,#10234,#10235));
#10232 = ORIENTED_EDGE('',*,*,#10153,.T.);
#10233 = ORIENTED_EDGE('',*,*,#10206,.T.);
#10234 = ORIENTED_EDGE('',*,*,#10113,.F.);
#10235 = ORIENTED_EDGE('',*,*,#10177,.F.);
#10236 = CYLINDRICAL_SURFACE('',#10237,0.8);
#10237 = AXIS2_PLACEMENT_3D('',#10238,#10239,#10240);
#10238 = CARTESIAN_POINT('',(138.15,-98.65000041093,0.));
#10239 = DIRECTION('',(-0.,-0.,1.));
#10240 = DIRECTION('',(-1.,5.13670190827E-07,0.));
#10241 = ADVANCED_FACE('',(#10242),#10253,.F.);
#10242 = FACE_BOUND('',#10243,.T.);
#10243 = EDGE_LOOP('',(#10244,#10245,#10251,#10252));
#10244 = ORIENTED_EDGE('',*,*,#10216,.T.);
#10245 = ORIENTED_EDGE('',*,*,#10246,.T.);
#10246 = EDGE_CURVE('',#10217,#10188,#10247,.T.);
#10247 = LINE('',#10248,#10249);
#10248 = CARTESIAN_POINT('',(138.15,-99.475,-4.6E-02));
#10249 = VECTOR('',#10250,1.);
#10250 = DIRECTION('',(0.,0.,1.));
#10251 = ORIENTED_EDGE('',*,*,#10187,.F.);
#10252 = ORIENTED_EDGE('',*,*,#10246,.F.);
#10253 = CYLINDRICAL_SURFACE('',#10254,0.475);
#10254 = AXIS2_PLACEMENT_3D('',#10255,#10256,#10257);
#10255 = CARTESIAN_POINT('',(138.15,-99.,-4.6E-02));
#10256 = DIRECTION('',(-0.,-0.,-1.));
#10257 = DIRECTION('',(-0.,-1.,0.));
#10258 = MANIFOLD_SOLID_BREP('',#10259);
#10259 = CLOSED_SHELL('',(#10260,#10293,#10313,#10333));
#10260 = ADVANCED_FACE('',(#10261),#10288,.T.);
#10261 = FACE_BOUND('',#10262,.F.);
#10262 = EDGE_LOOP('',(#10263,#10273,#10280,#10281));
#10263 = ORIENTED_EDGE('',*,*,#10264,.T.);
#10264 = EDGE_CURVE('',#10265,#10267,#10269,.T.);
#10265 = VERTEX_POINT('',#10266);
#10266 = CARTESIAN_POINT('',(138.15,-99.5,-3.5E-02));
#10267 = VERTEX_POINT('',#10268);
#10268 = CARTESIAN_POINT('',(138.15,-99.5,1.445));
#10269 = LINE('',#10270,#10271);
#10270 = CARTESIAN_POINT('',(138.15,-99.5,-3.5E-02));
#10271 = VECTOR('',#10272,1.);
#10272 = DIRECTION('',(0.,0.,1.));
#10273 = ORIENTED_EDGE('',*,*,#10274,.T.);
#10274 = EDGE_CURVE('',#10267,#10267,#10275,.T.);
#10275 = CIRCLE('',#10276,0.5);
#10276 = AXIS2_PLACEMENT_3D('',#10277,#10278,#10279);
#10277 = CARTESIAN_POINT('',(138.15,-99.,1.445));
#10278 = DIRECTION('',(0.,0.,1.));
#10279 = DIRECTION('',(-0.,-1.,0.));
#10280 = ORIENTED_EDGE('',*,*,#10264,.F.);
#10281 = ORIENTED_EDGE('',*,*,#10282,.F.);
#10282 = EDGE_CURVE('',#10265,#10265,#10283,.T.);
#10283 = CIRCLE('',#10284,0.5);
#10284 = AXIS2_PLACEMENT_3D('',#10285,#10286,#10287);
#10285 = CARTESIAN_POINT('',(138.15,-99.,-3.5E-02));
#10286 = DIRECTION('',(0.,0.,1.));
#10287 = DIRECTION('',(-0.,-1.,0.));
#10288 = CYLINDRICAL_SURFACE('',#10289,0.5);
#10289 = AXIS2_PLACEMENT_3D('',#10290,#10291,#10292);
#10290 = CARTESIAN_POINT('',(138.15,-99.,-3.5E-02));
#10291 = DIRECTION('',(-0.,-0.,-1.));
#10292 = DIRECTION('',(-0.,-1.,0.));
#10293 = ADVANCED_FACE('',(#10294,#10297),#10308,.F.);
#10294 = FACE_BOUND('',#10295,.F.);
#10295 = EDGE_LOOP('',(#10296));
#10296 = ORIENTED_EDGE('',*,*,#10282,.T.);
#10297 = FACE_BOUND('',#10298,.F.);
#10298 = EDGE_LOOP('',(#10299));
#10299 = ORIENTED_EDGE('',*,*,#10300,.T.);
#10300 = EDGE_CURVE('',#10301,#10301,#10303,.T.);
#10301 = VERTEX_POINT('',#10302);
#10302 = CARTESIAN_POINT('',(138.15,-99.475,-3.5E-02));
#10303 = CIRCLE('',#10304,0.475);
#10304 = AXIS2_PLACEMENT_3D('',#10305,#10306,#10307);
#10305 = CARTESIAN_POINT('',(138.15,-99.,-3.5E-02));
#10306 = DIRECTION('',(-0.,0.,-1.));
#10307 = DIRECTION('',(-0.,-1.,0.));
#10308 = PLANE('',#10309);
#10309 = AXIS2_PLACEMENT_3D('',#10310,#10311,#10312);
#10310 = CARTESIAN_POINT('',(138.15,-99.5,-3.5E-02));
#10311 = DIRECTION('',(0.,0.,1.));
#10312 = DIRECTION('',(1.,0.,-0.));
#10313 = ADVANCED_FACE('',(#10314,#10317),#10328,.T.);
#10314 = FACE_BOUND('',#10315,.T.);
#10315 = EDGE_LOOP('',(#10316));
#10316 = ORIENTED_EDGE('',*,*,#10274,.T.);
#10317 = FACE_BOUND('',#10318,.T.);
#10318 = EDGE_LOOP('',(#10319));
#10319 = ORIENTED_EDGE('',*,*,#10320,.T.);
#10320 = EDGE_CURVE('',#10321,#10321,#10323,.T.);
#10321 = VERTEX_POINT('',#10322);
#10322 = CARTESIAN_POINT('',(138.15,-99.475,1.445));
#10323 = CIRCLE('',#10324,0.475);
#10324 = AXIS2_PLACEMENT_3D('',#10325,#10326,#10327);
#10325 = CARTESIAN_POINT('',(138.15,-99.,1.445));
#10326 = DIRECTION('',(-0.,0.,-1.));
#10327 = DIRECTION('',(-0.,-1.,0.));
#10328 = PLANE('',#10329);
#10329 = AXIS2_PLACEMENT_3D('',#10330,#10331,#10332);
#10330 = CARTESIAN_POINT('',(138.15,-99.5,1.445));
#10331 = DIRECTION('',(0.,0.,1.));
#10332 = DIRECTION('',(1.,0.,-0.));
#10333 = ADVANCED_FACE('',(#10334),#10345,.F.);
#10334 = FACE_BOUND('',#10335,.T.);
#10335 = EDGE_LOOP('',(#10336,#10337,#10343,#10344));
#10336 = ORIENTED_EDGE('',*,*,#10300,.T.);
#10337 = ORIENTED_EDGE('',*,*,#10338,.T.);
#10338 = EDGE_CURVE('',#10301,#10321,#10339,.T.);
#10339 = LINE('',#10340,#10341);
#10340 = CARTESIAN_POINT('',(138.15,-99.475,-4.6E-02));
#10341 = VECTOR('',#10342,1.);
#10342 = DIRECTION('',(0.,0.,1.));
#10343 = ORIENTED_EDGE('',*,*,#10320,.F.);
#10344 = ORIENTED_EDGE('',*,*,#10338,.F.);
#10345 = CYLINDRICAL_SURFACE('',#10346,0.475);
#10346 = AXIS2_PLACEMENT_3D('',#10347,#10348,#10349);
#10347 = CARTESIAN_POINT('',(138.15,-99.,-4.6E-02));
#10348 = DIRECTION('',(-0.,-0.,-1.));
#10349 = DIRECTION('',(-0.,-1.,0.));
#10350 = MANIFOLD_SOLID_BREP('',#10351);
#10351 = CLOSED_SHELL('',(#10352,#10394,#10425,#10456,#10485,#10514,
    #10526));
#10352 = ADVANCED_FACE('',(#10353),#10389,.T.);
#10353 = FACE_BOUND('',#10354,.T.);
#10354 = EDGE_LOOP('',(#10355,#10365,#10374,#10382));
#10355 = ORIENTED_EDGE('',*,*,#10356,.T.);
#10356 = EDGE_CURVE('',#10357,#10359,#10361,.T.);
#10357 = VERTEX_POINT('',#10358);
#10358 = CARTESIAN_POINT('',(149.11,-99.35,1.41));
#10359 = VERTEX_POINT('',#10360);
#10360 = CARTESIAN_POINT('',(149.11,-99.35,1.45));
#10361 = LINE('',#10362,#10363);
#10362 = CARTESIAN_POINT('',(149.11,-99.35,1.41));
#10363 = VECTOR('',#10364,1.);
#10364 = DIRECTION('',(0.,0.,1.));
#10365 = ORIENTED_EDGE('',*,*,#10366,.T.);
#10366 = EDGE_CURVE('',#10359,#10367,#10369,.T.);
#10367 = VERTEX_POINT('',#10368);
#10368 = CARTESIAN_POINT('',(147.51,-99.35,1.45));
#10369 = CIRCLE('',#10370,0.8);
#10370 = AXIS2_PLACEMENT_3D('',#10371,#10372,#10373);
#10371 = CARTESIAN_POINT('',(148.31,-99.350000247,1.45));
#10372 = DIRECTION('',(0.,0.,-1.));
#10373 = DIRECTION('',(1.,3.087522593148E-07,0.));
#10374 = ORIENTED_EDGE('',*,*,#10375,.F.);
#10375 = EDGE_CURVE('',#10376,#10367,#10378,.T.);
#10376 = VERTEX_POINT('',#10377);
#10377 = CARTESIAN_POINT('',(147.51,-99.35,1.41));
#10378 = LINE('',#10379,#10380);
#10379 = CARTESIAN_POINT('',(147.51,-99.35,1.41));
#10380 = VECTOR('',#10381,1.);
#10381 = DIRECTION('',(0.,0.,1.));
#10382 = ORIENTED_EDGE('',*,*,#10383,.F.);
#10383 = EDGE_CURVE('',#10357,#10376,#10384,.T.);
#10384 = CIRCLE('',#10385,0.8);
#10385 = AXIS2_PLACEMENT_3D('',#10386,#10387,#10388);
#10386 = CARTESIAN_POINT('',(148.31,-99.350000247,1.41));
#10387 = DIRECTION('',(0.,0.,-1.));
#10388 = DIRECTION('',(1.,3.087522593148E-07,0.));
#10389 = CYLINDRICAL_SURFACE('',#10390,0.8);
#10390 = AXIS2_PLACEMENT_3D('',#10391,#10392,#10393);
#10391 = CARTESIAN_POINT('',(148.31,-99.350000247,1.41));
#10392 = DIRECTION('',(0.,0.,-1.));
#10393 = DIRECTION('',(1.,3.087522593148E-07,0.));
#10394 = ADVANCED_FACE('',(#10395),#10420,.T.);
#10395 = FACE_BOUND('',#10396,.T.);
#10396 = EDGE_LOOP('',(#10397,#10407,#10413,#10414));
#10397 = ORIENTED_EDGE('',*,*,#10398,.T.);
#10398 = EDGE_CURVE('',#10399,#10401,#10403,.T.);
#10399 = VERTEX_POINT('',#10400);
#10400 = CARTESIAN_POINT('',(149.11,-98.65,1.41));
#10401 = VERTEX_POINT('',#10402);
#10402 = CARTESIAN_POINT('',(149.11,-98.65,1.45));
#10403 = LINE('',#10404,#10405);
#10404 = CARTESIAN_POINT('',(149.11,-98.65,1.41));
#10405 = VECTOR('',#10406,1.);
#10406 = DIRECTION('',(0.,0.,1.));
#10407 = ORIENTED_EDGE('',*,*,#10408,.T.);
#10408 = EDGE_CURVE('',#10401,#10359,#10409,.T.);
#10409 = LINE('',#10410,#10411);
#10410 = CARTESIAN_POINT('',(149.11,-98.65,1.45));
#10411 = VECTOR('',#10412,1.);
#10412 = DIRECTION('',(0.,-1.,0.));
#10413 = ORIENTED_EDGE('',*,*,#10356,.F.);
#10414 = ORIENTED_EDGE('',*,*,#10415,.F.);
#10415 = EDGE_CURVE('',#10399,#10357,#10416,.T.);
#10416 = LINE('',#10417,#10418);
#10417 = CARTESIAN_POINT('',(149.11,-98.65,1.41));
#10418 = VECTOR('',#10419,1.);
#10419 = DIRECTION('',(0.,-1.,0.));
#10420 = PLANE('',#10421);
#10421 = AXIS2_PLACEMENT_3D('',#10422,#10423,#10424);
#10422 = CARTESIAN_POINT('',(149.11,-98.65,1.41));
#10423 = DIRECTION('',(1.,0.,-0.));
#10424 = DIRECTION('',(0.,-1.,0.));
#10425 = ADVANCED_FACE('',(#10426),#10451,.T.);
#10426 = FACE_BOUND('',#10427,.T.);
#10427 = EDGE_LOOP('',(#10428,#10429,#10437,#10445));
#10428 = ORIENTED_EDGE('',*,*,#10375,.T.);
#10429 = ORIENTED_EDGE('',*,*,#10430,.T.);
#10430 = EDGE_CURVE('',#10367,#10431,#10433,.T.);
#10431 = VERTEX_POINT('',#10432);
#10432 = CARTESIAN_POINT('',(147.51,-98.65,1.45));
#10433 = LINE('',#10434,#10435);
#10434 = CARTESIAN_POINT('',(147.51,-99.35,1.45));
#10435 = VECTOR('',#10436,1.);
#10436 = DIRECTION('',(0.,1.,0.));
#10437 = ORIENTED_EDGE('',*,*,#10438,.F.);
#10438 = EDGE_CURVE('',#10439,#10431,#10441,.T.);
#10439 = VERTEX_POINT('',#10440);
#10440 = CARTESIAN_POINT('',(147.51,-98.65,1.41));
#10441 = LINE('',#10442,#10443);
#10442 = CARTESIAN_POINT('',(147.51,-98.65,1.41));
#10443 = VECTOR('',#10444,1.);
#10444 = DIRECTION('',(0.,0.,1.));
#10445 = ORIENTED_EDGE('',*,*,#10446,.F.);
#10446 = EDGE_CURVE('',#10376,#10439,#10447,.T.);
#10447 = LINE('',#10448,#10449);
#10448 = CARTESIAN_POINT('',(147.51,-99.35,1.41));
#10449 = VECTOR('',#10450,1.);
#10450 = DIRECTION('',(0.,1.,0.));
#10451 = PLANE('',#10452);
#10452 = AXIS2_PLACEMENT_3D('',#10453,#10454,#10455);
#10453 = CARTESIAN_POINT('',(147.51,-99.35,1.41));
#10454 = DIRECTION('',(-1.,0.,0.));
#10455 = DIRECTION('',(0.,1.,0.));
#10456 = ADVANCED_FACE('',(#10457,#10469),#10480,.F.);
#10457 = FACE_BOUND('',#10458,.F.);
#10458 = EDGE_LOOP('',(#10459,#10460,#10461,#10468));
#10459 = ORIENTED_EDGE('',*,*,#10383,.F.);
#10460 = ORIENTED_EDGE('',*,*,#10415,.F.);
#10461 = ORIENTED_EDGE('',*,*,#10462,.F.);
#10462 = EDGE_CURVE('',#10439,#10399,#10463,.T.);
#10463 = CIRCLE('',#10464,0.8);
#10464 = AXIS2_PLACEMENT_3D('',#10465,#10466,#10467);
#10465 = CARTESIAN_POINT('',(148.31,-98.65000041093,1.41));
#10466 = DIRECTION('',(0.,0.,-1.));
#10467 = DIRECTION('',(-1.,5.136702085905E-07,0.));
#10468 = ORIENTED_EDGE('',*,*,#10446,.F.);
#10469 = FACE_BOUND('',#10470,.F.);
#10470 = EDGE_LOOP('',(#10471));
#10471 = ORIENTED_EDGE('',*,*,#10472,.T.);
#10472 = EDGE_CURVE('',#10473,#10473,#10475,.T.);
#10473 = VERTEX_POINT('',#10474);
#10474 = CARTESIAN_POINT('',(148.31,-99.475,1.41));
#10475 = CIRCLE('',#10476,0.475);
#10476 = AXIS2_PLACEMENT_3D('',#10477,#10478,#10479);
#10477 = CARTESIAN_POINT('',(148.31,-99.,1.41));
#10478 = DIRECTION('',(-0.,0.,-1.));
#10479 = DIRECTION('',(-0.,-1.,0.));
#10480 = PLANE('',#10481);
#10481 = AXIS2_PLACEMENT_3D('',#10482,#10483,#10484);
#10482 = CARTESIAN_POINT('',(0.,0.,1.41));
#10483 = DIRECTION('',(0.,0.,1.));
#10484 = DIRECTION('',(1.,0.,-0.));
#10485 = ADVANCED_FACE('',(#10486,#10498),#10509,.T.);
#10486 = FACE_BOUND('',#10487,.T.);
#10487 = EDGE_LOOP('',(#10488,#10489,#10490,#10497));
#10488 = ORIENTED_EDGE('',*,*,#10366,.F.);
#10489 = ORIENTED_EDGE('',*,*,#10408,.F.);
#10490 = ORIENTED_EDGE('',*,*,#10491,.F.);
#10491 = EDGE_CURVE('',#10431,#10401,#10492,.T.);
#10492 = CIRCLE('',#10493,0.8);
#10493 = AXIS2_PLACEMENT_3D('',#10494,#10495,#10496);
#10494 = CARTESIAN_POINT('',(148.31,-98.65000041093,1.45));
#10495 = DIRECTION('',(0.,0.,-1.));
#10496 = DIRECTION('',(-1.,5.136702085905E-07,0.));
#10497 = ORIENTED_EDGE('',*,*,#10430,.F.);
#10498 = FACE_BOUND('',#10499,.T.);
#10499 = EDGE_LOOP('',(#10500));
#10500 = ORIENTED_EDGE('',*,*,#10501,.T.);
#10501 = EDGE_CURVE('',#10502,#10502,#10504,.T.);
#10502 = VERTEX_POINT('',#10503);
#10503 = CARTESIAN_POINT('',(148.31,-99.475,1.45));
#10504 = CIRCLE('',#10505,0.475);
#10505 = AXIS2_PLACEMENT_3D('',#10506,#10507,#10508);
#10506 = CARTESIAN_POINT('',(148.31,-99.,1.45));
#10507 = DIRECTION('',(-0.,0.,-1.));
#10508 = DIRECTION('',(-0.,-1.,0.));
#10509 = PLANE('',#10510);
#10510 = AXIS2_PLACEMENT_3D('',#10511,#10512,#10513);
#10511 = CARTESIAN_POINT('',(0.,0.,1.45));
#10512 = DIRECTION('',(0.,0.,1.));
#10513 = DIRECTION('',(1.,0.,-0.));
#10514 = ADVANCED_FACE('',(#10515),#10521,.T.);
#10515 = FACE_BOUND('',#10516,.T.);
#10516 = EDGE_LOOP('',(#10517,#10518,#10519,#10520));
#10517 = ORIENTED_EDGE('',*,*,#10438,.T.);
#10518 = ORIENTED_EDGE('',*,*,#10491,.T.);
#10519 = ORIENTED_EDGE('',*,*,#10398,.F.);
#10520 = ORIENTED_EDGE('',*,*,#10462,.F.);
#10521 = CYLINDRICAL_SURFACE('',#10522,0.8);
#10522 = AXIS2_PLACEMENT_3D('',#10523,#10524,#10525);
#10523 = CARTESIAN_POINT('',(148.31,-98.65000041093,1.41));
#10524 = DIRECTION('',(0.,0.,-1.));
#10525 = DIRECTION('',(-1.,5.136702085905E-07,0.));
#10526 = ADVANCED_FACE('',(#10527),#10538,.F.);
#10527 = FACE_BOUND('',#10528,.T.);
#10528 = EDGE_LOOP('',(#10529,#10530,#10536,#10537));
#10529 = ORIENTED_EDGE('',*,*,#10472,.T.);
#10530 = ORIENTED_EDGE('',*,*,#10531,.T.);
#10531 = EDGE_CURVE('',#10473,#10502,#10532,.T.);
#10532 = LINE('',#10533,#10534);
#10533 = CARTESIAN_POINT('',(148.31,-99.475,-4.6E-02));
#10534 = VECTOR('',#10535,1.);
#10535 = DIRECTION('',(0.,0.,1.));
#10536 = ORIENTED_EDGE('',*,*,#10501,.F.);
#10537 = ORIENTED_EDGE('',*,*,#10531,.F.);
#10538 = CYLINDRICAL_SURFACE('',#10539,0.475);
#10539 = AXIS2_PLACEMENT_3D('',#10540,#10541,#10542);
#10540 = CARTESIAN_POINT('',(148.31,-99.,-4.6E-02));
#10541 = DIRECTION('',(-0.,-0.,-1.));
#10542 = DIRECTION('',(-0.,-1.,0.));
#10543 = MANIFOLD_SOLID_BREP('',#10544);
#10544 = CLOSED_SHELL('',(#10545,#10587,#10618,#10649,#10678,#10707,
    #10719));
#10545 = ADVANCED_FACE('',(#10546),#10582,.T.);
#10546 = FACE_BOUND('',#10547,.F.);
#10547 = EDGE_LOOP('',(#10548,#10558,#10567,#10575));
#10548 = ORIENTED_EDGE('',*,*,#10549,.T.);
#10549 = EDGE_CURVE('',#10550,#10552,#10554,.T.);
#10550 = VERTEX_POINT('',#10551);
#10551 = CARTESIAN_POINT('',(149.11,-99.35,0.));
#10552 = VERTEX_POINT('',#10553);
#10553 = CARTESIAN_POINT('',(149.11,-99.35,-4.E-02));
#10554 = LINE('',#10555,#10556);
#10555 = CARTESIAN_POINT('',(149.11,-99.35,0.));
#10556 = VECTOR('',#10557,1.);
#10557 = DIRECTION('',(0.,0.,-1.));
#10558 = ORIENTED_EDGE('',*,*,#10559,.T.);
#10559 = EDGE_CURVE('',#10552,#10560,#10562,.T.);
#10560 = VERTEX_POINT('',#10561);
#10561 = CARTESIAN_POINT('',(147.51,-99.35,-4.E-02));
#10562 = CIRCLE('',#10563,0.8);
#10563 = AXIS2_PLACEMENT_3D('',#10564,#10565,#10566);
#10564 = CARTESIAN_POINT('',(148.31,-99.350000247,-4.E-02));
#10565 = DIRECTION('',(0.,0.,-1.));
#10566 = DIRECTION('',(1.,3.087522593148E-07,0.));
#10567 = ORIENTED_EDGE('',*,*,#10568,.F.);
#10568 = EDGE_CURVE('',#10569,#10560,#10571,.T.);
#10569 = VERTEX_POINT('',#10570);
#10570 = CARTESIAN_POINT('',(147.51,-99.35,0.));
#10571 = LINE('',#10572,#10573);
#10572 = CARTESIAN_POINT('',(147.51,-99.35,0.));
#10573 = VECTOR('',#10574,1.);
#10574 = DIRECTION('',(0.,0.,-1.));
#10575 = ORIENTED_EDGE('',*,*,#10576,.F.);
#10576 = EDGE_CURVE('',#10550,#10569,#10577,.T.);
#10577 = CIRCLE('',#10578,0.8);
#10578 = AXIS2_PLACEMENT_3D('',#10579,#10580,#10581);
#10579 = CARTESIAN_POINT('',(148.31,-99.350000247,0.));
#10580 = DIRECTION('',(0.,0.,-1.));
#10581 = DIRECTION('',(1.,3.087522593148E-07,0.));
#10582 = CYLINDRICAL_SURFACE('',#10583,0.8);
#10583 = AXIS2_PLACEMENT_3D('',#10584,#10585,#10586);
#10584 = CARTESIAN_POINT('',(148.31,-99.350000247,0.));
#10585 = DIRECTION('',(-0.,-0.,1.));
#10586 = DIRECTION('',(1.,3.087522593148E-07,0.));
#10587 = ADVANCED_FACE('',(#10588),#10613,.F.);
#10588 = FACE_BOUND('',#10589,.F.);
#10589 = EDGE_LOOP('',(#10590,#10600,#10606,#10607));
#10590 = ORIENTED_EDGE('',*,*,#10591,.T.);
#10591 = EDGE_CURVE('',#10592,#10594,#10596,.T.);
#10592 = VERTEX_POINT('',#10593);
#10593 = CARTESIAN_POINT('',(149.11,-98.65,0.));
#10594 = VERTEX_POINT('',#10595);
#10595 = CARTESIAN_POINT('',(149.11,-98.65,-4.E-02));
#10596 = LINE('',#10597,#10598);
#10597 = CARTESIAN_POINT('',(149.11,-98.65,0.));
#10598 = VECTOR('',#10599,1.);
#10599 = DIRECTION('',(0.,0.,-1.));
#10600 = ORIENTED_EDGE('',*,*,#10601,.T.);
#10601 = EDGE_CURVE('',#10594,#10552,#10602,.T.);
#10602 = LINE('',#10603,#10604);
#10603 = CARTESIAN_POINT('',(149.11,-98.65,-4.E-02));
#10604 = VECTOR('',#10605,1.);
#10605 = DIRECTION('',(0.,-1.,0.));
#10606 = ORIENTED_EDGE('',*,*,#10549,.F.);
#10607 = ORIENTED_EDGE('',*,*,#10608,.F.);
#10608 = EDGE_CURVE('',#10592,#10550,#10609,.T.);
#10609 = LINE('',#10610,#10611);
#10610 = CARTESIAN_POINT('',(149.11,-98.65,0.));
#10611 = VECTOR('',#10612,1.);
#10612 = DIRECTION('',(0.,-1.,0.));
#10613 = PLANE('',#10614);
#10614 = AXIS2_PLACEMENT_3D('',#10615,#10616,#10617);
#10615 = CARTESIAN_POINT('',(149.11,-98.65,0.));
#10616 = DIRECTION('',(-1.,-0.,-0.));
#10617 = DIRECTION('',(0.,-1.,0.));
#10618 = ADVANCED_FACE('',(#10619),#10644,.F.);
#10619 = FACE_BOUND('',#10620,.F.);
#10620 = EDGE_LOOP('',(#10621,#10622,#10630,#10638));
#10621 = ORIENTED_EDGE('',*,*,#10568,.T.);
#10622 = ORIENTED_EDGE('',*,*,#10623,.T.);
#10623 = EDGE_CURVE('',#10560,#10624,#10626,.T.);
#10624 = VERTEX_POINT('',#10625);
#10625 = CARTESIAN_POINT('',(147.51,-98.65,-4.E-02));
#10626 = LINE('',#10627,#10628);
#10627 = CARTESIAN_POINT('',(147.51,-99.35,-4.E-02));
#10628 = VECTOR('',#10629,1.);
#10629 = DIRECTION('',(0.,1.,0.));
#10630 = ORIENTED_EDGE('',*,*,#10631,.F.);
#10631 = EDGE_CURVE('',#10632,#10624,#10634,.T.);
#10632 = VERTEX_POINT('',#10633);
#10633 = CARTESIAN_POINT('',(147.51,-98.65,0.));
#10634 = LINE('',#10635,#10636);
#10635 = CARTESIAN_POINT('',(147.51,-98.65,0.));
#10636 = VECTOR('',#10637,1.);
#10637 = DIRECTION('',(0.,0.,-1.));
#10638 = ORIENTED_EDGE('',*,*,#10639,.F.);
#10639 = EDGE_CURVE('',#10569,#10632,#10640,.T.);
#10640 = LINE('',#10641,#10642);
#10641 = CARTESIAN_POINT('',(147.51,-99.35,0.));
#10642 = VECTOR('',#10643,1.);
#10643 = DIRECTION('',(0.,1.,0.));
#10644 = PLANE('',#10645);
#10645 = AXIS2_PLACEMENT_3D('',#10646,#10647,#10648);
#10646 = CARTESIAN_POINT('',(147.51,-99.35,0.));
#10647 = DIRECTION('',(1.,-0.,0.));
#10648 = DIRECTION('',(0.,1.,0.));
#10649 = ADVANCED_FACE('',(#10650,#10662),#10673,.F.);
#10650 = FACE_BOUND('',#10651,.F.);
#10651 = EDGE_LOOP('',(#10652,#10653,#10654,#10661));
#10652 = ORIENTED_EDGE('',*,*,#10576,.T.);
#10653 = ORIENTED_EDGE('',*,*,#10639,.T.);
#10654 = ORIENTED_EDGE('',*,*,#10655,.T.);
#10655 = EDGE_CURVE('',#10632,#10592,#10656,.T.);
#10656 = CIRCLE('',#10657,0.8);
#10657 = AXIS2_PLACEMENT_3D('',#10658,#10659,#10660);
#10658 = CARTESIAN_POINT('',(148.31,-98.65000041093,0.));
#10659 = DIRECTION('',(0.,0.,-1.));
#10660 = DIRECTION('',(-1.,5.136702085905E-07,0.));
#10661 = ORIENTED_EDGE('',*,*,#10608,.T.);
#10662 = FACE_BOUND('',#10663,.F.);
#10663 = EDGE_LOOP('',(#10664));
#10664 = ORIENTED_EDGE('',*,*,#10665,.F.);
#10665 = EDGE_CURVE('',#10666,#10666,#10668,.T.);
#10666 = VERTEX_POINT('',#10667);
#10667 = CARTESIAN_POINT('',(148.31,-99.475,0.));
#10668 = CIRCLE('',#10669,0.475);
#10669 = AXIS2_PLACEMENT_3D('',#10670,#10671,#10672);
#10670 = CARTESIAN_POINT('',(148.31,-99.,0.));
#10671 = DIRECTION('',(-0.,0.,-1.));
#10672 = DIRECTION('',(-0.,-1.,0.));
#10673 = PLANE('',#10674);
#10674 = AXIS2_PLACEMENT_3D('',#10675,#10676,#10677);
#10675 = CARTESIAN_POINT('',(0.,0.,0.));
#10676 = DIRECTION('',(-0.,-0.,-1.));
#10677 = DIRECTION('',(-1.,0.,0.));
#10678 = ADVANCED_FACE('',(#10679,#10691),#10702,.T.);
#10679 = FACE_BOUND('',#10680,.T.);
#10680 = EDGE_LOOP('',(#10681,#10682,#10683,#10690));
#10681 = ORIENTED_EDGE('',*,*,#10559,.T.);
#10682 = ORIENTED_EDGE('',*,*,#10623,.T.);
#10683 = ORIENTED_EDGE('',*,*,#10684,.T.);
#10684 = EDGE_CURVE('',#10624,#10594,#10685,.T.);
#10685 = CIRCLE('',#10686,0.8);
#10686 = AXIS2_PLACEMENT_3D('',#10687,#10688,#10689);
#10687 = CARTESIAN_POINT('',(148.31,-98.65000041093,-4.E-02));
#10688 = DIRECTION('',(0.,0.,-1.));
#10689 = DIRECTION('',(-1.,5.136702085905E-07,0.));
#10690 = ORIENTED_EDGE('',*,*,#10601,.T.);
#10691 = FACE_BOUND('',#10692,.T.);
#10692 = EDGE_LOOP('',(#10693));
#10693 = ORIENTED_EDGE('',*,*,#10694,.F.);
#10694 = EDGE_CURVE('',#10695,#10695,#10697,.T.);
#10695 = VERTEX_POINT('',#10696);
#10696 = CARTESIAN_POINT('',(148.31,-99.475,-4.E-02));
#10697 = CIRCLE('',#10698,0.475);
#10698 = AXIS2_PLACEMENT_3D('',#10699,#10700,#10701);
#10699 = CARTESIAN_POINT('',(148.31,-99.,-4.E-02));
#10700 = DIRECTION('',(-0.,0.,-1.));
#10701 = DIRECTION('',(-0.,-1.,0.));
#10702 = PLANE('',#10703);
#10703 = AXIS2_PLACEMENT_3D('',#10704,#10705,#10706);
#10704 = CARTESIAN_POINT('',(0.,0.,-4.E-02));
#10705 = DIRECTION('',(-0.,-0.,-1.));
#10706 = DIRECTION('',(-1.,0.,0.));
#10707 = ADVANCED_FACE('',(#10708),#10714,.T.);
#10708 = FACE_BOUND('',#10709,.F.);
#10709 = EDGE_LOOP('',(#10710,#10711,#10712,#10713));
#10710 = ORIENTED_EDGE('',*,*,#10631,.T.);
#10711 = ORIENTED_EDGE('',*,*,#10684,.T.);
#10712 = ORIENTED_EDGE('',*,*,#10591,.F.);
#10713 = ORIENTED_EDGE('',*,*,#10655,.F.);
#10714 = CYLINDRICAL_SURFACE('',#10715,0.8);
#10715 = AXIS2_PLACEMENT_3D('',#10716,#10717,#10718);
#10716 = CARTESIAN_POINT('',(148.31,-98.65000041093,0.));
#10717 = DIRECTION('',(-0.,-0.,1.));
#10718 = DIRECTION('',(-1.,5.136702085905E-07,0.));
#10719 = ADVANCED_FACE('',(#10720),#10731,.F.);
#10720 = FACE_BOUND('',#10721,.T.);
#10721 = EDGE_LOOP('',(#10722,#10723,#10729,#10730));
#10722 = ORIENTED_EDGE('',*,*,#10694,.T.);
#10723 = ORIENTED_EDGE('',*,*,#10724,.T.);
#10724 = EDGE_CURVE('',#10695,#10666,#10725,.T.);
#10725 = LINE('',#10726,#10727);
#10726 = CARTESIAN_POINT('',(148.31,-99.475,-4.6E-02));
#10727 = VECTOR('',#10728,1.);
#10728 = DIRECTION('',(0.,0.,1.));
#10729 = ORIENTED_EDGE('',*,*,#10665,.F.);
#10730 = ORIENTED_EDGE('',*,*,#10724,.F.);
#10731 = CYLINDRICAL_SURFACE('',#10732,0.475);
#10732 = AXIS2_PLACEMENT_3D('',#10733,#10734,#10735);
#10733 = CARTESIAN_POINT('',(148.31,-99.,-4.6E-02));
#10734 = DIRECTION('',(-0.,-0.,-1.));
#10735 = DIRECTION('',(-0.,-1.,0.));
#10736 = MANIFOLD_SOLID_BREP('',#10737);
#10737 = CLOSED_SHELL('',(#10738,#10771,#10791,#10811));
#10738 = ADVANCED_FACE('',(#10739),#10766,.T.);
#10739 = FACE_BOUND('',#10740,.F.);
#10740 = EDGE_LOOP('',(#10741,#10751,#10758,#10759));
#10741 = ORIENTED_EDGE('',*,*,#10742,.T.);
#10742 = EDGE_CURVE('',#10743,#10745,#10747,.T.);
#10743 = VERTEX_POINT('',#10744);
#10744 = CARTESIAN_POINT('',(148.31,-99.5,-3.5E-02));
#10745 = VERTEX_POINT('',#10746);
#10746 = CARTESIAN_POINT('',(148.31,-99.5,1.445));
#10747 = LINE('',#10748,#10749);
#10748 = CARTESIAN_POINT('',(148.31,-99.5,-3.5E-02));
#10749 = VECTOR('',#10750,1.);
#10750 = DIRECTION('',(0.,0.,1.));
#10751 = ORIENTED_EDGE('',*,*,#10752,.T.);
#10752 = EDGE_CURVE('',#10745,#10745,#10753,.T.);
#10753 = CIRCLE('',#10754,0.5);
#10754 = AXIS2_PLACEMENT_3D('',#10755,#10756,#10757);
#10755 = CARTESIAN_POINT('',(148.31,-99.,1.445));
#10756 = DIRECTION('',(0.,0.,1.));
#10757 = DIRECTION('',(-0.,-1.,0.));
#10758 = ORIENTED_EDGE('',*,*,#10742,.F.);
#10759 = ORIENTED_EDGE('',*,*,#10760,.F.);
#10760 = EDGE_CURVE('',#10743,#10743,#10761,.T.);
#10761 = CIRCLE('',#10762,0.5);
#10762 = AXIS2_PLACEMENT_3D('',#10763,#10764,#10765);
#10763 = CARTESIAN_POINT('',(148.31,-99.,-3.5E-02));
#10764 = DIRECTION('',(0.,0.,1.));
#10765 = DIRECTION('',(-0.,-1.,0.));
#10766 = CYLINDRICAL_SURFACE('',#10767,0.5);
#10767 = AXIS2_PLACEMENT_3D('',#10768,#10769,#10770);
#10768 = CARTESIAN_POINT('',(148.31,-99.,-3.5E-02));
#10769 = DIRECTION('',(-0.,-0.,-1.));
#10770 = DIRECTION('',(-0.,-1.,0.));
#10771 = ADVANCED_FACE('',(#10772,#10775),#10786,.F.);
#10772 = FACE_BOUND('',#10773,.F.);
#10773 = EDGE_LOOP('',(#10774));
#10774 = ORIENTED_EDGE('',*,*,#10760,.T.);
#10775 = FACE_BOUND('',#10776,.F.);
#10776 = EDGE_LOOP('',(#10777));
#10777 = ORIENTED_EDGE('',*,*,#10778,.T.);
#10778 = EDGE_CURVE('',#10779,#10779,#10781,.T.);
#10779 = VERTEX_POINT('',#10780);
#10780 = CARTESIAN_POINT('',(148.31,-99.475,-3.5E-02));
#10781 = CIRCLE('',#10782,0.475);
#10782 = AXIS2_PLACEMENT_3D('',#10783,#10784,#10785);
#10783 = CARTESIAN_POINT('',(148.31,-99.,-3.5E-02));
#10784 = DIRECTION('',(-0.,0.,-1.));
#10785 = DIRECTION('',(-0.,-1.,0.));
#10786 = PLANE('',#10787);
#10787 = AXIS2_PLACEMENT_3D('',#10788,#10789,#10790);
#10788 = CARTESIAN_POINT('',(148.31,-99.5,-3.5E-02));
#10789 = DIRECTION('',(0.,0.,1.));
#10790 = DIRECTION('',(1.,0.,-0.));
#10791 = ADVANCED_FACE('',(#10792,#10795),#10806,.T.);
#10792 = FACE_BOUND('',#10793,.T.);
#10793 = EDGE_LOOP('',(#10794));
#10794 = ORIENTED_EDGE('',*,*,#10752,.T.);
#10795 = FACE_BOUND('',#10796,.T.);
#10796 = EDGE_LOOP('',(#10797));
#10797 = ORIENTED_EDGE('',*,*,#10798,.T.);
#10798 = EDGE_CURVE('',#10799,#10799,#10801,.T.);
#10799 = VERTEX_POINT('',#10800);
#10800 = CARTESIAN_POINT('',(148.31,-99.475,1.445));
#10801 = CIRCLE('',#10802,0.475);
#10802 = AXIS2_PLACEMENT_3D('',#10803,#10804,#10805);
#10803 = CARTESIAN_POINT('',(148.31,-99.,1.445));
#10804 = DIRECTION('',(-0.,0.,-1.));
#10805 = DIRECTION('',(-0.,-1.,0.));
#10806 = PLANE('',#10807);
#10807 = AXIS2_PLACEMENT_3D('',#10808,#10809,#10810);
#10808 = CARTESIAN_POINT('',(148.31,-99.5,1.445));
#10809 = DIRECTION('',(0.,0.,1.));
#10810 = DIRECTION('',(1.,0.,-0.));
#10811 = ADVANCED_FACE('',(#10812),#10823,.F.);
#10812 = FACE_BOUND('',#10813,.T.);
#10813 = EDGE_LOOP('',(#10814,#10815,#10821,#10822));
#10814 = ORIENTED_EDGE('',*,*,#10778,.T.);
#10815 = ORIENTED_EDGE('',*,*,#10816,.T.);
#10816 = EDGE_CURVE('',#10779,#10799,#10817,.T.);
#10817 = LINE('',#10818,#10819);
#10818 = CARTESIAN_POINT('',(148.31,-99.475,-4.6E-02));
#10819 = VECTOR('',#10820,1.);
#10820 = DIRECTION('',(0.,0.,1.));
#10821 = ORIENTED_EDGE('',*,*,#10798,.F.);
#10822 = ORIENTED_EDGE('',*,*,#10816,.F.);
#10823 = CYLINDRICAL_SURFACE('',#10824,0.475);
#10824 = AXIS2_PLACEMENT_3D('',#10825,#10826,#10827);
#10825 = CARTESIAN_POINT('',(148.31,-99.,-4.6E-02));
#10826 = DIRECTION('',(-0.,-0.,-1.));
#10827 = DIRECTION('',(-0.,-1.,0.));
#10828 = MANIFOLD_SOLID_BREP('',#10829);
#10829 = CLOSED_SHELL('',(#10830,#10872,#10903,#10934,#10963,#10992,
    #11004));
#10830 = ADVANCED_FACE('',(#10831),#10867,.T.);
#10831 = FACE_BOUND('',#10832,.T.);
#10832 = EDGE_LOOP('',(#10833,#10843,#10852,#10860));
#10833 = ORIENTED_EDGE('',*,*,#10834,.T.);
#10834 = EDGE_CURVE('',#10835,#10837,#10839,.T.);
#10835 = VERTEX_POINT('',#10836);
#10836 = CARTESIAN_POINT('',(151.65,-99.35,1.41));
#10837 = VERTEX_POINT('',#10838);
#10838 = CARTESIAN_POINT('',(151.65,-99.35,1.45));
#10839 = LINE('',#10840,#10841);
#10840 = CARTESIAN_POINT('',(151.65,-99.35,1.41));
#10841 = VECTOR('',#10842,1.);
#10842 = DIRECTION('',(0.,0.,1.));
#10843 = ORIENTED_EDGE('',*,*,#10844,.T.);
#10844 = EDGE_CURVE('',#10837,#10845,#10847,.T.);
#10845 = VERTEX_POINT('',#10846);
#10846 = CARTESIAN_POINT('',(150.05,-99.35,1.45));
#10847 = CIRCLE('',#10848,0.8);
#10848 = AXIS2_PLACEMENT_3D('',#10849,#10850,#10851);
#10849 = CARTESIAN_POINT('',(150.85,-99.350000247,1.45));
#10850 = DIRECTION('',(0.,0.,-1.));
#10851 = DIRECTION('',(1.,3.087522948419E-07,0.));
#10852 = ORIENTED_EDGE('',*,*,#10853,.F.);
#10853 = EDGE_CURVE('',#10854,#10845,#10856,.T.);
#10854 = VERTEX_POINT('',#10855);
#10855 = CARTESIAN_POINT('',(150.05,-99.35,1.41));
#10856 = LINE('',#10857,#10858);
#10857 = CARTESIAN_POINT('',(150.05,-99.35,1.41));
#10858 = VECTOR('',#10859,1.);
#10859 = DIRECTION('',(0.,0.,1.));
#10860 = ORIENTED_EDGE('',*,*,#10861,.F.);
#10861 = EDGE_CURVE('',#10835,#10854,#10862,.T.);
#10862 = CIRCLE('',#10863,0.8);
#10863 = AXIS2_PLACEMENT_3D('',#10864,#10865,#10866);
#10864 = CARTESIAN_POINT('',(150.85,-99.350000247,1.41));
#10865 = DIRECTION('',(0.,0.,-1.));
#10866 = DIRECTION('',(1.,3.087522948419E-07,0.));
#10867 = CYLINDRICAL_SURFACE('',#10868,0.8);
#10868 = AXIS2_PLACEMENT_3D('',#10869,#10870,#10871);
#10869 = CARTESIAN_POINT('',(150.85,-99.350000247,1.41));
#10870 = DIRECTION('',(0.,0.,-1.));
#10871 = DIRECTION('',(1.,3.087522948419E-07,0.));
#10872 = ADVANCED_FACE('',(#10873),#10898,.T.);
#10873 = FACE_BOUND('',#10874,.T.);
#10874 = EDGE_LOOP('',(#10875,#10885,#10891,#10892));
#10875 = ORIENTED_EDGE('',*,*,#10876,.T.);
#10876 = EDGE_CURVE('',#10877,#10879,#10881,.T.);
#10877 = VERTEX_POINT('',#10878);
#10878 = CARTESIAN_POINT('',(151.65,-98.65,1.41));
#10879 = VERTEX_POINT('',#10880);
#10880 = CARTESIAN_POINT('',(151.65,-98.65,1.45));
#10881 = LINE('',#10882,#10883);
#10882 = CARTESIAN_POINT('',(151.65,-98.65,1.41));
#10883 = VECTOR('',#10884,1.);
#10884 = DIRECTION('',(0.,0.,1.));
#10885 = ORIENTED_EDGE('',*,*,#10886,.T.);
#10886 = EDGE_CURVE('',#10879,#10837,#10887,.T.);
#10887 = LINE('',#10888,#10889);
#10888 = CARTESIAN_POINT('',(151.65,-98.65,1.45));
#10889 = VECTOR('',#10890,1.);
#10890 = DIRECTION('',(0.,-1.,0.));
#10891 = ORIENTED_EDGE('',*,*,#10834,.F.);
#10892 = ORIENTED_EDGE('',*,*,#10893,.F.);
#10893 = EDGE_CURVE('',#10877,#10835,#10894,.T.);
#10894 = LINE('',#10895,#10896);
#10895 = CARTESIAN_POINT('',(151.65,-98.65,1.41));
#10896 = VECTOR('',#10897,1.);
#10897 = DIRECTION('',(0.,-1.,0.));
#10898 = PLANE('',#10899);
#10899 = AXIS2_PLACEMENT_3D('',#10900,#10901,#10902);
#10900 = CARTESIAN_POINT('',(151.65,-98.65,1.41));
#10901 = DIRECTION('',(1.,0.,-0.));
#10902 = DIRECTION('',(0.,-1.,0.));
#10903 = ADVANCED_FACE('',(#10904),#10929,.T.);
#10904 = FACE_BOUND('',#10905,.T.);
#10905 = EDGE_LOOP('',(#10906,#10907,#10915,#10923));
#10906 = ORIENTED_EDGE('',*,*,#10853,.T.);
#10907 = ORIENTED_EDGE('',*,*,#10908,.T.);
#10908 = EDGE_CURVE('',#10845,#10909,#10911,.T.);
#10909 = VERTEX_POINT('',#10910);
#10910 = CARTESIAN_POINT('',(150.05,-98.65,1.45));
#10911 = LINE('',#10912,#10913);
#10912 = CARTESIAN_POINT('',(150.05,-99.35,1.45));
#10913 = VECTOR('',#10914,1.);
#10914 = DIRECTION('',(0.,1.,0.));
#10915 = ORIENTED_EDGE('',*,*,#10916,.F.);
#10916 = EDGE_CURVE('',#10917,#10909,#10919,.T.);
#10917 = VERTEX_POINT('',#10918);
#10918 = CARTESIAN_POINT('',(150.05,-98.65,1.41));
#10919 = LINE('',#10920,#10921);
#10920 = CARTESIAN_POINT('',(150.05,-98.65,1.41));
#10921 = VECTOR('',#10922,1.);
#10922 = DIRECTION('',(0.,0.,1.));
#10923 = ORIENTED_EDGE('',*,*,#10924,.F.);
#10924 = EDGE_CURVE('',#10854,#10917,#10925,.T.);
#10925 = LINE('',#10926,#10927);
#10926 = CARTESIAN_POINT('',(150.05,-99.35,1.41));
#10927 = VECTOR('',#10928,1.);
#10928 = DIRECTION('',(0.,1.,0.));
#10929 = PLANE('',#10930);
#10930 = AXIS2_PLACEMENT_3D('',#10931,#10932,#10933);
#10931 = CARTESIAN_POINT('',(150.05,-99.35,1.41));
#10932 = DIRECTION('',(-1.,0.,0.));
#10933 = DIRECTION('',(0.,1.,0.));
#10934 = ADVANCED_FACE('',(#10935,#10947),#10958,.F.);
#10935 = FACE_BOUND('',#10936,.F.);
#10936 = EDGE_LOOP('',(#10937,#10938,#10939,#10946));
#10937 = ORIENTED_EDGE('',*,*,#10861,.F.);
#10938 = ORIENTED_EDGE('',*,*,#10893,.F.);
#10939 = ORIENTED_EDGE('',*,*,#10940,.F.);
#10940 = EDGE_CURVE('',#10917,#10877,#10941,.T.);
#10941 = CIRCLE('',#10942,0.8);
#10942 = AXIS2_PLACEMENT_3D('',#10943,#10944,#10945);
#10943 = CARTESIAN_POINT('',(150.85,-98.65000041093,1.41));
#10944 = DIRECTION('',(0.,0.,-1.));
#10945 = DIRECTION('',(-1.,5.136701197727E-07,0.));
#10946 = ORIENTED_EDGE('',*,*,#10924,.F.);
#10947 = FACE_BOUND('',#10948,.F.);
#10948 = EDGE_LOOP('',(#10949));
#10949 = ORIENTED_EDGE('',*,*,#10950,.T.);
#10950 = EDGE_CURVE('',#10951,#10951,#10953,.T.);
#10951 = VERTEX_POINT('',#10952);
#10952 = CARTESIAN_POINT('',(150.85,-99.475,1.41));
#10953 = CIRCLE('',#10954,0.475);
#10954 = AXIS2_PLACEMENT_3D('',#10955,#10956,#10957);
#10955 = CARTESIAN_POINT('',(150.85,-99.,1.41));
#10956 = DIRECTION('',(-0.,0.,-1.));
#10957 = DIRECTION('',(-0.,-1.,0.));
#10958 = PLANE('',#10959);
#10959 = AXIS2_PLACEMENT_3D('',#10960,#10961,#10962);
#10960 = CARTESIAN_POINT('',(0.,0.,1.41));
#10961 = DIRECTION('',(0.,0.,1.));
#10962 = DIRECTION('',(1.,0.,-0.));
#10963 = ADVANCED_FACE('',(#10964,#10976),#10987,.T.);
#10964 = FACE_BOUND('',#10965,.T.);
#10965 = EDGE_LOOP('',(#10966,#10967,#10968,#10975));
#10966 = ORIENTED_EDGE('',*,*,#10844,.F.);
#10967 = ORIENTED_EDGE('',*,*,#10886,.F.);
#10968 = ORIENTED_EDGE('',*,*,#10969,.F.);
#10969 = EDGE_CURVE('',#10909,#10879,#10970,.T.);
#10970 = CIRCLE('',#10971,0.8);
#10971 = AXIS2_PLACEMENT_3D('',#10972,#10973,#10974);
#10972 = CARTESIAN_POINT('',(150.85,-98.65000041093,1.45));
#10973 = DIRECTION('',(0.,0.,-1.));
#10974 = DIRECTION('',(-1.,5.136701197727E-07,0.));
#10975 = ORIENTED_EDGE('',*,*,#10908,.F.);
#10976 = FACE_BOUND('',#10977,.T.);
#10977 = EDGE_LOOP('',(#10978));
#10978 = ORIENTED_EDGE('',*,*,#10979,.T.);
#10979 = EDGE_CURVE('',#10980,#10980,#10982,.T.);
#10980 = VERTEX_POINT('',#10981);
#10981 = CARTESIAN_POINT('',(150.85,-99.475,1.45));
#10982 = CIRCLE('',#10983,0.475);
#10983 = AXIS2_PLACEMENT_3D('',#10984,#10985,#10986);
#10984 = CARTESIAN_POINT('',(150.85,-99.,1.45));
#10985 = DIRECTION('',(-0.,0.,-1.));
#10986 = DIRECTION('',(-0.,-1.,0.));
#10987 = PLANE('',#10988);
#10988 = AXIS2_PLACEMENT_3D('',#10989,#10990,#10991);
#10989 = CARTESIAN_POINT('',(0.,0.,1.45));
#10990 = DIRECTION('',(0.,0.,1.));
#10991 = DIRECTION('',(1.,0.,-0.));
#10992 = ADVANCED_FACE('',(#10993),#10999,.T.);
#10993 = FACE_BOUND('',#10994,.T.);
#10994 = EDGE_LOOP('',(#10995,#10996,#10997,#10998));
#10995 = ORIENTED_EDGE('',*,*,#10916,.T.);
#10996 = ORIENTED_EDGE('',*,*,#10969,.T.);
#10997 = ORIENTED_EDGE('',*,*,#10876,.F.);
#10998 = ORIENTED_EDGE('',*,*,#10940,.F.);
#10999 = CYLINDRICAL_SURFACE('',#11000,0.8);
#11000 = AXIS2_PLACEMENT_3D('',#11001,#11002,#11003);
#11001 = CARTESIAN_POINT('',(150.85,-98.65000041093,1.41));
#11002 = DIRECTION('',(0.,0.,-1.));
#11003 = DIRECTION('',(-1.,5.136701197727E-07,0.));
#11004 = ADVANCED_FACE('',(#11005),#11016,.F.);
#11005 = FACE_BOUND('',#11006,.T.);
#11006 = EDGE_LOOP('',(#11007,#11008,#11014,#11015));
#11007 = ORIENTED_EDGE('',*,*,#10950,.T.);
#11008 = ORIENTED_EDGE('',*,*,#11009,.T.);
#11009 = EDGE_CURVE('',#10951,#10980,#11010,.T.);
#11010 = LINE('',#11011,#11012);
#11011 = CARTESIAN_POINT('',(150.85,-99.475,-4.6E-02));
#11012 = VECTOR('',#11013,1.);
#11013 = DIRECTION('',(0.,0.,1.));
#11014 = ORIENTED_EDGE('',*,*,#10979,.F.);
#11015 = ORIENTED_EDGE('',*,*,#11009,.F.);
#11016 = CYLINDRICAL_SURFACE('',#11017,0.475);
#11017 = AXIS2_PLACEMENT_3D('',#11018,#11019,#11020);
#11018 = CARTESIAN_POINT('',(150.85,-99.,-4.6E-02));
#11019 = DIRECTION('',(-0.,-0.,-1.));
#11020 = DIRECTION('',(-0.,-1.,0.));
#11021 = MANIFOLD_SOLID_BREP('',#11022);
#11022 = CLOSED_SHELL('',(#11023,#11065,#11096,#11127,#11156,#11185,
    #11197));
#11023 = ADVANCED_FACE('',(#11024),#11060,.T.);
#11024 = FACE_BOUND('',#11025,.F.);
#11025 = EDGE_LOOP('',(#11026,#11036,#11045,#11053));
#11026 = ORIENTED_EDGE('',*,*,#11027,.T.);
#11027 = EDGE_CURVE('',#11028,#11030,#11032,.T.);
#11028 = VERTEX_POINT('',#11029);
#11029 = CARTESIAN_POINT('',(151.65,-99.35,0.));
#11030 = VERTEX_POINT('',#11031);
#11031 = CARTESIAN_POINT('',(151.65,-99.35,-4.E-02));
#11032 = LINE('',#11033,#11034);
#11033 = CARTESIAN_POINT('',(151.65,-99.35,0.));
#11034 = VECTOR('',#11035,1.);
#11035 = DIRECTION('',(0.,0.,-1.));
#11036 = ORIENTED_EDGE('',*,*,#11037,.T.);
#11037 = EDGE_CURVE('',#11030,#11038,#11040,.T.);
#11038 = VERTEX_POINT('',#11039);
#11039 = CARTESIAN_POINT('',(150.05,-99.35,-4.E-02));
#11040 = CIRCLE('',#11041,0.8);
#11041 = AXIS2_PLACEMENT_3D('',#11042,#11043,#11044);
#11042 = CARTESIAN_POINT('',(150.85,-99.350000247,-4.E-02));
#11043 = DIRECTION('',(0.,0.,-1.));
#11044 = DIRECTION('',(1.,3.087522948419E-07,0.));
#11045 = ORIENTED_EDGE('',*,*,#11046,.F.);
#11046 = EDGE_CURVE('',#11047,#11038,#11049,.T.);
#11047 = VERTEX_POINT('',#11048);
#11048 = CARTESIAN_POINT('',(150.05,-99.35,0.));
#11049 = LINE('',#11050,#11051);
#11050 = CARTESIAN_POINT('',(150.05,-99.35,0.));
#11051 = VECTOR('',#11052,1.);
#11052 = DIRECTION('',(0.,0.,-1.));
#11053 = ORIENTED_EDGE('',*,*,#11054,.F.);
#11054 = EDGE_CURVE('',#11028,#11047,#11055,.T.);
#11055 = CIRCLE('',#11056,0.8);
#11056 = AXIS2_PLACEMENT_3D('',#11057,#11058,#11059);
#11057 = CARTESIAN_POINT('',(150.85,-99.350000247,0.));
#11058 = DIRECTION('',(0.,0.,-1.));
#11059 = DIRECTION('',(1.,3.087522948419E-07,0.));
#11060 = CYLINDRICAL_SURFACE('',#11061,0.8);
#11061 = AXIS2_PLACEMENT_3D('',#11062,#11063,#11064);
#11062 = CARTESIAN_POINT('',(150.85,-99.350000247,0.));
#11063 = DIRECTION('',(-0.,-0.,1.));
#11064 = DIRECTION('',(1.,3.087522948419E-07,0.));
#11065 = ADVANCED_FACE('',(#11066),#11091,.F.);
#11066 = FACE_BOUND('',#11067,.F.);
#11067 = EDGE_LOOP('',(#11068,#11078,#11084,#11085));
#11068 = ORIENTED_EDGE('',*,*,#11069,.T.);
#11069 = EDGE_CURVE('',#11070,#11072,#11074,.T.);
#11070 = VERTEX_POINT('',#11071);
#11071 = CARTESIAN_POINT('',(151.65,-98.65,0.));
#11072 = VERTEX_POINT('',#11073);
#11073 = CARTESIAN_POINT('',(151.65,-98.65,-4.E-02));
#11074 = LINE('',#11075,#11076);
#11075 = CARTESIAN_POINT('',(151.65,-98.65,0.));
#11076 = VECTOR('',#11077,1.);
#11077 = DIRECTION('',(0.,0.,-1.));
#11078 = ORIENTED_EDGE('',*,*,#11079,.T.);
#11079 = EDGE_CURVE('',#11072,#11030,#11080,.T.);
#11080 = LINE('',#11081,#11082);
#11081 = CARTESIAN_POINT('',(151.65,-98.65,-4.E-02));
#11082 = VECTOR('',#11083,1.);
#11083 = DIRECTION('',(0.,-1.,0.));
#11084 = ORIENTED_EDGE('',*,*,#11027,.F.);
#11085 = ORIENTED_EDGE('',*,*,#11086,.F.);
#11086 = EDGE_CURVE('',#11070,#11028,#11087,.T.);
#11087 = LINE('',#11088,#11089);
#11088 = CARTESIAN_POINT('',(151.65,-98.65,0.));
#11089 = VECTOR('',#11090,1.);
#11090 = DIRECTION('',(0.,-1.,0.));
#11091 = PLANE('',#11092);
#11092 = AXIS2_PLACEMENT_3D('',#11093,#11094,#11095);
#11093 = CARTESIAN_POINT('',(151.65,-98.65,0.));
#11094 = DIRECTION('',(-1.,-0.,-0.));
#11095 = DIRECTION('',(0.,-1.,0.));
#11096 = ADVANCED_FACE('',(#11097),#11122,.F.);
#11097 = FACE_BOUND('',#11098,.F.);
#11098 = EDGE_LOOP('',(#11099,#11100,#11108,#11116));
#11099 = ORIENTED_EDGE('',*,*,#11046,.T.);
#11100 = ORIENTED_EDGE('',*,*,#11101,.T.);
#11101 = EDGE_CURVE('',#11038,#11102,#11104,.T.);
#11102 = VERTEX_POINT('',#11103);
#11103 = CARTESIAN_POINT('',(150.05,-98.65,-4.E-02));
#11104 = LINE('',#11105,#11106);
#11105 = CARTESIAN_POINT('',(150.05,-99.35,-4.E-02));
#11106 = VECTOR('',#11107,1.);
#11107 = DIRECTION('',(0.,1.,0.));
#11108 = ORIENTED_EDGE('',*,*,#11109,.F.);
#11109 = EDGE_CURVE('',#11110,#11102,#11112,.T.);
#11110 = VERTEX_POINT('',#11111);
#11111 = CARTESIAN_POINT('',(150.05,-98.65,0.));
#11112 = LINE('',#11113,#11114);
#11113 = CARTESIAN_POINT('',(150.05,-98.65,0.));
#11114 = VECTOR('',#11115,1.);
#11115 = DIRECTION('',(0.,0.,-1.));
#11116 = ORIENTED_EDGE('',*,*,#11117,.F.);
#11117 = EDGE_CURVE('',#11047,#11110,#11118,.T.);
#11118 = LINE('',#11119,#11120);
#11119 = CARTESIAN_POINT('',(150.05,-99.35,0.));
#11120 = VECTOR('',#11121,1.);
#11121 = DIRECTION('',(0.,1.,0.));
#11122 = PLANE('',#11123);
#11123 = AXIS2_PLACEMENT_3D('',#11124,#11125,#11126);
#11124 = CARTESIAN_POINT('',(150.05,-99.35,0.));
#11125 = DIRECTION('',(1.,-0.,0.));
#11126 = DIRECTION('',(0.,1.,0.));
#11127 = ADVANCED_FACE('',(#11128,#11140),#11151,.F.);
#11128 = FACE_BOUND('',#11129,.F.);
#11129 = EDGE_LOOP('',(#11130,#11131,#11132,#11139));
#11130 = ORIENTED_EDGE('',*,*,#11054,.T.);
#11131 = ORIENTED_EDGE('',*,*,#11117,.T.);
#11132 = ORIENTED_EDGE('',*,*,#11133,.T.);
#11133 = EDGE_CURVE('',#11110,#11070,#11134,.T.);
#11134 = CIRCLE('',#11135,0.8);
#11135 = AXIS2_PLACEMENT_3D('',#11136,#11137,#11138);
#11136 = CARTESIAN_POINT('',(150.85,-98.65000041093,0.));
#11137 = DIRECTION('',(0.,0.,-1.));
#11138 = DIRECTION('',(-1.,5.136701197727E-07,0.));
#11139 = ORIENTED_EDGE('',*,*,#11086,.T.);
#11140 = FACE_BOUND('',#11141,.F.);
#11141 = EDGE_LOOP('',(#11142));
#11142 = ORIENTED_EDGE('',*,*,#11143,.F.);
#11143 = EDGE_CURVE('',#11144,#11144,#11146,.T.);
#11144 = VERTEX_POINT('',#11145);
#11145 = CARTESIAN_POINT('',(150.85,-99.475,0.));
#11146 = CIRCLE('',#11147,0.475);
#11147 = AXIS2_PLACEMENT_3D('',#11148,#11149,#11150);
#11148 = CARTESIAN_POINT('',(150.85,-99.,0.));
#11149 = DIRECTION('',(-0.,0.,-1.));
#11150 = DIRECTION('',(-0.,-1.,0.));
#11151 = PLANE('',#11152);
#11152 = AXIS2_PLACEMENT_3D('',#11153,#11154,#11155);
#11153 = CARTESIAN_POINT('',(0.,0.,0.));
#11154 = DIRECTION('',(-0.,-0.,-1.));
#11155 = DIRECTION('',(-1.,0.,0.));
#11156 = ADVANCED_FACE('',(#11157,#11169),#11180,.T.);
#11157 = FACE_BOUND('',#11158,.T.);
#11158 = EDGE_LOOP('',(#11159,#11160,#11161,#11168));
#11159 = ORIENTED_EDGE('',*,*,#11037,.T.);
#11160 = ORIENTED_EDGE('',*,*,#11101,.T.);
#11161 = ORIENTED_EDGE('',*,*,#11162,.T.);
#11162 = EDGE_CURVE('',#11102,#11072,#11163,.T.);
#11163 = CIRCLE('',#11164,0.8);
#11164 = AXIS2_PLACEMENT_3D('',#11165,#11166,#11167);
#11165 = CARTESIAN_POINT('',(150.85,-98.65000041093,-4.E-02));
#11166 = DIRECTION('',(0.,0.,-1.));
#11167 = DIRECTION('',(-1.,5.136701197727E-07,0.));
#11168 = ORIENTED_EDGE('',*,*,#11079,.T.);
#11169 = FACE_BOUND('',#11170,.T.);
#11170 = EDGE_LOOP('',(#11171));
#11171 = ORIENTED_EDGE('',*,*,#11172,.F.);
#11172 = EDGE_CURVE('',#11173,#11173,#11175,.T.);
#11173 = VERTEX_POINT('',#11174);
#11174 = CARTESIAN_POINT('',(150.85,-99.475,-4.E-02));
#11175 = CIRCLE('',#11176,0.475);
#11176 = AXIS2_PLACEMENT_3D('',#11177,#11178,#11179);
#11177 = CARTESIAN_POINT('',(150.85,-99.,-4.E-02));
#11178 = DIRECTION('',(-0.,0.,-1.));
#11179 = DIRECTION('',(-0.,-1.,0.));
#11180 = PLANE('',#11181);
#11181 = AXIS2_PLACEMENT_3D('',#11182,#11183,#11184);
#11182 = CARTESIAN_POINT('',(0.,0.,-4.E-02));
#11183 = DIRECTION('',(-0.,-0.,-1.));
#11184 = DIRECTION('',(-1.,0.,0.));
#11185 = ADVANCED_FACE('',(#11186),#11192,.T.);
#11186 = FACE_BOUND('',#11187,.F.);
#11187 = EDGE_LOOP('',(#11188,#11189,#11190,#11191));
#11188 = ORIENTED_EDGE('',*,*,#11109,.T.);
#11189 = ORIENTED_EDGE('',*,*,#11162,.T.);
#11190 = ORIENTED_EDGE('',*,*,#11069,.F.);
#11191 = ORIENTED_EDGE('',*,*,#11133,.F.);
#11192 = CYLINDRICAL_SURFACE('',#11193,0.8);
#11193 = AXIS2_PLACEMENT_3D('',#11194,#11195,#11196);
#11194 = CARTESIAN_POINT('',(150.85,-98.65000041093,0.));
#11195 = DIRECTION('',(-0.,-0.,1.));
#11196 = DIRECTION('',(-1.,5.136701197727E-07,0.));
#11197 = ADVANCED_FACE('',(#11198),#11209,.F.);
#11198 = FACE_BOUND('',#11199,.T.);
#11199 = EDGE_LOOP('',(#11200,#11201,#11207,#11208));
#11200 = ORIENTED_EDGE('',*,*,#11172,.T.);
#11201 = ORIENTED_EDGE('',*,*,#11202,.T.);
#11202 = EDGE_CURVE('',#11173,#11144,#11203,.T.);
#11203 = LINE('',#11204,#11205);
#11204 = CARTESIAN_POINT('',(150.85,-99.475,-4.6E-02));
#11205 = VECTOR('',#11206,1.);
#11206 = DIRECTION('',(0.,0.,1.));
#11207 = ORIENTED_EDGE('',*,*,#11143,.F.);
#11208 = ORIENTED_EDGE('',*,*,#11202,.F.);
#11209 = CYLINDRICAL_SURFACE('',#11210,0.475);
#11210 = AXIS2_PLACEMENT_3D('',#11211,#11212,#11213);
#11211 = CARTESIAN_POINT('',(150.85,-99.,-4.6E-02));
#11212 = DIRECTION('',(-0.,-0.,-1.));
#11213 = DIRECTION('',(-0.,-1.,0.));
#11214 = MANIFOLD_SOLID_BREP('',#11215);
#11215 = CLOSED_SHELL('',(#11216,#11249,#11269,#11289));
#11216 = ADVANCED_FACE('',(#11217),#11244,.T.);
#11217 = FACE_BOUND('',#11218,.F.);
#11218 = EDGE_LOOP('',(#11219,#11229,#11236,#11237));
#11219 = ORIENTED_EDGE('',*,*,#11220,.T.);
#11220 = EDGE_CURVE('',#11221,#11223,#11225,.T.);
#11221 = VERTEX_POINT('',#11222);
#11222 = CARTESIAN_POINT('',(150.85,-99.5,-3.5E-02));
#11223 = VERTEX_POINT('',#11224);
#11224 = CARTESIAN_POINT('',(150.85,-99.5,1.445));
#11225 = LINE('',#11226,#11227);
#11226 = CARTESIAN_POINT('',(150.85,-99.5,-3.5E-02));
#11227 = VECTOR('',#11228,1.);
#11228 = DIRECTION('',(0.,0.,1.));
#11229 = ORIENTED_EDGE('',*,*,#11230,.T.);
#11230 = EDGE_CURVE('',#11223,#11223,#11231,.T.);
#11231 = CIRCLE('',#11232,0.5);
#11232 = AXIS2_PLACEMENT_3D('',#11233,#11234,#11235);
#11233 = CARTESIAN_POINT('',(150.85,-99.,1.445));
#11234 = DIRECTION('',(0.,0.,1.));
#11235 = DIRECTION('',(-0.,-1.,0.));
#11236 = ORIENTED_EDGE('',*,*,#11220,.F.);
#11237 = ORIENTED_EDGE('',*,*,#11238,.F.);
#11238 = EDGE_CURVE('',#11221,#11221,#11239,.T.);
#11239 = CIRCLE('',#11240,0.5);
#11240 = AXIS2_PLACEMENT_3D('',#11241,#11242,#11243);
#11241 = CARTESIAN_POINT('',(150.85,-99.,-3.5E-02));
#11242 = DIRECTION('',(0.,0.,1.));
#11243 = DIRECTION('',(-0.,-1.,0.));
#11244 = CYLINDRICAL_SURFACE('',#11245,0.5);
#11245 = AXIS2_PLACEMENT_3D('',#11246,#11247,#11248);
#11246 = CARTESIAN_POINT('',(150.85,-99.,-3.5E-02));
#11247 = DIRECTION('',(-0.,-0.,-1.));
#11248 = DIRECTION('',(-0.,-1.,0.));
#11249 = ADVANCED_FACE('',(#11250,#11253),#11264,.F.);
#11250 = FACE_BOUND('',#11251,.F.);
#11251 = EDGE_LOOP('',(#11252));
#11252 = ORIENTED_EDGE('',*,*,#11238,.T.);
#11253 = FACE_BOUND('',#11254,.F.);
#11254 = EDGE_LOOP('',(#11255));
#11255 = ORIENTED_EDGE('',*,*,#11256,.T.);
#11256 = EDGE_CURVE('',#11257,#11257,#11259,.T.);
#11257 = VERTEX_POINT('',#11258);
#11258 = CARTESIAN_POINT('',(150.85,-99.475,-3.5E-02));
#11259 = CIRCLE('',#11260,0.475);
#11260 = AXIS2_PLACEMENT_3D('',#11261,#11262,#11263);
#11261 = CARTESIAN_POINT('',(150.85,-99.,-3.5E-02));
#11262 = DIRECTION('',(-0.,0.,-1.));
#11263 = DIRECTION('',(-0.,-1.,0.));
#11264 = PLANE('',#11265);
#11265 = AXIS2_PLACEMENT_3D('',#11266,#11267,#11268);
#11266 = CARTESIAN_POINT('',(150.85,-99.5,-3.5E-02));
#11267 = DIRECTION('',(0.,0.,1.));
#11268 = DIRECTION('',(1.,0.,-0.));
#11269 = ADVANCED_FACE('',(#11270,#11273),#11284,.T.);
#11270 = FACE_BOUND('',#11271,.T.);
#11271 = EDGE_LOOP('',(#11272));
#11272 = ORIENTED_EDGE('',*,*,#11230,.T.);
#11273 = FACE_BOUND('',#11274,.T.);
#11274 = EDGE_LOOP('',(#11275));
#11275 = ORIENTED_EDGE('',*,*,#11276,.T.);
#11276 = EDGE_CURVE('',#11277,#11277,#11279,.T.);
#11277 = VERTEX_POINT('',#11278);
#11278 = CARTESIAN_POINT('',(150.85,-99.475,1.445));
#11279 = CIRCLE('',#11280,0.475);
#11280 = AXIS2_PLACEMENT_3D('',#11281,#11282,#11283);
#11281 = CARTESIAN_POINT('',(150.85,-99.,1.445));
#11282 = DIRECTION('',(-0.,0.,-1.));
#11283 = DIRECTION('',(-0.,-1.,0.));
#11284 = PLANE('',#11285);
#11285 = AXIS2_PLACEMENT_3D('',#11286,#11287,#11288);
#11286 = CARTESIAN_POINT('',(150.85,-99.5,1.445));
#11287 = DIRECTION('',(0.,0.,1.));
#11288 = DIRECTION('',(1.,0.,-0.));
#11289 = ADVANCED_FACE('',(#11290),#11301,.F.);
#11290 = FACE_BOUND('',#11291,.T.);
#11291 = EDGE_LOOP('',(#11292,#11293,#11299,#11300));
#11292 = ORIENTED_EDGE('',*,*,#11256,.T.);
#11293 = ORIENTED_EDGE('',*,*,#11294,.T.);
#11294 = EDGE_CURVE('',#11257,#11277,#11295,.T.);
#11295 = LINE('',#11296,#11297);
#11296 = CARTESIAN_POINT('',(150.85,-99.475,-4.6E-02));
#11297 = VECTOR('',#11298,1.);
#11298 = DIRECTION('',(0.,0.,1.));
#11299 = ORIENTED_EDGE('',*,*,#11276,.F.);
#11300 = ORIENTED_EDGE('',*,*,#11294,.F.);
#11301 = CYLINDRICAL_SURFACE('',#11302,0.475);
#11302 = AXIS2_PLACEMENT_3D('',#11303,#11304,#11305);
#11303 = CARTESIAN_POINT('',(150.85,-99.,-4.6E-02));
#11304 = DIRECTION('',(-0.,-0.,-1.));
#11305 = DIRECTION('',(-0.,-1.,0.));
#11306 = MANIFOLD_SOLID_BREP('',#11307);
#11307 = CLOSED_SHELL('',(#11308,#11350,#11381,#11412,#11441,#11470,
    #11482));
#11308 = ADVANCED_FACE('',(#11309),#11345,.T.);
#11309 = FACE_BOUND('',#11310,.T.);
#11310 = EDGE_LOOP('',(#11311,#11321,#11330,#11338));
#11311 = ORIENTED_EDGE('',*,*,#11312,.T.);
#11312 = EDGE_CURVE('',#11313,#11315,#11317,.T.);
#11313 = VERTEX_POINT('',#11314);
#11314 = CARTESIAN_POINT('',(154.19,-99.35,1.41));
#11315 = VERTEX_POINT('',#11316);
#11316 = CARTESIAN_POINT('',(154.19,-99.35,1.45));
#11317 = LINE('',#11318,#11319);
#11318 = CARTESIAN_POINT('',(154.19,-99.35,1.41));
#11319 = VECTOR('',#11320,1.);
#11320 = DIRECTION('',(0.,0.,1.));
#11321 = ORIENTED_EDGE('',*,*,#11322,.T.);
#11322 = EDGE_CURVE('',#11315,#11323,#11325,.T.);
#11323 = VERTEX_POINT('',#11324);
#11324 = CARTESIAN_POINT('',(152.59,-99.35,1.45));
#11325 = CIRCLE('',#11326,0.8);
#11326 = AXIS2_PLACEMENT_3D('',#11327,#11328,#11329);
#11327 = CARTESIAN_POINT('',(153.39,-99.350000247,1.45));
#11328 = DIRECTION('',(0.,0.,-1.));
#11329 = DIRECTION('',(1.,3.087522770784E-07,0.));
#11330 = ORIENTED_EDGE('',*,*,#11331,.F.);
#11331 = EDGE_CURVE('',#11332,#11323,#11334,.T.);
#11332 = VERTEX_POINT('',#11333);
#11333 = CARTESIAN_POINT('',(152.59,-99.35,1.41));
#11334 = LINE('',#11335,#11336);
#11335 = CARTESIAN_POINT('',(152.59,-99.35,1.41));
#11336 = VECTOR('',#11337,1.);
#11337 = DIRECTION('',(0.,0.,1.));
#11338 = ORIENTED_EDGE('',*,*,#11339,.F.);
#11339 = EDGE_CURVE('',#11313,#11332,#11340,.T.);
#11340 = CIRCLE('',#11341,0.8);
#11341 = AXIS2_PLACEMENT_3D('',#11342,#11343,#11344);
#11342 = CARTESIAN_POINT('',(153.39,-99.350000247,1.41));
#11343 = DIRECTION('',(0.,0.,-1.));
#11344 = DIRECTION('',(1.,3.087522770784E-07,0.));
#11345 = CYLINDRICAL_SURFACE('',#11346,0.8);
#11346 = AXIS2_PLACEMENT_3D('',#11347,#11348,#11349);
#11347 = CARTESIAN_POINT('',(153.39,-99.350000247,1.41));
#11348 = DIRECTION('',(0.,0.,-1.));
#11349 = DIRECTION('',(1.,3.087522770784E-07,0.));
#11350 = ADVANCED_FACE('',(#11351),#11376,.T.);
#11351 = FACE_BOUND('',#11352,.T.);
#11352 = EDGE_LOOP('',(#11353,#11363,#11369,#11370));
#11353 = ORIENTED_EDGE('',*,*,#11354,.T.);
#11354 = EDGE_CURVE('',#11355,#11357,#11359,.T.);
#11355 = VERTEX_POINT('',#11356);
#11356 = CARTESIAN_POINT('',(154.19,-98.65,1.41));
#11357 = VERTEX_POINT('',#11358);
#11358 = CARTESIAN_POINT('',(154.19,-98.65,1.45));
#11359 = LINE('',#11360,#11361);
#11360 = CARTESIAN_POINT('',(154.19,-98.65,1.41));
#11361 = VECTOR('',#11362,1.);
#11362 = DIRECTION('',(0.,0.,1.));
#11363 = ORIENTED_EDGE('',*,*,#11364,.T.);
#11364 = EDGE_CURVE('',#11357,#11315,#11365,.T.);
#11365 = LINE('',#11366,#11367);
#11366 = CARTESIAN_POINT('',(154.19,-98.65,1.45));
#11367 = VECTOR('',#11368,1.);
#11368 = DIRECTION('',(0.,-1.,0.));
#11369 = ORIENTED_EDGE('',*,*,#11312,.F.);
#11370 = ORIENTED_EDGE('',*,*,#11371,.F.);
#11371 = EDGE_CURVE('',#11355,#11313,#11372,.T.);
#11372 = LINE('',#11373,#11374);
#11373 = CARTESIAN_POINT('',(154.19,-98.65,1.41));
#11374 = VECTOR('',#11375,1.);
#11375 = DIRECTION('',(0.,-1.,0.));
#11376 = PLANE('',#11377);
#11377 = AXIS2_PLACEMENT_3D('',#11378,#11379,#11380);
#11378 = CARTESIAN_POINT('',(154.19,-98.65,1.41));
#11379 = DIRECTION('',(1.,0.,-0.));
#11380 = DIRECTION('',(0.,-1.,0.));
#11381 = ADVANCED_FACE('',(#11382),#11407,.T.);
#11382 = FACE_BOUND('',#11383,.T.);
#11383 = EDGE_LOOP('',(#11384,#11385,#11393,#11401));
#11384 = ORIENTED_EDGE('',*,*,#11331,.T.);
#11385 = ORIENTED_EDGE('',*,*,#11386,.T.);
#11386 = EDGE_CURVE('',#11323,#11387,#11389,.T.);
#11387 = VERTEX_POINT('',#11388);
#11388 = CARTESIAN_POINT('',(152.59,-98.65,1.45));
#11389 = LINE('',#11390,#11391);
#11390 = CARTESIAN_POINT('',(152.59,-99.35,1.45));
#11391 = VECTOR('',#11392,1.);
#11392 = DIRECTION('',(0.,1.,0.));
#11393 = ORIENTED_EDGE('',*,*,#11394,.F.);
#11394 = EDGE_CURVE('',#11395,#11387,#11397,.T.);
#11395 = VERTEX_POINT('',#11396);
#11396 = CARTESIAN_POINT('',(152.59,-98.65,1.41));
#11397 = LINE('',#11398,#11399);
#11398 = CARTESIAN_POINT('',(152.59,-98.65,1.41));
#11399 = VECTOR('',#11400,1.);
#11400 = DIRECTION('',(0.,0.,1.));
#11401 = ORIENTED_EDGE('',*,*,#11402,.F.);
#11402 = EDGE_CURVE('',#11332,#11395,#11403,.T.);
#11403 = LINE('',#11404,#11405);
#11404 = CARTESIAN_POINT('',(152.59,-99.35,1.41));
#11405 = VECTOR('',#11406,1.);
#11406 = DIRECTION('',(0.,1.,0.));
#11407 = PLANE('',#11408);
#11408 = AXIS2_PLACEMENT_3D('',#11409,#11410,#11411);
#11409 = CARTESIAN_POINT('',(152.59,-99.35,1.41));
#11410 = DIRECTION('',(-1.,0.,0.));
#11411 = DIRECTION('',(0.,1.,0.));
#11412 = ADVANCED_FACE('',(#11413,#11425),#11436,.F.);
#11413 = FACE_BOUND('',#11414,.F.);
#11414 = EDGE_LOOP('',(#11415,#11416,#11417,#11424));
#11415 = ORIENTED_EDGE('',*,*,#11339,.F.);
#11416 = ORIENTED_EDGE('',*,*,#11371,.F.);
#11417 = ORIENTED_EDGE('',*,*,#11418,.F.);
#11418 = EDGE_CURVE('',#11395,#11355,#11419,.T.);
#11419 = CIRCLE('',#11420,0.8);
#11420 = AXIS2_PLACEMENT_3D('',#11421,#11422,#11423);
#11421 = CARTESIAN_POINT('',(153.39,-98.65000041093,1.41));
#11422 = DIRECTION('',(0.,0.,-1.));
#11423 = DIRECTION('',(-1.,5.136701375363E-07,0.));
#11424 = ORIENTED_EDGE('',*,*,#11402,.F.);
#11425 = FACE_BOUND('',#11426,.F.);
#11426 = EDGE_LOOP('',(#11427));
#11427 = ORIENTED_EDGE('',*,*,#11428,.T.);
#11428 = EDGE_CURVE('',#11429,#11429,#11431,.T.);
#11429 = VERTEX_POINT('',#11430);
#11430 = CARTESIAN_POINT('',(153.39,-99.475,1.41));
#11431 = CIRCLE('',#11432,0.475);
#11432 = AXIS2_PLACEMENT_3D('',#11433,#11434,#11435);
#11433 = CARTESIAN_POINT('',(153.39,-99.,1.41));
#11434 = DIRECTION('',(-0.,0.,-1.));
#11435 = DIRECTION('',(-0.,-1.,0.));
#11436 = PLANE('',#11437);
#11437 = AXIS2_PLACEMENT_3D('',#11438,#11439,#11440);
#11438 = CARTESIAN_POINT('',(0.,0.,1.41));
#11439 = DIRECTION('',(0.,0.,1.));
#11440 = DIRECTION('',(1.,0.,-0.));
#11441 = ADVANCED_FACE('',(#11442,#11454),#11465,.T.);
#11442 = FACE_BOUND('',#11443,.T.);
#11443 = EDGE_LOOP('',(#11444,#11445,#11446,#11453));
#11444 = ORIENTED_EDGE('',*,*,#11322,.F.);
#11445 = ORIENTED_EDGE('',*,*,#11364,.F.);
#11446 = ORIENTED_EDGE('',*,*,#11447,.F.);
#11447 = EDGE_CURVE('',#11387,#11357,#11448,.T.);
#11448 = CIRCLE('',#11449,0.8);
#11449 = AXIS2_PLACEMENT_3D('',#11450,#11451,#11452);
#11450 = CARTESIAN_POINT('',(153.39,-98.65000041093,1.45));
#11451 = DIRECTION('',(0.,0.,-1.));
#11452 = DIRECTION('',(-1.,5.136701375363E-07,0.));
#11453 = ORIENTED_EDGE('',*,*,#11386,.F.);
#11454 = FACE_BOUND('',#11455,.T.);
#11455 = EDGE_LOOP('',(#11456));
#11456 = ORIENTED_EDGE('',*,*,#11457,.T.);
#11457 = EDGE_CURVE('',#11458,#11458,#11460,.T.);
#11458 = VERTEX_POINT('',#11459);
#11459 = CARTESIAN_POINT('',(153.39,-99.475,1.45));
#11460 = CIRCLE('',#11461,0.475);
#11461 = AXIS2_PLACEMENT_3D('',#11462,#11463,#11464);
#11462 = CARTESIAN_POINT('',(153.39,-99.,1.45));
#11463 = DIRECTION('',(-0.,0.,-1.));
#11464 = DIRECTION('',(-0.,-1.,0.));
#11465 = PLANE('',#11466);
#11466 = AXIS2_PLACEMENT_3D('',#11467,#11468,#11469);
#11467 = CARTESIAN_POINT('',(0.,0.,1.45));
#11468 = DIRECTION('',(0.,0.,1.));
#11469 = DIRECTION('',(1.,0.,-0.));
#11470 = ADVANCED_FACE('',(#11471),#11477,.T.);
#11471 = FACE_BOUND('',#11472,.T.);
#11472 = EDGE_LOOP('',(#11473,#11474,#11475,#11476));
#11473 = ORIENTED_EDGE('',*,*,#11394,.T.);
#11474 = ORIENTED_EDGE('',*,*,#11447,.T.);
#11475 = ORIENTED_EDGE('',*,*,#11354,.F.);
#11476 = ORIENTED_EDGE('',*,*,#11418,.F.);
#11477 = CYLINDRICAL_SURFACE('',#11478,0.8);
#11478 = AXIS2_PLACEMENT_3D('',#11479,#11480,#11481);
#11479 = CARTESIAN_POINT('',(153.39,-98.65000041093,1.41));
#11480 = DIRECTION('',(0.,0.,-1.));
#11481 = DIRECTION('',(-1.,5.136701375363E-07,0.));
#11482 = ADVANCED_FACE('',(#11483),#11494,.F.);
#11483 = FACE_BOUND('',#11484,.T.);
#11484 = EDGE_LOOP('',(#11485,#11486,#11492,#11493));
#11485 = ORIENTED_EDGE('',*,*,#11428,.T.);
#11486 = ORIENTED_EDGE('',*,*,#11487,.T.);
#11487 = EDGE_CURVE('',#11429,#11458,#11488,.T.);
#11488 = LINE('',#11489,#11490);
#11489 = CARTESIAN_POINT('',(153.39,-99.475,-4.6E-02));
#11490 = VECTOR('',#11491,1.);
#11491 = DIRECTION('',(0.,0.,1.));
#11492 = ORIENTED_EDGE('',*,*,#11457,.F.);
#11493 = ORIENTED_EDGE('',*,*,#11487,.F.);
#11494 = CYLINDRICAL_SURFACE('',#11495,0.475);
#11495 = AXIS2_PLACEMENT_3D('',#11496,#11497,#11498);
#11496 = CARTESIAN_POINT('',(153.39,-99.,-4.6E-02));
#11497 = DIRECTION('',(-0.,-0.,-1.));
#11498 = DIRECTION('',(-0.,-1.,0.));
#11499 = MANIFOLD_SOLID_BREP('',#11500);
#11500 = CLOSED_SHELL('',(#11501,#11543,#11574,#11605,#11634,#11663,
    #11675));
#11501 = ADVANCED_FACE('',(#11502),#11538,.T.);
#11502 = FACE_BOUND('',#11503,.F.);
#11503 = EDGE_LOOP('',(#11504,#11514,#11523,#11531));
#11504 = ORIENTED_EDGE('',*,*,#11505,.T.);
#11505 = EDGE_CURVE('',#11506,#11508,#11510,.T.);
#11506 = VERTEX_POINT('',#11507);
#11507 = CARTESIAN_POINT('',(154.19,-99.35,0.));
#11508 = VERTEX_POINT('',#11509);
#11509 = CARTESIAN_POINT('',(154.19,-99.35,-4.E-02));
#11510 = LINE('',#11511,#11512);
#11511 = CARTESIAN_POINT('',(154.19,-99.35,0.));
#11512 = VECTOR('',#11513,1.);
#11513 = DIRECTION('',(0.,0.,-1.));
#11514 = ORIENTED_EDGE('',*,*,#11515,.T.);
#11515 = EDGE_CURVE('',#11508,#11516,#11518,.T.);
#11516 = VERTEX_POINT('',#11517);
#11517 = CARTESIAN_POINT('',(152.59,-99.35,-4.E-02));
#11518 = CIRCLE('',#11519,0.8);
#11519 = AXIS2_PLACEMENT_3D('',#11520,#11521,#11522);
#11520 = CARTESIAN_POINT('',(153.39,-99.350000247,-4.E-02));
#11521 = DIRECTION('',(0.,0.,-1.));
#11522 = DIRECTION('',(1.,3.087522770784E-07,0.));
#11523 = ORIENTED_EDGE('',*,*,#11524,.F.);
#11524 = EDGE_CURVE('',#11525,#11516,#11527,.T.);
#11525 = VERTEX_POINT('',#11526);
#11526 = CARTESIAN_POINT('',(152.59,-99.35,0.));
#11527 = LINE('',#11528,#11529);
#11528 = CARTESIAN_POINT('',(152.59,-99.35,0.));
#11529 = VECTOR('',#11530,1.);
#11530 = DIRECTION('',(0.,0.,-1.));
#11531 = ORIENTED_EDGE('',*,*,#11532,.F.);
#11532 = EDGE_CURVE('',#11506,#11525,#11533,.T.);
#11533 = CIRCLE('',#11534,0.8);
#11534 = AXIS2_PLACEMENT_3D('',#11535,#11536,#11537);
#11535 = CARTESIAN_POINT('',(153.39,-99.350000247,0.));
#11536 = DIRECTION('',(0.,0.,-1.));
#11537 = DIRECTION('',(1.,3.087522770784E-07,0.));
#11538 = CYLINDRICAL_SURFACE('',#11539,0.8);
#11539 = AXIS2_PLACEMENT_3D('',#11540,#11541,#11542);
#11540 = CARTESIAN_POINT('',(153.39,-99.350000247,0.));
#11541 = DIRECTION('',(-0.,-0.,1.));
#11542 = DIRECTION('',(1.,3.087522770784E-07,0.));
#11543 = ADVANCED_FACE('',(#11544),#11569,.F.);
#11544 = FACE_BOUND('',#11545,.F.);
#11545 = EDGE_LOOP('',(#11546,#11556,#11562,#11563));
#11546 = ORIENTED_EDGE('',*,*,#11547,.T.);
#11547 = EDGE_CURVE('',#11548,#11550,#11552,.T.);
#11548 = VERTEX_POINT('',#11549);
#11549 = CARTESIAN_POINT('',(154.19,-98.65,0.));
#11550 = VERTEX_POINT('',#11551);
#11551 = CARTESIAN_POINT('',(154.19,-98.65,-4.E-02));
#11552 = LINE('',#11553,#11554);
#11553 = CARTESIAN_POINT('',(154.19,-98.65,0.));
#11554 = VECTOR('',#11555,1.);
#11555 = DIRECTION('',(0.,0.,-1.));
#11556 = ORIENTED_EDGE('',*,*,#11557,.T.);
#11557 = EDGE_CURVE('',#11550,#11508,#11558,.T.);
#11558 = LINE('',#11559,#11560);
#11559 = CARTESIAN_POINT('',(154.19,-98.65,-4.E-02));
#11560 = VECTOR('',#11561,1.);
#11561 = DIRECTION('',(0.,-1.,0.));
#11562 = ORIENTED_EDGE('',*,*,#11505,.F.);
#11563 = ORIENTED_EDGE('',*,*,#11564,.F.);
#11564 = EDGE_CURVE('',#11548,#11506,#11565,.T.);
#11565 = LINE('',#11566,#11567);
#11566 = CARTESIAN_POINT('',(154.19,-98.65,0.));
#11567 = VECTOR('',#11568,1.);
#11568 = DIRECTION('',(0.,-1.,0.));
#11569 = PLANE('',#11570);
#11570 = AXIS2_PLACEMENT_3D('',#11571,#11572,#11573);
#11571 = CARTESIAN_POINT('',(154.19,-98.65,0.));
#11572 = DIRECTION('',(-1.,-0.,-0.));
#11573 = DIRECTION('',(0.,-1.,0.));
#11574 = ADVANCED_FACE('',(#11575),#11600,.F.);
#11575 = FACE_BOUND('',#11576,.F.);
#11576 = EDGE_LOOP('',(#11577,#11578,#11586,#11594));
#11577 = ORIENTED_EDGE('',*,*,#11524,.T.);
#11578 = ORIENTED_EDGE('',*,*,#11579,.T.);
#11579 = EDGE_CURVE('',#11516,#11580,#11582,.T.);
#11580 = VERTEX_POINT('',#11581);
#11581 = CARTESIAN_POINT('',(152.59,-98.65,-4.E-02));
#11582 = LINE('',#11583,#11584);
#11583 = CARTESIAN_POINT('',(152.59,-99.35,-4.E-02));
#11584 = VECTOR('',#11585,1.);
#11585 = DIRECTION('',(0.,1.,0.));
#11586 = ORIENTED_EDGE('',*,*,#11587,.F.);
#11587 = EDGE_CURVE('',#11588,#11580,#11590,.T.);
#11588 = VERTEX_POINT('',#11589);
#11589 = CARTESIAN_POINT('',(152.59,-98.65,0.));
#11590 = LINE('',#11591,#11592);
#11591 = CARTESIAN_POINT('',(152.59,-98.65,0.));
#11592 = VECTOR('',#11593,1.);
#11593 = DIRECTION('',(0.,0.,-1.));
#11594 = ORIENTED_EDGE('',*,*,#11595,.F.);
#11595 = EDGE_CURVE('',#11525,#11588,#11596,.T.);
#11596 = LINE('',#11597,#11598);
#11597 = CARTESIAN_POINT('',(152.59,-99.35,0.));
#11598 = VECTOR('',#11599,1.);
#11599 = DIRECTION('',(0.,1.,0.));
#11600 = PLANE('',#11601);
#11601 = AXIS2_PLACEMENT_3D('',#11602,#11603,#11604);
#11602 = CARTESIAN_POINT('',(152.59,-99.35,0.));
#11603 = DIRECTION('',(1.,-0.,0.));
#11604 = DIRECTION('',(0.,1.,0.));
#11605 = ADVANCED_FACE('',(#11606,#11618),#11629,.F.);
#11606 = FACE_BOUND('',#11607,.F.);
#11607 = EDGE_LOOP('',(#11608,#11609,#11610,#11617));
#11608 = ORIENTED_EDGE('',*,*,#11532,.T.);
#11609 = ORIENTED_EDGE('',*,*,#11595,.T.);
#11610 = ORIENTED_EDGE('',*,*,#11611,.T.);
#11611 = EDGE_CURVE('',#11588,#11548,#11612,.T.);
#11612 = CIRCLE('',#11613,0.8);
#11613 = AXIS2_PLACEMENT_3D('',#11614,#11615,#11616);
#11614 = CARTESIAN_POINT('',(153.39,-98.65000041093,0.));
#11615 = DIRECTION('',(0.,0.,-1.));
#11616 = DIRECTION('',(-1.,5.136701375363E-07,0.));
#11617 = ORIENTED_EDGE('',*,*,#11564,.T.);
#11618 = FACE_BOUND('',#11619,.F.);
#11619 = EDGE_LOOP('',(#11620));
#11620 = ORIENTED_EDGE('',*,*,#11621,.F.);
#11621 = EDGE_CURVE('',#11622,#11622,#11624,.T.);
#11622 = VERTEX_POINT('',#11623);
#11623 = CARTESIAN_POINT('',(153.39,-99.475,0.));
#11624 = CIRCLE('',#11625,0.475);
#11625 = AXIS2_PLACEMENT_3D('',#11626,#11627,#11628);
#11626 = CARTESIAN_POINT('',(153.39,-99.,0.));
#11627 = DIRECTION('',(-0.,0.,-1.));
#11628 = DIRECTION('',(-0.,-1.,0.));
#11629 = PLANE('',#11630);
#11630 = AXIS2_PLACEMENT_3D('',#11631,#11632,#11633);
#11631 = CARTESIAN_POINT('',(0.,0.,0.));
#11632 = DIRECTION('',(-0.,-0.,-1.));
#11633 = DIRECTION('',(-1.,0.,0.));
#11634 = ADVANCED_FACE('',(#11635,#11647),#11658,.T.);
#11635 = FACE_BOUND('',#11636,.T.);
#11636 = EDGE_LOOP('',(#11637,#11638,#11639,#11646));
#11637 = ORIENTED_EDGE('',*,*,#11515,.T.);
#11638 = ORIENTED_EDGE('',*,*,#11579,.T.);
#11639 = ORIENTED_EDGE('',*,*,#11640,.T.);
#11640 = EDGE_CURVE('',#11580,#11550,#11641,.T.);
#11641 = CIRCLE('',#11642,0.8);
#11642 = AXIS2_PLACEMENT_3D('',#11643,#11644,#11645);
#11643 = CARTESIAN_POINT('',(153.39,-98.65000041093,-4.E-02));
#11644 = DIRECTION('',(0.,0.,-1.));
#11645 = DIRECTION('',(-1.,5.136701375363E-07,0.));
#11646 = ORIENTED_EDGE('',*,*,#11557,.T.);
#11647 = FACE_BOUND('',#11648,.T.);
#11648 = EDGE_LOOP('',(#11649));
#11649 = ORIENTED_EDGE('',*,*,#11650,.F.);
#11650 = EDGE_CURVE('',#11651,#11651,#11653,.T.);
#11651 = VERTEX_POINT('',#11652);
#11652 = CARTESIAN_POINT('',(153.39,-99.475,-4.E-02));
#11653 = CIRCLE('',#11654,0.475);
#11654 = AXIS2_PLACEMENT_3D('',#11655,#11656,#11657);
#11655 = CARTESIAN_POINT('',(153.39,-99.,-4.E-02));
#11656 = DIRECTION('',(-0.,0.,-1.));
#11657 = DIRECTION('',(-0.,-1.,0.));
#11658 = PLANE('',#11659);
#11659 = AXIS2_PLACEMENT_3D('',#11660,#11661,#11662);
#11660 = CARTESIAN_POINT('',(0.,0.,-4.E-02));
#11661 = DIRECTION('',(-0.,-0.,-1.));
#11662 = DIRECTION('',(-1.,0.,0.));
#11663 = ADVANCED_FACE('',(#11664),#11670,.T.);
#11664 = FACE_BOUND('',#11665,.F.);
#11665 = EDGE_LOOP('',(#11666,#11667,#11668,#11669));
#11666 = ORIENTED_EDGE('',*,*,#11587,.T.);
#11667 = ORIENTED_EDGE('',*,*,#11640,.T.);
#11668 = ORIENTED_EDGE('',*,*,#11547,.F.);
#11669 = ORIENTED_EDGE('',*,*,#11611,.F.);
#11670 = CYLINDRICAL_SURFACE('',#11671,0.8);
#11671 = AXIS2_PLACEMENT_3D('',#11672,#11673,#11674);
#11672 = CARTESIAN_POINT('',(153.39,-98.65000041093,0.));
#11673 = DIRECTION('',(-0.,-0.,1.));
#11674 = DIRECTION('',(-1.,5.136701375363E-07,0.));
#11675 = ADVANCED_FACE('',(#11676),#11687,.F.);
#11676 = FACE_BOUND('',#11677,.T.);
#11677 = EDGE_LOOP('',(#11678,#11679,#11685,#11686));
#11678 = ORIENTED_EDGE('',*,*,#11650,.T.);
#11679 = ORIENTED_EDGE('',*,*,#11680,.T.);
#11680 = EDGE_CURVE('',#11651,#11622,#11681,.T.);
#11681 = LINE('',#11682,#11683);
#11682 = CARTESIAN_POINT('',(153.39,-99.475,-4.6E-02));
#11683 = VECTOR('',#11684,1.);
#11684 = DIRECTION('',(0.,0.,1.));
#11685 = ORIENTED_EDGE('',*,*,#11621,.F.);
#11686 = ORIENTED_EDGE('',*,*,#11680,.F.);
#11687 = CYLINDRICAL_SURFACE('',#11688,0.475);
#11688 = AXIS2_PLACEMENT_3D('',#11689,#11690,#11691);
#11689 = CARTESIAN_POINT('',(153.39,-99.,-4.6E-02));
#11690 = DIRECTION('',(-0.,-0.,-1.));
#11691 = DIRECTION('',(-0.,-1.,0.));
#11692 = MANIFOLD_SOLID_BREP('',#11693);
#11693 = CLOSED_SHELL('',(#11694,#11727,#11747,#11767));
#11694 = ADVANCED_FACE('',(#11695),#11722,.T.);
#11695 = FACE_BOUND('',#11696,.F.);
#11696 = EDGE_LOOP('',(#11697,#11707,#11714,#11715));
#11697 = ORIENTED_EDGE('',*,*,#11698,.T.);
#11698 = EDGE_CURVE('',#11699,#11701,#11703,.T.);
#11699 = VERTEX_POINT('',#11700);
#11700 = CARTESIAN_POINT('',(153.39,-99.5,-3.5E-02));
#11701 = VERTEX_POINT('',#11702);
#11702 = CARTESIAN_POINT('',(153.39,-99.5,1.445));
#11703 = LINE('',#11704,#11705);
#11704 = CARTESIAN_POINT('',(153.39,-99.5,-3.5E-02));
#11705 = VECTOR('',#11706,1.);
#11706 = DIRECTION('',(0.,0.,1.));
#11707 = ORIENTED_EDGE('',*,*,#11708,.T.);
#11708 = EDGE_CURVE('',#11701,#11701,#11709,.T.);
#11709 = CIRCLE('',#11710,0.5);
#11710 = AXIS2_PLACEMENT_3D('',#11711,#11712,#11713);
#11711 = CARTESIAN_POINT('',(153.39,-99.,1.445));
#11712 = DIRECTION('',(0.,0.,1.));
#11713 = DIRECTION('',(-0.,-1.,0.));
#11714 = ORIENTED_EDGE('',*,*,#11698,.F.);
#11715 = ORIENTED_EDGE('',*,*,#11716,.F.);
#11716 = EDGE_CURVE('',#11699,#11699,#11717,.T.);
#11717 = CIRCLE('',#11718,0.5);
#11718 = AXIS2_PLACEMENT_3D('',#11719,#11720,#11721);
#11719 = CARTESIAN_POINT('',(153.39,-99.,-3.5E-02));
#11720 = DIRECTION('',(0.,0.,1.));
#11721 = DIRECTION('',(-0.,-1.,0.));
#11722 = CYLINDRICAL_SURFACE('',#11723,0.5);
#11723 = AXIS2_PLACEMENT_3D('',#11724,#11725,#11726);
#11724 = CARTESIAN_POINT('',(153.39,-99.,-3.5E-02));
#11725 = DIRECTION('',(-0.,-0.,-1.));
#11726 = DIRECTION('',(-0.,-1.,0.));
#11727 = ADVANCED_FACE('',(#11728,#11731),#11742,.F.);
#11728 = FACE_BOUND('',#11729,.F.);
#11729 = EDGE_LOOP('',(#11730));
#11730 = ORIENTED_EDGE('',*,*,#11716,.T.);
#11731 = FACE_BOUND('',#11732,.F.);
#11732 = EDGE_LOOP('',(#11733));
#11733 = ORIENTED_EDGE('',*,*,#11734,.T.);
#11734 = EDGE_CURVE('',#11735,#11735,#11737,.T.);
#11735 = VERTEX_POINT('',#11736);
#11736 = CARTESIAN_POINT('',(153.39,-99.475,-3.5E-02));
#11737 = CIRCLE('',#11738,0.475);
#11738 = AXIS2_PLACEMENT_3D('',#11739,#11740,#11741);
#11739 = CARTESIAN_POINT('',(153.39,-99.,-3.5E-02));
#11740 = DIRECTION('',(-0.,0.,-1.));
#11741 = DIRECTION('',(-0.,-1.,0.));
#11742 = PLANE('',#11743);
#11743 = AXIS2_PLACEMENT_3D('',#11744,#11745,#11746);
#11744 = CARTESIAN_POINT('',(153.39,-99.5,-3.5E-02));
#11745 = DIRECTION('',(0.,0.,1.));
#11746 = DIRECTION('',(1.,0.,-0.));
#11747 = ADVANCED_FACE('',(#11748,#11751),#11762,.T.);
#11748 = FACE_BOUND('',#11749,.T.);
#11749 = EDGE_LOOP('',(#11750));
#11750 = ORIENTED_EDGE('',*,*,#11708,.T.);
#11751 = FACE_BOUND('',#11752,.T.);
#11752 = EDGE_LOOP('',(#11753));
#11753 = ORIENTED_EDGE('',*,*,#11754,.T.);
#11754 = EDGE_CURVE('',#11755,#11755,#11757,.T.);
#11755 = VERTEX_POINT('',#11756);
#11756 = CARTESIAN_POINT('',(153.39,-99.475,1.445));
#11757 = CIRCLE('',#11758,0.475);
#11758 = AXIS2_PLACEMENT_3D('',#11759,#11760,#11761);
#11759 = CARTESIAN_POINT('',(153.39,-99.,1.445));
#11760 = DIRECTION('',(-0.,0.,-1.));
#11761 = DIRECTION('',(-0.,-1.,0.));
#11762 = PLANE('',#11763);
#11763 = AXIS2_PLACEMENT_3D('',#11764,#11765,#11766);
#11764 = CARTESIAN_POINT('',(153.39,-99.5,1.445));
#11765 = DIRECTION('',(0.,0.,1.));
#11766 = DIRECTION('',(1.,0.,-0.));
#11767 = ADVANCED_FACE('',(#11768),#11779,.F.);
#11768 = FACE_BOUND('',#11769,.T.);
#11769 = EDGE_LOOP('',(#11770,#11771,#11777,#11778));
#11770 = ORIENTED_EDGE('',*,*,#11734,.T.);
#11771 = ORIENTED_EDGE('',*,*,#11772,.T.);
#11772 = EDGE_CURVE('',#11735,#11755,#11773,.T.);
#11773 = LINE('',#11774,#11775);
#11774 = CARTESIAN_POINT('',(153.39,-99.475,-4.6E-02));
#11775 = VECTOR('',#11776,1.);
#11776 = DIRECTION('',(0.,0.,1.));
#11777 = ORIENTED_EDGE('',*,*,#11754,.F.);
#11778 = ORIENTED_EDGE('',*,*,#11772,.F.);
#11779 = CYLINDRICAL_SURFACE('',#11780,0.475);
#11780 = AXIS2_PLACEMENT_3D('',#11781,#11782,#11783);
#11781 = CARTESIAN_POINT('',(153.39,-99.,-4.6E-02));
#11782 = DIRECTION('',(-0.,-0.,-1.));
#11783 = DIRECTION('',(-0.,-1.,0.));
#11784 = MANIFOLD_SOLID_BREP('',#11785);
#11785 = CLOSED_SHELL('',(#11786,#11828,#11859,#11890,#11919,#11948,
    #11960));
#11786 = ADVANCED_FACE('',(#11787),#11823,.T.);
#11787 = FACE_BOUND('',#11788,.T.);
#11788 = EDGE_LOOP('',(#11789,#11799,#11808,#11816));
#11789 = ORIENTED_EDGE('',*,*,#11790,.T.);
#11790 = EDGE_CURVE('',#11791,#11793,#11795,.T.);
#11791 = VERTEX_POINT('',#11792);
#11792 = CARTESIAN_POINT('',(138.95567,-96.08747,1.41));
#11793 = VERTEX_POINT('',#11794);
#11794 = CARTESIAN_POINT('',(138.95567,-96.08747,1.45));
#11795 = LINE('',#11796,#11797);
#11796 = CARTESIAN_POINT('',(138.95567,-96.08747,1.41));
#11797 = VECTOR('',#11798,1.);
#11798 = DIRECTION('',(0.,0.,1.));
#11799 = ORIENTED_EDGE('',*,*,#11800,.T.);
#11800 = EDGE_CURVE('',#11793,#11801,#11803,.T.);
#11801 = VERTEX_POINT('',#11802);
#11802 = CARTESIAN_POINT('',(137.25567,-96.08747,1.45));
#11803 = CIRCLE('',#11804,0.85);
#11804 = AXIS2_PLACEMENT_3D('',#11805,#11806,#11807);
#11805 = CARTESIAN_POINT('',(138.10567,-96.08747002475,1.45));
#11806 = DIRECTION('',(0.,0.,-1.));
#11807 = DIRECTION('',(1.,2.911877693216E-08,0.));
#11808 = ORIENTED_EDGE('',*,*,#11809,.F.);
#11809 = EDGE_CURVE('',#11810,#11801,#11812,.T.);
#11810 = VERTEX_POINT('',#11811);
#11811 = CARTESIAN_POINT('',(137.25567,-96.08747,1.41));
#11812 = LINE('',#11813,#11814);
#11813 = CARTESIAN_POINT('',(137.25567,-96.08747,1.41));
#11814 = VECTOR('',#11815,1.);
#11815 = DIRECTION('',(0.,0.,1.));
#11816 = ORIENTED_EDGE('',*,*,#11817,.F.);
#11817 = EDGE_CURVE('',#11791,#11810,#11818,.T.);
#11818 = CIRCLE('',#11819,0.85);
#11819 = AXIS2_PLACEMENT_3D('',#11820,#11821,#11822);
#11820 = CARTESIAN_POINT('',(138.10567,-96.08747002475,1.41));
#11821 = DIRECTION('',(0.,0.,-1.));
#11822 = DIRECTION('',(1.,2.911877693216E-08,0.));
#11823 = CYLINDRICAL_SURFACE('',#11824,0.85);
#11824 = AXIS2_PLACEMENT_3D('',#11825,#11826,#11827);
#11825 = CARTESIAN_POINT('',(138.10567,-96.08747002475,1.41));
#11826 = DIRECTION('',(0.,0.,-1.));
#11827 = DIRECTION('',(1.,2.911877693216E-08,0.));
#11828 = ADVANCED_FACE('',(#11829),#11854,.T.);
#11829 = FACE_BOUND('',#11830,.T.);
#11830 = EDGE_LOOP('',(#11831,#11841,#11847,#11848));
#11831 = ORIENTED_EDGE('',*,*,#11832,.T.);
#11832 = EDGE_CURVE('',#11833,#11835,#11837,.T.);
#11833 = VERTEX_POINT('',#11834);
#11834 = CARTESIAN_POINT('',(138.95567,-95.48747,1.41));
#11835 = VERTEX_POINT('',#11836);
#11836 = CARTESIAN_POINT('',(138.95567,-95.48747,1.45));
#11837 = LINE('',#11838,#11839);
#11838 = CARTESIAN_POINT('',(138.95567,-95.48747,1.41));
#11839 = VECTOR('',#11840,1.);
#11840 = DIRECTION('',(0.,0.,1.));
#11841 = ORIENTED_EDGE('',*,*,#11842,.T.);
#11842 = EDGE_CURVE('',#11835,#11793,#11843,.T.);
#11843 = LINE('',#11844,#11845);
#11844 = CARTESIAN_POINT('',(138.95567,-95.48747,1.45));
#11845 = VECTOR('',#11846,1.);
#11846 = DIRECTION('',(0.,-1.,0.));
#11847 = ORIENTED_EDGE('',*,*,#11790,.F.);
#11848 = ORIENTED_EDGE('',*,*,#11849,.F.);
#11849 = EDGE_CURVE('',#11833,#11791,#11850,.T.);
#11850 = LINE('',#11851,#11852);
#11851 = CARTESIAN_POINT('',(138.95567,-95.48747,1.41));
#11852 = VECTOR('',#11853,1.);
#11853 = DIRECTION('',(0.,-1.,0.));
#11854 = PLANE('',#11855);
#11855 = AXIS2_PLACEMENT_3D('',#11856,#11857,#11858);
#11856 = CARTESIAN_POINT('',(138.95567,-95.48747,1.41));
#11857 = DIRECTION('',(1.,0.,-0.));
#11858 = DIRECTION('',(0.,-1.,0.));
#11859 = ADVANCED_FACE('',(#11860),#11885,.T.);
#11860 = FACE_BOUND('',#11861,.T.);
#11861 = EDGE_LOOP('',(#11862,#11863,#11871,#11879));
#11862 = ORIENTED_EDGE('',*,*,#11809,.T.);
#11863 = ORIENTED_EDGE('',*,*,#11864,.T.);
#11864 = EDGE_CURVE('',#11801,#11865,#11867,.T.);
#11865 = VERTEX_POINT('',#11866);
#11866 = CARTESIAN_POINT('',(137.25567,-95.48747,1.45));
#11867 = LINE('',#11868,#11869);
#11868 = CARTESIAN_POINT('',(137.25567,-96.08747,1.45));
#11869 = VECTOR('',#11870,1.);
#11870 = DIRECTION('',(0.,1.,0.));
#11871 = ORIENTED_EDGE('',*,*,#11872,.F.);
#11872 = EDGE_CURVE('',#11873,#11865,#11875,.T.);
#11873 = VERTEX_POINT('',#11874);
#11874 = CARTESIAN_POINT('',(137.25567,-95.48747,1.41));
#11875 = LINE('',#11876,#11877);
#11876 = CARTESIAN_POINT('',(137.25567,-95.48747,1.41));
#11877 = VECTOR('',#11878,1.);
#11878 = DIRECTION('',(0.,0.,1.));
#11879 = ORIENTED_EDGE('',*,*,#11880,.F.);
#11880 = EDGE_CURVE('',#11810,#11873,#11881,.T.);
#11881 = LINE('',#11882,#11883);
#11882 = CARTESIAN_POINT('',(137.25567,-96.08747,1.41));
#11883 = VECTOR('',#11884,1.);
#11884 = DIRECTION('',(0.,1.,0.));
#11885 = PLANE('',#11886);
#11886 = AXIS2_PLACEMENT_3D('',#11887,#11888,#11889);
#11887 = CARTESIAN_POINT('',(137.25567,-96.08747,1.41));
#11888 = DIRECTION('',(-1.,0.,0.));
#11889 = DIRECTION('',(0.,1.,0.));
#11890 = ADVANCED_FACE('',(#11891,#11903),#11914,.F.);
#11891 = FACE_BOUND('',#11892,.F.);
#11892 = EDGE_LOOP('',(#11893,#11894,#11895,#11902));
#11893 = ORIENTED_EDGE('',*,*,#11817,.F.);
#11894 = ORIENTED_EDGE('',*,*,#11849,.F.);
#11895 = ORIENTED_EDGE('',*,*,#11896,.F.);
#11896 = EDGE_CURVE('',#11873,#11833,#11897,.T.);
#11897 = CIRCLE('',#11898,0.85);
#11898 = AXIS2_PLACEMENT_3D('',#11899,#11900,#11901);
#11899 = CARTESIAN_POINT('',(138.10567,-95.48747036604,1.41));
#11900 = DIRECTION('',(0.,0.,-1.));
#11901 = DIRECTION('',(-1.,4.306455908216E-07,0.));
#11902 = ORIENTED_EDGE('',*,*,#11880,.F.);
#11903 = FACE_BOUND('',#11904,.F.);
#11904 = EDGE_LOOP('',(#11905));
#11905 = ORIENTED_EDGE('',*,*,#11906,.T.);
#11906 = EDGE_CURVE('',#11907,#11907,#11909,.T.);
#11907 = VERTEX_POINT('',#11908);
#11908 = CARTESIAN_POINT('',(138.10567,-96.26247,1.41));
#11909 = CIRCLE('',#11910,0.475);
#11910 = AXIS2_PLACEMENT_3D('',#11911,#11912,#11913);
#11911 = CARTESIAN_POINT('',(138.10567,-95.78747,1.41));
#11912 = DIRECTION('',(-0.,0.,-1.));
#11913 = DIRECTION('',(-0.,-1.,0.));
#11914 = PLANE('',#11915);
#11915 = AXIS2_PLACEMENT_3D('',#11916,#11917,#11918);
#11916 = CARTESIAN_POINT('',(0.,0.,1.41));
#11917 = DIRECTION('',(0.,0.,1.));
#11918 = DIRECTION('',(1.,0.,-0.));
#11919 = ADVANCED_FACE('',(#11920,#11932),#11943,.T.);
#11920 = FACE_BOUND('',#11921,.T.);
#11921 = EDGE_LOOP('',(#11922,#11923,#11924,#11931));
#11922 = ORIENTED_EDGE('',*,*,#11800,.F.);
#11923 = ORIENTED_EDGE('',*,*,#11842,.F.);
#11924 = ORIENTED_EDGE('',*,*,#11925,.F.);
#11925 = EDGE_CURVE('',#11865,#11835,#11926,.T.);
#11926 = CIRCLE('',#11927,0.85);
#11927 = AXIS2_PLACEMENT_3D('',#11928,#11929,#11930);
#11928 = CARTESIAN_POINT('',(138.10567,-95.48747036604,1.45));
#11929 = DIRECTION('',(0.,0.,-1.));
#11930 = DIRECTION('',(-1.,4.306455908216E-07,0.));
#11931 = ORIENTED_EDGE('',*,*,#11864,.F.);
#11932 = FACE_BOUND('',#11933,.T.);
#11933 = EDGE_LOOP('',(#11934));
#11934 = ORIENTED_EDGE('',*,*,#11935,.T.);
#11935 = EDGE_CURVE('',#11936,#11936,#11938,.T.);
#11936 = VERTEX_POINT('',#11937);
#11937 = CARTESIAN_POINT('',(138.10567,-96.26247,1.45));
#11938 = CIRCLE('',#11939,0.475);
#11939 = AXIS2_PLACEMENT_3D('',#11940,#11941,#11942);
#11940 = CARTESIAN_POINT('',(138.10567,-95.78747,1.45));
#11941 = DIRECTION('',(-0.,0.,-1.));
#11942 = DIRECTION('',(-0.,-1.,0.));
#11943 = PLANE('',#11944);
#11944 = AXIS2_PLACEMENT_3D('',#11945,#11946,#11947);
#11945 = CARTESIAN_POINT('',(0.,0.,1.45));
#11946 = DIRECTION('',(0.,0.,1.));
#11947 = DIRECTION('',(1.,0.,-0.));
#11948 = ADVANCED_FACE('',(#11949),#11955,.T.);
#11949 = FACE_BOUND('',#11950,.T.);
#11950 = EDGE_LOOP('',(#11951,#11952,#11953,#11954));
#11951 = ORIENTED_EDGE('',*,*,#11872,.T.);
#11952 = ORIENTED_EDGE('',*,*,#11925,.T.);
#11953 = ORIENTED_EDGE('',*,*,#11832,.F.);
#11954 = ORIENTED_EDGE('',*,*,#11896,.F.);
#11955 = CYLINDRICAL_SURFACE('',#11956,0.85);
#11956 = AXIS2_PLACEMENT_3D('',#11957,#11958,#11959);
#11957 = CARTESIAN_POINT('',(138.10567,-95.48747036604,1.41));
#11958 = DIRECTION('',(0.,0.,-1.));
#11959 = DIRECTION('',(-1.,4.306455908216E-07,0.));
#11960 = ADVANCED_FACE('',(#11961),#11972,.F.);
#11961 = FACE_BOUND('',#11962,.T.);
#11962 = EDGE_LOOP('',(#11963,#11964,#11970,#11971));
#11963 = ORIENTED_EDGE('',*,*,#11906,.T.);
#11964 = ORIENTED_EDGE('',*,*,#11965,.T.);
#11965 = EDGE_CURVE('',#11907,#11936,#11966,.T.);
#11966 = LINE('',#11967,#11968);
#11967 = CARTESIAN_POINT('',(138.10567,-96.26247,-4.6E-02));
#11968 = VECTOR('',#11969,1.);
#11969 = DIRECTION('',(0.,0.,1.));
#11970 = ORIENTED_EDGE('',*,*,#11935,.F.);
#11971 = ORIENTED_EDGE('',*,*,#11965,.F.);
#11972 = CYLINDRICAL_SURFACE('',#11973,0.475);
#11973 = AXIS2_PLACEMENT_3D('',#11974,#11975,#11976);
#11974 = CARTESIAN_POINT('',(138.10567,-95.78747,-4.6E-02));
#11975 = DIRECTION('',(-0.,-0.,-1.));
#11976 = DIRECTION('',(-0.,-1.,0.));
#11977 = MANIFOLD_SOLID_BREP('',#11978);
#11978 = CLOSED_SHELL('',(#11979,#12021,#12052,#12083,#12112,#12141,
    #12153));
#11979 = ADVANCED_FACE('',(#11980),#12016,.T.);
#11980 = FACE_BOUND('',#11981,.F.);
#11981 = EDGE_LOOP('',(#11982,#11992,#12001,#12009));
#11982 = ORIENTED_EDGE('',*,*,#11983,.T.);
#11983 = EDGE_CURVE('',#11984,#11986,#11988,.T.);
#11984 = VERTEX_POINT('',#11985);
#11985 = CARTESIAN_POINT('',(138.95567,-96.08747,0.));
#11986 = VERTEX_POINT('',#11987);
#11987 = CARTESIAN_POINT('',(138.95567,-96.08747,-4.E-02));
#11988 = LINE('',#11989,#11990);
#11989 = CARTESIAN_POINT('',(138.95567,-96.08747,0.));
#11990 = VECTOR('',#11991,1.);
#11991 = DIRECTION('',(0.,0.,-1.));
#11992 = ORIENTED_EDGE('',*,*,#11993,.T.);
#11993 = EDGE_CURVE('',#11986,#11994,#11996,.T.);
#11994 = VERTEX_POINT('',#11995);
#11995 = CARTESIAN_POINT('',(137.25567,-96.08747,-4.E-02));
#11996 = CIRCLE('',#11997,0.85);
#11997 = AXIS2_PLACEMENT_3D('',#11998,#11999,#12000);
#11998 = CARTESIAN_POINT('',(138.10567,-96.08747002475,-4.E-02));
#11999 = DIRECTION('',(0.,0.,-1.));
#12000 = DIRECTION('',(1.,2.911877693216E-08,0.));
#12001 = ORIENTED_EDGE('',*,*,#12002,.F.);
#12002 = EDGE_CURVE('',#12003,#11994,#12005,.T.);
#12003 = VERTEX_POINT('',#12004);
#12004 = CARTESIAN_POINT('',(137.25567,-96.08747,0.));
#12005 = LINE('',#12006,#12007);
#12006 = CARTESIAN_POINT('',(137.25567,-96.08747,0.));
#12007 = VECTOR('',#12008,1.);
#12008 = DIRECTION('',(0.,0.,-1.));
#12009 = ORIENTED_EDGE('',*,*,#12010,.F.);
#12010 = EDGE_CURVE('',#11984,#12003,#12011,.T.);
#12011 = CIRCLE('',#12012,0.85);
#12012 = AXIS2_PLACEMENT_3D('',#12013,#12014,#12015);
#12013 = CARTESIAN_POINT('',(138.10567,-96.08747002475,0.));
#12014 = DIRECTION('',(0.,0.,-1.));
#12015 = DIRECTION('',(1.,2.911877693216E-08,0.));
#12016 = CYLINDRICAL_SURFACE('',#12017,0.85);
#12017 = AXIS2_PLACEMENT_3D('',#12018,#12019,#12020);
#12018 = CARTESIAN_POINT('',(138.10567,-96.08747002475,0.));
#12019 = DIRECTION('',(-0.,-0.,1.));
#12020 = DIRECTION('',(1.,2.911877693216E-08,0.));
#12021 = ADVANCED_FACE('',(#12022),#12047,.F.);
#12022 = FACE_BOUND('',#12023,.F.);
#12023 = EDGE_LOOP('',(#12024,#12034,#12040,#12041));
#12024 = ORIENTED_EDGE('',*,*,#12025,.T.);
#12025 = EDGE_CURVE('',#12026,#12028,#12030,.T.);
#12026 = VERTEX_POINT('',#12027);
#12027 = CARTESIAN_POINT('',(138.95567,-95.48747,0.));
#12028 = VERTEX_POINT('',#12029);
#12029 = CARTESIAN_POINT('',(138.95567,-95.48747,-4.E-02));
#12030 = LINE('',#12031,#12032);
#12031 = CARTESIAN_POINT('',(138.95567,-95.48747,0.));
#12032 = VECTOR('',#12033,1.);
#12033 = DIRECTION('',(0.,0.,-1.));
#12034 = ORIENTED_EDGE('',*,*,#12035,.T.);
#12035 = EDGE_CURVE('',#12028,#11986,#12036,.T.);
#12036 = LINE('',#12037,#12038);
#12037 = CARTESIAN_POINT('',(138.95567,-95.48747,-4.E-02));
#12038 = VECTOR('',#12039,1.);
#12039 = DIRECTION('',(0.,-1.,0.));
#12040 = ORIENTED_EDGE('',*,*,#11983,.F.);
#12041 = ORIENTED_EDGE('',*,*,#12042,.F.);
#12042 = EDGE_CURVE('',#12026,#11984,#12043,.T.);
#12043 = LINE('',#12044,#12045);
#12044 = CARTESIAN_POINT('',(138.95567,-95.48747,0.));
#12045 = VECTOR('',#12046,1.);
#12046 = DIRECTION('',(0.,-1.,0.));
#12047 = PLANE('',#12048);
#12048 = AXIS2_PLACEMENT_3D('',#12049,#12050,#12051);
#12049 = CARTESIAN_POINT('',(138.95567,-95.48747,0.));
#12050 = DIRECTION('',(-1.,-0.,-0.));
#12051 = DIRECTION('',(0.,-1.,0.));
#12052 = ADVANCED_FACE('',(#12053),#12078,.F.);
#12053 = FACE_BOUND('',#12054,.F.);
#12054 = EDGE_LOOP('',(#12055,#12056,#12064,#12072));
#12055 = ORIENTED_EDGE('',*,*,#12002,.T.);
#12056 = ORIENTED_EDGE('',*,*,#12057,.T.);
#12057 = EDGE_CURVE('',#11994,#12058,#12060,.T.);
#12058 = VERTEX_POINT('',#12059);
#12059 = CARTESIAN_POINT('',(137.25567,-95.48747,-4.E-02));
#12060 = LINE('',#12061,#12062);
#12061 = CARTESIAN_POINT('',(137.25567,-96.08747,-4.E-02));
#12062 = VECTOR('',#12063,1.);
#12063 = DIRECTION('',(0.,1.,0.));
#12064 = ORIENTED_EDGE('',*,*,#12065,.F.);
#12065 = EDGE_CURVE('',#12066,#12058,#12068,.T.);
#12066 = VERTEX_POINT('',#12067);
#12067 = CARTESIAN_POINT('',(137.25567,-95.48747,0.));
#12068 = LINE('',#12069,#12070);
#12069 = CARTESIAN_POINT('',(137.25567,-95.48747,0.));
#12070 = VECTOR('',#12071,1.);
#12071 = DIRECTION('',(0.,0.,-1.));
#12072 = ORIENTED_EDGE('',*,*,#12073,.F.);
#12073 = EDGE_CURVE('',#12003,#12066,#12074,.T.);
#12074 = LINE('',#12075,#12076);
#12075 = CARTESIAN_POINT('',(137.25567,-96.08747,0.));
#12076 = VECTOR('',#12077,1.);
#12077 = DIRECTION('',(0.,1.,0.));
#12078 = PLANE('',#12079);
#12079 = AXIS2_PLACEMENT_3D('',#12080,#12081,#12082);
#12080 = CARTESIAN_POINT('',(137.25567,-96.08747,0.));
#12081 = DIRECTION('',(1.,-0.,0.));
#12082 = DIRECTION('',(0.,1.,0.));
#12083 = ADVANCED_FACE('',(#12084,#12096),#12107,.F.);
#12084 = FACE_BOUND('',#12085,.F.);
#12085 = EDGE_LOOP('',(#12086,#12087,#12088,#12095));
#12086 = ORIENTED_EDGE('',*,*,#12010,.T.);
#12087 = ORIENTED_EDGE('',*,*,#12073,.T.);
#12088 = ORIENTED_EDGE('',*,*,#12089,.T.);
#12089 = EDGE_CURVE('',#12066,#12026,#12090,.T.);
#12090 = CIRCLE('',#12091,0.85);
#12091 = AXIS2_PLACEMENT_3D('',#12092,#12093,#12094);
#12092 = CARTESIAN_POINT('',(138.10567,-95.48747036604,0.));
#12093 = DIRECTION('',(0.,0.,-1.));
#12094 = DIRECTION('',(-1.,4.306455908216E-07,0.));
#12095 = ORIENTED_EDGE('',*,*,#12042,.T.);
#12096 = FACE_BOUND('',#12097,.F.);
#12097 = EDGE_LOOP('',(#12098));
#12098 = ORIENTED_EDGE('',*,*,#12099,.F.);
#12099 = EDGE_CURVE('',#12100,#12100,#12102,.T.);
#12100 = VERTEX_POINT('',#12101);
#12101 = CARTESIAN_POINT('',(138.10567,-96.26247,0.));
#12102 = CIRCLE('',#12103,0.475);
#12103 = AXIS2_PLACEMENT_3D('',#12104,#12105,#12106);
#12104 = CARTESIAN_POINT('',(138.10567,-95.78747,0.));
#12105 = DIRECTION('',(-0.,0.,-1.));
#12106 = DIRECTION('',(-0.,-1.,0.));
#12107 = PLANE('',#12108);
#12108 = AXIS2_PLACEMENT_3D('',#12109,#12110,#12111);
#12109 = CARTESIAN_POINT('',(0.,0.,0.));
#12110 = DIRECTION('',(-0.,-0.,-1.));
#12111 = DIRECTION('',(-1.,0.,0.));
#12112 = ADVANCED_FACE('',(#12113,#12125),#12136,.T.);
#12113 = FACE_BOUND('',#12114,.T.);
#12114 = EDGE_LOOP('',(#12115,#12116,#12117,#12124));
#12115 = ORIENTED_EDGE('',*,*,#11993,.T.);
#12116 = ORIENTED_EDGE('',*,*,#12057,.T.);
#12117 = ORIENTED_EDGE('',*,*,#12118,.T.);
#12118 = EDGE_CURVE('',#12058,#12028,#12119,.T.);
#12119 = CIRCLE('',#12120,0.85);
#12120 = AXIS2_PLACEMENT_3D('',#12121,#12122,#12123);
#12121 = CARTESIAN_POINT('',(138.10567,-95.48747036604,-4.E-02));
#12122 = DIRECTION('',(0.,0.,-1.));
#12123 = DIRECTION('',(-1.,4.306455908216E-07,0.));
#12124 = ORIENTED_EDGE('',*,*,#12035,.T.);
#12125 = FACE_BOUND('',#12126,.T.);
#12126 = EDGE_LOOP('',(#12127));
#12127 = ORIENTED_EDGE('',*,*,#12128,.F.);
#12128 = EDGE_CURVE('',#12129,#12129,#12131,.T.);
#12129 = VERTEX_POINT('',#12130);
#12130 = CARTESIAN_POINT('',(138.10567,-96.26247,-4.E-02));
#12131 = CIRCLE('',#12132,0.475);
#12132 = AXIS2_PLACEMENT_3D('',#12133,#12134,#12135);
#12133 = CARTESIAN_POINT('',(138.10567,-95.78747,-4.E-02));
#12134 = DIRECTION('',(-0.,0.,-1.));
#12135 = DIRECTION('',(-0.,-1.,0.));
#12136 = PLANE('',#12137);
#12137 = AXIS2_PLACEMENT_3D('',#12138,#12139,#12140);
#12138 = CARTESIAN_POINT('',(0.,0.,-4.E-02));
#12139 = DIRECTION('',(-0.,-0.,-1.));
#12140 = DIRECTION('',(-1.,0.,0.));
#12141 = ADVANCED_FACE('',(#12142),#12148,.T.);
#12142 = FACE_BOUND('',#12143,.F.);
#12143 = EDGE_LOOP('',(#12144,#12145,#12146,#12147));
#12144 = ORIENTED_EDGE('',*,*,#12065,.T.);
#12145 = ORIENTED_EDGE('',*,*,#12118,.T.);
#12146 = ORIENTED_EDGE('',*,*,#12025,.F.);
#12147 = ORIENTED_EDGE('',*,*,#12089,.F.);
#12148 = CYLINDRICAL_SURFACE('',#12149,0.85);
#12149 = AXIS2_PLACEMENT_3D('',#12150,#12151,#12152);
#12150 = CARTESIAN_POINT('',(138.10567,-95.48747036604,0.));
#12151 = DIRECTION('',(-0.,-0.,1.));
#12152 = DIRECTION('',(-1.,4.306455908216E-07,0.));
#12153 = ADVANCED_FACE('',(#12154),#12165,.F.);
#12154 = FACE_BOUND('',#12155,.T.);
#12155 = EDGE_LOOP('',(#12156,#12157,#12163,#12164));
#12156 = ORIENTED_EDGE('',*,*,#12128,.T.);
#12157 = ORIENTED_EDGE('',*,*,#12158,.T.);
#12158 = EDGE_CURVE('',#12129,#12100,#12159,.T.);
#12159 = LINE('',#12160,#12161);
#12160 = CARTESIAN_POINT('',(138.10567,-96.26247,-4.6E-02));
#12161 = VECTOR('',#12162,1.);
#12162 = DIRECTION('',(0.,0.,1.));
#12163 = ORIENTED_EDGE('',*,*,#12099,.F.);
#12164 = ORIENTED_EDGE('',*,*,#12158,.F.);
#12165 = CYLINDRICAL_SURFACE('',#12166,0.475);
#12166 = AXIS2_PLACEMENT_3D('',#12167,#12168,#12169);
#12167 = CARTESIAN_POINT('',(138.10567,-95.78747,-4.6E-02));
#12168 = DIRECTION('',(-0.,-0.,-1.));
#12169 = DIRECTION('',(-0.,-1.,0.));
#12170 = MANIFOLD_SOLID_BREP('',#12171);
#12171 = CLOSED_SHELL('',(#12172,#12205,#12225,#12245));
#12172 = ADVANCED_FACE('',(#12173),#12200,.T.);
#12173 = FACE_BOUND('',#12174,.F.);
#12174 = EDGE_LOOP('',(#12175,#12185,#12192,#12193));
#12175 = ORIENTED_EDGE('',*,*,#12176,.T.);
#12176 = EDGE_CURVE('',#12177,#12179,#12181,.T.);
#12177 = VERTEX_POINT('',#12178);
#12178 = CARTESIAN_POINT('',(138.10567,-96.28747,-3.5E-02));
#12179 = VERTEX_POINT('',#12180);
#12180 = CARTESIAN_POINT('',(138.10567,-96.28747,1.445));
#12181 = LINE('',#12182,#12183);
#12182 = CARTESIAN_POINT('',(138.10567,-96.28747,-3.5E-02));
#12183 = VECTOR('',#12184,1.);
#12184 = DIRECTION('',(0.,0.,1.));
#12185 = ORIENTED_EDGE('',*,*,#12186,.T.);
#12186 = EDGE_CURVE('',#12179,#12179,#12187,.T.);
#12187 = CIRCLE('',#12188,0.5);
#12188 = AXIS2_PLACEMENT_3D('',#12189,#12190,#12191);
#12189 = CARTESIAN_POINT('',(138.10567,-95.78747,1.445));
#12190 = DIRECTION('',(0.,0.,1.));
#12191 = DIRECTION('',(-0.,-1.,0.));
#12192 = ORIENTED_EDGE('',*,*,#12176,.F.);
#12193 = ORIENTED_EDGE('',*,*,#12194,.F.);
#12194 = EDGE_CURVE('',#12177,#12177,#12195,.T.);
#12195 = CIRCLE('',#12196,0.5);
#12196 = AXIS2_PLACEMENT_3D('',#12197,#12198,#12199);
#12197 = CARTESIAN_POINT('',(138.10567,-95.78747,-3.5E-02));
#12198 = DIRECTION('',(0.,0.,1.));
#12199 = DIRECTION('',(-0.,-1.,0.));
#12200 = CYLINDRICAL_SURFACE('',#12201,0.5);
#12201 = AXIS2_PLACEMENT_3D('',#12202,#12203,#12204);
#12202 = CARTESIAN_POINT('',(138.10567,-95.78747,-3.5E-02));
#12203 = DIRECTION('',(-0.,-0.,-1.));
#12204 = DIRECTION('',(-0.,-1.,0.));
#12205 = ADVANCED_FACE('',(#12206,#12209),#12220,.F.);
#12206 = FACE_BOUND('',#12207,.F.);
#12207 = EDGE_LOOP('',(#12208));
#12208 = ORIENTED_EDGE('',*,*,#12194,.T.);
#12209 = FACE_BOUND('',#12210,.F.);
#12210 = EDGE_LOOP('',(#12211));
#12211 = ORIENTED_EDGE('',*,*,#12212,.T.);
#12212 = EDGE_CURVE('',#12213,#12213,#12215,.T.);
#12213 = VERTEX_POINT('',#12214);
#12214 = CARTESIAN_POINT('',(138.10567,-96.26247,-3.5E-02));
#12215 = CIRCLE('',#12216,0.475);
#12216 = AXIS2_PLACEMENT_3D('',#12217,#12218,#12219);
#12217 = CARTESIAN_POINT('',(138.10567,-95.78747,-3.5E-02));
#12218 = DIRECTION('',(-0.,0.,-1.));
#12219 = DIRECTION('',(-0.,-1.,0.));
#12220 = PLANE('',#12221);
#12221 = AXIS2_PLACEMENT_3D('',#12222,#12223,#12224);
#12222 = CARTESIAN_POINT('',(138.10567,-96.28747,-3.5E-02));
#12223 = DIRECTION('',(0.,0.,1.));
#12224 = DIRECTION('',(1.,0.,-0.));
#12225 = ADVANCED_FACE('',(#12226,#12229),#12240,.T.);
#12226 = FACE_BOUND('',#12227,.T.);
#12227 = EDGE_LOOP('',(#12228));
#12228 = ORIENTED_EDGE('',*,*,#12186,.T.);
#12229 = FACE_BOUND('',#12230,.T.);
#12230 = EDGE_LOOP('',(#12231));
#12231 = ORIENTED_EDGE('',*,*,#12232,.T.);
#12232 = EDGE_CURVE('',#12233,#12233,#12235,.T.);
#12233 = VERTEX_POINT('',#12234);
#12234 = CARTESIAN_POINT('',(138.10567,-96.26247,1.445));
#12235 = CIRCLE('',#12236,0.475);
#12236 = AXIS2_PLACEMENT_3D('',#12237,#12238,#12239);
#12237 = CARTESIAN_POINT('',(138.10567,-95.78747,1.445));
#12238 = DIRECTION('',(-0.,0.,-1.));
#12239 = DIRECTION('',(-0.,-1.,0.));
#12240 = PLANE('',#12241);
#12241 = AXIS2_PLACEMENT_3D('',#12242,#12243,#12244);
#12242 = CARTESIAN_POINT('',(138.10567,-96.28747,1.445));
#12243 = DIRECTION('',(0.,0.,1.));
#12244 = DIRECTION('',(1.,0.,-0.));
#12245 = ADVANCED_FACE('',(#12246),#12257,.F.);
#12246 = FACE_BOUND('',#12247,.T.);
#12247 = EDGE_LOOP('',(#12248,#12249,#12255,#12256));
#12248 = ORIENTED_EDGE('',*,*,#12212,.T.);
#12249 = ORIENTED_EDGE('',*,*,#12250,.T.);
#12250 = EDGE_CURVE('',#12213,#12233,#12251,.T.);
#12251 = LINE('',#12252,#12253);
#12252 = CARTESIAN_POINT('',(138.10567,-96.26247,-4.6E-02));
#12253 = VECTOR('',#12254,1.);
#12254 = DIRECTION('',(0.,0.,1.));
#12255 = ORIENTED_EDGE('',*,*,#12232,.F.);
#12256 = ORIENTED_EDGE('',*,*,#12250,.F.);
#12257 = CYLINDRICAL_SURFACE('',#12258,0.475);
#12258 = AXIS2_PLACEMENT_3D('',#12259,#12260,#12261);
#12259 = CARTESIAN_POINT('',(138.10567,-95.78747,-4.6E-02));
#12260 = DIRECTION('',(-0.,-0.,-1.));
#12261 = DIRECTION('',(-0.,-1.,0.));
#12262 = MANIFOLD_SOLID_BREP('',#12263);
#12263 = CLOSED_SHELL('',(#12264,#12306,#12337,#12368,#12397,#12426,
    #12438));
#12264 = ADVANCED_FACE('',(#12265),#12301,.T.);
#12265 = FACE_BOUND('',#12266,.T.);
#12266 = EDGE_LOOP('',(#12267,#12277,#12286,#12294));
#12267 = ORIENTED_EDGE('',*,*,#12268,.T.);
#12268 = EDGE_CURVE('',#12269,#12271,#12273,.T.);
#12269 = VERTEX_POINT('',#12270);
#12270 = CARTESIAN_POINT('',(141.49567,-96.08747,1.41));
#12271 = VERTEX_POINT('',#12272);
#12272 = CARTESIAN_POINT('',(141.49567,-96.08747,1.45));
#12273 = LINE('',#12274,#12275);
#12274 = CARTESIAN_POINT('',(141.49567,-96.08747,1.41));
#12275 = VECTOR('',#12276,1.);
#12276 = DIRECTION('',(0.,0.,1.));
#12277 = ORIENTED_EDGE('',*,*,#12278,.T.);
#12278 = EDGE_CURVE('',#12271,#12279,#12281,.T.);
#12279 = VERTEX_POINT('',#12280);
#12280 = CARTESIAN_POINT('',(139.79567,-96.08747,1.45));
#12281 = CIRCLE('',#12282,0.85);
#12282 = AXIS2_PLACEMENT_3D('',#12283,#12284,#12285);
#12283 = CARTESIAN_POINT('',(140.64567,-96.08747002475,1.45));
#12284 = DIRECTION('',(0.,0.,-1.));
#12285 = DIRECTION('',(1.,2.911877693216E-08,0.));
#12286 = ORIENTED_EDGE('',*,*,#12287,.F.);
#12287 = EDGE_CURVE('',#12288,#12279,#12290,.T.);
#12288 = VERTEX_POINT('',#12289);
#12289 = CARTESIAN_POINT('',(139.79567,-96.08747,1.41));
#12290 = LINE('',#12291,#12292);
#12291 = CARTESIAN_POINT('',(139.79567,-96.08747,1.41));
#12292 = VECTOR('',#12293,1.);
#12293 = DIRECTION('',(0.,0.,1.));
#12294 = ORIENTED_EDGE('',*,*,#12295,.F.);
#12295 = EDGE_CURVE('',#12269,#12288,#12296,.T.);
#12296 = CIRCLE('',#12297,0.85);
#12297 = AXIS2_PLACEMENT_3D('',#12298,#12299,#12300);
#12298 = CARTESIAN_POINT('',(140.64567,-96.08747002475,1.41));
#12299 = DIRECTION('',(0.,0.,-1.));
#12300 = DIRECTION('',(1.,2.911877693216E-08,0.));
#12301 = CYLINDRICAL_SURFACE('',#12302,0.85);
#12302 = AXIS2_PLACEMENT_3D('',#12303,#12304,#12305);
#12303 = CARTESIAN_POINT('',(140.64567,-96.08747002475,1.41));
#12304 = DIRECTION('',(0.,0.,-1.));
#12305 = DIRECTION('',(1.,2.911877693216E-08,0.));
#12306 = ADVANCED_FACE('',(#12307),#12332,.T.);
#12307 = FACE_BOUND('',#12308,.T.);
#12308 = EDGE_LOOP('',(#12309,#12319,#12325,#12326));
#12309 = ORIENTED_EDGE('',*,*,#12310,.T.);
#12310 = EDGE_CURVE('',#12311,#12313,#12315,.T.);
#12311 = VERTEX_POINT('',#12312);
#12312 = CARTESIAN_POINT('',(141.49567,-95.48747,1.41));
#12313 = VERTEX_POINT('',#12314);
#12314 = CARTESIAN_POINT('',(141.49567,-95.48747,1.45));
#12315 = LINE('',#12316,#12317);
#12316 = CARTESIAN_POINT('',(141.49567,-95.48747,1.41));
#12317 = VECTOR('',#12318,1.);
#12318 = DIRECTION('',(0.,0.,1.));
#12319 = ORIENTED_EDGE('',*,*,#12320,.T.);
#12320 = EDGE_CURVE('',#12313,#12271,#12321,.T.);
#12321 = LINE('',#12322,#12323);
#12322 = CARTESIAN_POINT('',(141.49567,-95.48747,1.45));
#12323 = VECTOR('',#12324,1.);
#12324 = DIRECTION('',(0.,-1.,0.));
#12325 = ORIENTED_EDGE('',*,*,#12268,.F.);
#12326 = ORIENTED_EDGE('',*,*,#12327,.F.);
#12327 = EDGE_CURVE('',#12311,#12269,#12328,.T.);
#12328 = LINE('',#12329,#12330);
#12329 = CARTESIAN_POINT('',(141.49567,-95.48747,1.41));
#12330 = VECTOR('',#12331,1.);
#12331 = DIRECTION('',(0.,-1.,0.));
#12332 = PLANE('',#12333);
#12333 = AXIS2_PLACEMENT_3D('',#12334,#12335,#12336);
#12334 = CARTESIAN_POINT('',(141.49567,-95.48747,1.41));
#12335 = DIRECTION('',(1.,0.,-0.));
#12336 = DIRECTION('',(0.,-1.,0.));
#12337 = ADVANCED_FACE('',(#12338),#12363,.T.);
#12338 = FACE_BOUND('',#12339,.T.);
#12339 = EDGE_LOOP('',(#12340,#12341,#12349,#12357));
#12340 = ORIENTED_EDGE('',*,*,#12287,.T.);
#12341 = ORIENTED_EDGE('',*,*,#12342,.T.);
#12342 = EDGE_CURVE('',#12279,#12343,#12345,.T.);
#12343 = VERTEX_POINT('',#12344);
#12344 = CARTESIAN_POINT('',(139.79567,-95.48747,1.45));
#12345 = LINE('',#12346,#12347);
#12346 = CARTESIAN_POINT('',(139.79567,-96.08747,1.45));
#12347 = VECTOR('',#12348,1.);
#12348 = DIRECTION('',(0.,1.,0.));
#12349 = ORIENTED_EDGE('',*,*,#12350,.F.);
#12350 = EDGE_CURVE('',#12351,#12343,#12353,.T.);
#12351 = VERTEX_POINT('',#12352);
#12352 = CARTESIAN_POINT('',(139.79567,-95.48747,1.41));
#12353 = LINE('',#12354,#12355);
#12354 = CARTESIAN_POINT('',(139.79567,-95.48747,1.41));
#12355 = VECTOR('',#12356,1.);
#12356 = DIRECTION('',(0.,0.,1.));
#12357 = ORIENTED_EDGE('',*,*,#12358,.F.);
#12358 = EDGE_CURVE('',#12288,#12351,#12359,.T.);
#12359 = LINE('',#12360,#12361);
#12360 = CARTESIAN_POINT('',(139.79567,-96.08747,1.41));
#12361 = VECTOR('',#12362,1.);
#12362 = DIRECTION('',(0.,1.,0.));
#12363 = PLANE('',#12364);
#12364 = AXIS2_PLACEMENT_3D('',#12365,#12366,#12367);
#12365 = CARTESIAN_POINT('',(139.79567,-96.08747,1.41));
#12366 = DIRECTION('',(-1.,0.,0.));
#12367 = DIRECTION('',(0.,1.,0.));
#12368 = ADVANCED_FACE('',(#12369,#12381),#12392,.F.);
#12369 = FACE_BOUND('',#12370,.F.);
#12370 = EDGE_LOOP('',(#12371,#12372,#12373,#12380));
#12371 = ORIENTED_EDGE('',*,*,#12295,.F.);
#12372 = ORIENTED_EDGE('',*,*,#12327,.F.);
#12373 = ORIENTED_EDGE('',*,*,#12374,.F.);
#12374 = EDGE_CURVE('',#12351,#12311,#12375,.T.);
#12375 = CIRCLE('',#12376,0.85);
#12376 = AXIS2_PLACEMENT_3D('',#12377,#12378,#12379);
#12377 = CARTESIAN_POINT('',(140.64567,-95.48747036604,1.41));
#12378 = DIRECTION('',(0.,0.,-1.));
#12379 = DIRECTION('',(-1.,4.306456576962E-07,0.));
#12380 = ORIENTED_EDGE('',*,*,#12358,.F.);
#12381 = FACE_BOUND('',#12382,.F.);
#12382 = EDGE_LOOP('',(#12383));
#12383 = ORIENTED_EDGE('',*,*,#12384,.T.);
#12384 = EDGE_CURVE('',#12385,#12385,#12387,.T.);
#12385 = VERTEX_POINT('',#12386);
#12386 = CARTESIAN_POINT('',(140.64567,-96.26247,1.41));
#12387 = CIRCLE('',#12388,0.475);
#12388 = AXIS2_PLACEMENT_3D('',#12389,#12390,#12391);
#12389 = CARTESIAN_POINT('',(140.64567,-95.78747,1.41));
#12390 = DIRECTION('',(-0.,0.,-1.));
#12391 = DIRECTION('',(-0.,-1.,0.));
#12392 = PLANE('',#12393);
#12393 = AXIS2_PLACEMENT_3D('',#12394,#12395,#12396);
#12394 = CARTESIAN_POINT('',(0.,0.,1.41));
#12395 = DIRECTION('',(0.,0.,1.));
#12396 = DIRECTION('',(1.,0.,-0.));
#12397 = ADVANCED_FACE('',(#12398,#12410),#12421,.T.);
#12398 = FACE_BOUND('',#12399,.T.);
#12399 = EDGE_LOOP('',(#12400,#12401,#12402,#12409));
#12400 = ORIENTED_EDGE('',*,*,#12278,.F.);
#12401 = ORIENTED_EDGE('',*,*,#12320,.F.);
#12402 = ORIENTED_EDGE('',*,*,#12403,.F.);
#12403 = EDGE_CURVE('',#12343,#12313,#12404,.T.);
#12404 = CIRCLE('',#12405,0.85);
#12405 = AXIS2_PLACEMENT_3D('',#12406,#12407,#12408);
#12406 = CARTESIAN_POINT('',(140.64567,-95.48747036604,1.45));
#12407 = DIRECTION('',(0.,0.,-1.));
#12408 = DIRECTION('',(-1.,4.306456576962E-07,0.));
#12409 = ORIENTED_EDGE('',*,*,#12342,.F.);
#12410 = FACE_BOUND('',#12411,.T.);
#12411 = EDGE_LOOP('',(#12412));
#12412 = ORIENTED_EDGE('',*,*,#12413,.T.);
#12413 = EDGE_CURVE('',#12414,#12414,#12416,.T.);
#12414 = VERTEX_POINT('',#12415);
#12415 = CARTESIAN_POINT('',(140.64567,-96.26247,1.45));
#12416 = CIRCLE('',#12417,0.475);
#12417 = AXIS2_PLACEMENT_3D('',#12418,#12419,#12420);
#12418 = CARTESIAN_POINT('',(140.64567,-95.78747,1.45));
#12419 = DIRECTION('',(-0.,0.,-1.));
#12420 = DIRECTION('',(-0.,-1.,0.));
#12421 = PLANE('',#12422);
#12422 = AXIS2_PLACEMENT_3D('',#12423,#12424,#12425);
#12423 = CARTESIAN_POINT('',(0.,0.,1.45));
#12424 = DIRECTION('',(0.,0.,1.));
#12425 = DIRECTION('',(1.,0.,-0.));
#12426 = ADVANCED_FACE('',(#12427),#12433,.T.);
#12427 = FACE_BOUND('',#12428,.T.);
#12428 = EDGE_LOOP('',(#12429,#12430,#12431,#12432));
#12429 = ORIENTED_EDGE('',*,*,#12350,.T.);
#12430 = ORIENTED_EDGE('',*,*,#12403,.T.);
#12431 = ORIENTED_EDGE('',*,*,#12310,.F.);
#12432 = ORIENTED_EDGE('',*,*,#12374,.F.);
#12433 = CYLINDRICAL_SURFACE('',#12434,0.85);
#12434 = AXIS2_PLACEMENT_3D('',#12435,#12436,#12437);
#12435 = CARTESIAN_POINT('',(140.64567,-95.48747036604,1.41));
#12436 = DIRECTION('',(0.,0.,-1.));
#12437 = DIRECTION('',(-1.,4.306456576962E-07,0.));
#12438 = ADVANCED_FACE('',(#12439),#12450,.F.);
#12439 = FACE_BOUND('',#12440,.T.);
#12440 = EDGE_LOOP('',(#12441,#12442,#12448,#12449));
#12441 = ORIENTED_EDGE('',*,*,#12384,.T.);
#12442 = ORIENTED_EDGE('',*,*,#12443,.T.);
#12443 = EDGE_CURVE('',#12385,#12414,#12444,.T.);
#12444 = LINE('',#12445,#12446);
#12445 = CARTESIAN_POINT('',(140.64567,-96.26247,-4.6E-02));
#12446 = VECTOR('',#12447,1.);
#12447 = DIRECTION('',(0.,0.,1.));
#12448 = ORIENTED_EDGE('',*,*,#12413,.F.);
#12449 = ORIENTED_EDGE('',*,*,#12443,.F.);
#12450 = CYLINDRICAL_SURFACE('',#12451,0.475);
#12451 = AXIS2_PLACEMENT_3D('',#12452,#12453,#12454);
#12452 = CARTESIAN_POINT('',(140.64567,-95.78747,-4.6E-02));
#12453 = DIRECTION('',(-0.,-0.,-1.));
#12454 = DIRECTION('',(-0.,-1.,0.));
#12455 = MANIFOLD_SOLID_BREP('',#12456);
#12456 = CLOSED_SHELL('',(#12457,#12499,#12530,#12561,#12590,#12619,
    #12631));
#12457 = ADVANCED_FACE('',(#12458),#12494,.T.);
#12458 = FACE_BOUND('',#12459,.F.);
#12459 = EDGE_LOOP('',(#12460,#12470,#12479,#12487));
#12460 = ORIENTED_EDGE('',*,*,#12461,.T.);
#12461 = EDGE_CURVE('',#12462,#12464,#12466,.T.);
#12462 = VERTEX_POINT('',#12463);
#12463 = CARTESIAN_POINT('',(141.49567,-96.08747,0.));
#12464 = VERTEX_POINT('',#12465);
#12465 = CARTESIAN_POINT('',(141.49567,-96.08747,-4.E-02));
#12466 = LINE('',#12467,#12468);
#12467 = CARTESIAN_POINT('',(141.49567,-96.08747,0.));
#12468 = VECTOR('',#12469,1.);
#12469 = DIRECTION('',(0.,0.,-1.));
#12470 = ORIENTED_EDGE('',*,*,#12471,.T.);
#12471 = EDGE_CURVE('',#12464,#12472,#12474,.T.);
#12472 = VERTEX_POINT('',#12473);
#12473 = CARTESIAN_POINT('',(139.79567,-96.08747,-4.E-02));
#12474 = CIRCLE('',#12475,0.85);
#12475 = AXIS2_PLACEMENT_3D('',#12476,#12477,#12478);
#12476 = CARTESIAN_POINT('',(140.64567,-96.08747002475,-4.E-02));
#12477 = DIRECTION('',(0.,0.,-1.));
#12478 = DIRECTION('',(1.,2.911877693216E-08,0.));
#12479 = ORIENTED_EDGE('',*,*,#12480,.F.);
#12480 = EDGE_CURVE('',#12481,#12472,#12483,.T.);
#12481 = VERTEX_POINT('',#12482);
#12482 = CARTESIAN_POINT('',(139.79567,-96.08747,0.));
#12483 = LINE('',#12484,#12485);
#12484 = CARTESIAN_POINT('',(139.79567,-96.08747,0.));
#12485 = VECTOR('',#12486,1.);
#12486 = DIRECTION('',(0.,0.,-1.));
#12487 = ORIENTED_EDGE('',*,*,#12488,.F.);
#12488 = EDGE_CURVE('',#12462,#12481,#12489,.T.);
#12489 = CIRCLE('',#12490,0.85);
#12490 = AXIS2_PLACEMENT_3D('',#12491,#12492,#12493);
#12491 = CARTESIAN_POINT('',(140.64567,-96.08747002475,0.));
#12492 = DIRECTION('',(0.,0.,-1.));
#12493 = DIRECTION('',(1.,2.911877693216E-08,0.));
#12494 = CYLINDRICAL_SURFACE('',#12495,0.85);
#12495 = AXIS2_PLACEMENT_3D('',#12496,#12497,#12498);
#12496 = CARTESIAN_POINT('',(140.64567,-96.08747002475,0.));
#12497 = DIRECTION('',(-0.,-0.,1.));
#12498 = DIRECTION('',(1.,2.911877693216E-08,0.));
#12499 = ADVANCED_FACE('',(#12500),#12525,.F.);
#12500 = FACE_BOUND('',#12501,.F.);
#12501 = EDGE_LOOP('',(#12502,#12512,#12518,#12519));
#12502 = ORIENTED_EDGE('',*,*,#12503,.T.);
#12503 = EDGE_CURVE('',#12504,#12506,#12508,.T.);
#12504 = VERTEX_POINT('',#12505);
#12505 = CARTESIAN_POINT('',(141.49567,-95.48747,0.));
#12506 = VERTEX_POINT('',#12507);
#12507 = CARTESIAN_POINT('',(141.49567,-95.48747,-4.E-02));
#12508 = LINE('',#12509,#12510);
#12509 = CARTESIAN_POINT('',(141.49567,-95.48747,0.));
#12510 = VECTOR('',#12511,1.);
#12511 = DIRECTION('',(0.,0.,-1.));
#12512 = ORIENTED_EDGE('',*,*,#12513,.T.);
#12513 = EDGE_CURVE('',#12506,#12464,#12514,.T.);
#12514 = LINE('',#12515,#12516);
#12515 = CARTESIAN_POINT('',(141.49567,-95.48747,-4.E-02));
#12516 = VECTOR('',#12517,1.);
#12517 = DIRECTION('',(0.,-1.,0.));
#12518 = ORIENTED_EDGE('',*,*,#12461,.F.);
#12519 = ORIENTED_EDGE('',*,*,#12520,.F.);
#12520 = EDGE_CURVE('',#12504,#12462,#12521,.T.);
#12521 = LINE('',#12522,#12523);
#12522 = CARTESIAN_POINT('',(141.49567,-95.48747,0.));
#12523 = VECTOR('',#12524,1.);
#12524 = DIRECTION('',(0.,-1.,0.));
#12525 = PLANE('',#12526);
#12526 = AXIS2_PLACEMENT_3D('',#12527,#12528,#12529);
#12527 = CARTESIAN_POINT('',(141.49567,-95.48747,0.));
#12528 = DIRECTION('',(-1.,-0.,-0.));
#12529 = DIRECTION('',(0.,-1.,0.));
#12530 = ADVANCED_FACE('',(#12531),#12556,.F.);
#12531 = FACE_BOUND('',#12532,.F.);
#12532 = EDGE_LOOP('',(#12533,#12534,#12542,#12550));
#12533 = ORIENTED_EDGE('',*,*,#12480,.T.);
#12534 = ORIENTED_EDGE('',*,*,#12535,.T.);
#12535 = EDGE_CURVE('',#12472,#12536,#12538,.T.);
#12536 = VERTEX_POINT('',#12537);
#12537 = CARTESIAN_POINT('',(139.79567,-95.48747,-4.E-02));
#12538 = LINE('',#12539,#12540);
#12539 = CARTESIAN_POINT('',(139.79567,-96.08747,-4.E-02));
#12540 = VECTOR('',#12541,1.);
#12541 = DIRECTION('',(0.,1.,0.));
#12542 = ORIENTED_EDGE('',*,*,#12543,.F.);
#12543 = EDGE_CURVE('',#12544,#12536,#12546,.T.);
#12544 = VERTEX_POINT('',#12545);
#12545 = CARTESIAN_POINT('',(139.79567,-95.48747,0.));
#12546 = LINE('',#12547,#12548);
#12547 = CARTESIAN_POINT('',(139.79567,-95.48747,0.));
#12548 = VECTOR('',#12549,1.);
#12549 = DIRECTION('',(0.,0.,-1.));
#12550 = ORIENTED_EDGE('',*,*,#12551,.F.);
#12551 = EDGE_CURVE('',#12481,#12544,#12552,.T.);
#12552 = LINE('',#12553,#12554);
#12553 = CARTESIAN_POINT('',(139.79567,-96.08747,0.));
#12554 = VECTOR('',#12555,1.);
#12555 = DIRECTION('',(0.,1.,0.));
#12556 = PLANE('',#12557);
#12557 = AXIS2_PLACEMENT_3D('',#12558,#12559,#12560);
#12558 = CARTESIAN_POINT('',(139.79567,-96.08747,0.));
#12559 = DIRECTION('',(1.,-0.,0.));
#12560 = DIRECTION('',(0.,1.,0.));
#12561 = ADVANCED_FACE('',(#12562,#12574),#12585,.F.);
#12562 = FACE_BOUND('',#12563,.F.);
#12563 = EDGE_LOOP('',(#12564,#12565,#12566,#12573));
#12564 = ORIENTED_EDGE('',*,*,#12488,.T.);
#12565 = ORIENTED_EDGE('',*,*,#12551,.T.);
#12566 = ORIENTED_EDGE('',*,*,#12567,.T.);
#12567 = EDGE_CURVE('',#12544,#12504,#12568,.T.);
#12568 = CIRCLE('',#12569,0.85);
#12569 = AXIS2_PLACEMENT_3D('',#12570,#12571,#12572);
#12570 = CARTESIAN_POINT('',(140.64567,-95.48747036604,0.));
#12571 = DIRECTION('',(0.,0.,-1.));
#12572 = DIRECTION('',(-1.,4.306456576962E-07,0.));
#12573 = ORIENTED_EDGE('',*,*,#12520,.T.);
#12574 = FACE_BOUND('',#12575,.F.);
#12575 = EDGE_LOOP('',(#12576));
#12576 = ORIENTED_EDGE('',*,*,#12577,.F.);
#12577 = EDGE_CURVE('',#12578,#12578,#12580,.T.);
#12578 = VERTEX_POINT('',#12579);
#12579 = CARTESIAN_POINT('',(140.64567,-96.26247,0.));
#12580 = CIRCLE('',#12581,0.475);
#12581 = AXIS2_PLACEMENT_3D('',#12582,#12583,#12584);
#12582 = CARTESIAN_POINT('',(140.64567,-95.78747,0.));
#12583 = DIRECTION('',(-0.,0.,-1.));
#12584 = DIRECTION('',(-0.,-1.,0.));
#12585 = PLANE('',#12586);
#12586 = AXIS2_PLACEMENT_3D('',#12587,#12588,#12589);
#12587 = CARTESIAN_POINT('',(0.,0.,0.));
#12588 = DIRECTION('',(-0.,-0.,-1.));
#12589 = DIRECTION('',(-1.,0.,0.));
#12590 = ADVANCED_FACE('',(#12591,#12603),#12614,.T.);
#12591 = FACE_BOUND('',#12592,.T.);
#12592 = EDGE_LOOP('',(#12593,#12594,#12595,#12602));
#12593 = ORIENTED_EDGE('',*,*,#12471,.T.);
#12594 = ORIENTED_EDGE('',*,*,#12535,.T.);
#12595 = ORIENTED_EDGE('',*,*,#12596,.T.);
#12596 = EDGE_CURVE('',#12536,#12506,#12597,.T.);
#12597 = CIRCLE('',#12598,0.85);
#12598 = AXIS2_PLACEMENT_3D('',#12599,#12600,#12601);
#12599 = CARTESIAN_POINT('',(140.64567,-95.48747036604,-4.E-02));
#12600 = DIRECTION('',(0.,0.,-1.));
#12601 = DIRECTION('',(-1.,4.306456576962E-07,0.));
#12602 = ORIENTED_EDGE('',*,*,#12513,.T.);
#12603 = FACE_BOUND('',#12604,.T.);
#12604 = EDGE_LOOP('',(#12605));
#12605 = ORIENTED_EDGE('',*,*,#12606,.F.);
#12606 = EDGE_CURVE('',#12607,#12607,#12609,.T.);
#12607 = VERTEX_POINT('',#12608);
#12608 = CARTESIAN_POINT('',(140.64567,-96.26247,-4.E-02));
#12609 = CIRCLE('',#12610,0.475);
#12610 = AXIS2_PLACEMENT_3D('',#12611,#12612,#12613);
#12611 = CARTESIAN_POINT('',(140.64567,-95.78747,-4.E-02));
#12612 = DIRECTION('',(-0.,0.,-1.));
#12613 = DIRECTION('',(-0.,-1.,0.));
#12614 = PLANE('',#12615);
#12615 = AXIS2_PLACEMENT_3D('',#12616,#12617,#12618);
#12616 = CARTESIAN_POINT('',(0.,0.,-4.E-02));
#12617 = DIRECTION('',(-0.,-0.,-1.));
#12618 = DIRECTION('',(-1.,0.,0.));
#12619 = ADVANCED_FACE('',(#12620),#12626,.T.);
#12620 = FACE_BOUND('',#12621,.F.);
#12621 = EDGE_LOOP('',(#12622,#12623,#12624,#12625));
#12622 = ORIENTED_EDGE('',*,*,#12543,.T.);
#12623 = ORIENTED_EDGE('',*,*,#12596,.T.);
#12624 = ORIENTED_EDGE('',*,*,#12503,.F.);
#12625 = ORIENTED_EDGE('',*,*,#12567,.F.);
#12626 = CYLINDRICAL_SURFACE('',#12627,0.85);
#12627 = AXIS2_PLACEMENT_3D('',#12628,#12629,#12630);
#12628 = CARTESIAN_POINT('',(140.64567,-95.48747036604,0.));
#12629 = DIRECTION('',(-0.,-0.,1.));
#12630 = DIRECTION('',(-1.,4.306456576962E-07,0.));
#12631 = ADVANCED_FACE('',(#12632),#12643,.F.);
#12632 = FACE_BOUND('',#12633,.T.);
#12633 = EDGE_LOOP('',(#12634,#12635,#12641,#12642));
#12634 = ORIENTED_EDGE('',*,*,#12606,.T.);
#12635 = ORIENTED_EDGE('',*,*,#12636,.T.);
#12636 = EDGE_CURVE('',#12607,#12578,#12637,.T.);
#12637 = LINE('',#12638,#12639);
#12638 = CARTESIAN_POINT('',(140.64567,-96.26247,-4.6E-02));
#12639 = VECTOR('',#12640,1.);
#12640 = DIRECTION('',(0.,0.,1.));
#12641 = ORIENTED_EDGE('',*,*,#12577,.F.);
#12642 = ORIENTED_EDGE('',*,*,#12636,.F.);
#12643 = CYLINDRICAL_SURFACE('',#12644,0.475);
#12644 = AXIS2_PLACEMENT_3D('',#12645,#12646,#12647);
#12645 = CARTESIAN_POINT('',(140.64567,-95.78747,-4.6E-02));
#12646 = DIRECTION('',(-0.,-0.,-1.));
#12647 = DIRECTION('',(-0.,-1.,0.));
#12648 = MANIFOLD_SOLID_BREP('',#12649);
#12649 = CLOSED_SHELL('',(#12650,#12683,#12703,#12723));
#12650 = ADVANCED_FACE('',(#12651),#12678,.T.);
#12651 = FACE_BOUND('',#12652,.F.);
#12652 = EDGE_LOOP('',(#12653,#12663,#12670,#12671));
#12653 = ORIENTED_EDGE('',*,*,#12654,.T.);
#12654 = EDGE_CURVE('',#12655,#12657,#12659,.T.);
#12655 = VERTEX_POINT('',#12656);
#12656 = CARTESIAN_POINT('',(140.64567,-96.28747,-3.5E-02));
#12657 = VERTEX_POINT('',#12658);
#12658 = CARTESIAN_POINT('',(140.64567,-96.28747,1.445));
#12659 = LINE('',#12660,#12661);
#12660 = CARTESIAN_POINT('',(140.64567,-96.28747,-3.5E-02));
#12661 = VECTOR('',#12662,1.);
#12662 = DIRECTION('',(0.,0.,1.));
#12663 = ORIENTED_EDGE('',*,*,#12664,.T.);
#12664 = EDGE_CURVE('',#12657,#12657,#12665,.T.);
#12665 = CIRCLE('',#12666,0.5);
#12666 = AXIS2_PLACEMENT_3D('',#12667,#12668,#12669);
#12667 = CARTESIAN_POINT('',(140.64567,-95.78747,1.445));
#12668 = DIRECTION('',(0.,0.,1.));
#12669 = DIRECTION('',(-0.,-1.,0.));
#12670 = ORIENTED_EDGE('',*,*,#12654,.F.);
#12671 = ORIENTED_EDGE('',*,*,#12672,.F.);
#12672 = EDGE_CURVE('',#12655,#12655,#12673,.T.);
#12673 = CIRCLE('',#12674,0.5);
#12674 = AXIS2_PLACEMENT_3D('',#12675,#12676,#12677);
#12675 = CARTESIAN_POINT('',(140.64567,-95.78747,-3.5E-02));
#12676 = DIRECTION('',(0.,0.,1.));
#12677 = DIRECTION('',(-0.,-1.,0.));
#12678 = CYLINDRICAL_SURFACE('',#12679,0.5);
#12679 = AXIS2_PLACEMENT_3D('',#12680,#12681,#12682);
#12680 = CARTESIAN_POINT('',(140.64567,-95.78747,-3.5E-02));
#12681 = DIRECTION('',(-0.,-0.,-1.));
#12682 = DIRECTION('',(-0.,-1.,0.));
#12683 = ADVANCED_FACE('',(#12684,#12687),#12698,.F.);
#12684 = FACE_BOUND('',#12685,.F.);
#12685 = EDGE_LOOP('',(#12686));
#12686 = ORIENTED_EDGE('',*,*,#12672,.T.);
#12687 = FACE_BOUND('',#12688,.F.);
#12688 = EDGE_LOOP('',(#12689));
#12689 = ORIENTED_EDGE('',*,*,#12690,.T.);
#12690 = EDGE_CURVE('',#12691,#12691,#12693,.T.);
#12691 = VERTEX_POINT('',#12692);
#12692 = CARTESIAN_POINT('',(140.64567,-96.26247,-3.5E-02));
#12693 = CIRCLE('',#12694,0.475);
#12694 = AXIS2_PLACEMENT_3D('',#12695,#12696,#12697);
#12695 = CARTESIAN_POINT('',(140.64567,-95.78747,-3.5E-02));
#12696 = DIRECTION('',(-0.,0.,-1.));
#12697 = DIRECTION('',(-0.,-1.,0.));
#12698 = PLANE('',#12699);
#12699 = AXIS2_PLACEMENT_3D('',#12700,#12701,#12702);
#12700 = CARTESIAN_POINT('',(140.64567,-96.28747,-3.5E-02));
#12701 = DIRECTION('',(0.,0.,1.));
#12702 = DIRECTION('',(1.,0.,-0.));
#12703 = ADVANCED_FACE('',(#12704,#12707),#12718,.T.);
#12704 = FACE_BOUND('',#12705,.T.);
#12705 = EDGE_LOOP('',(#12706));
#12706 = ORIENTED_EDGE('',*,*,#12664,.T.);
#12707 = FACE_BOUND('',#12708,.T.);
#12708 = EDGE_LOOP('',(#12709));
#12709 = ORIENTED_EDGE('',*,*,#12710,.T.);
#12710 = EDGE_CURVE('',#12711,#12711,#12713,.T.);
#12711 = VERTEX_POINT('',#12712);
#12712 = CARTESIAN_POINT('',(140.64567,-96.26247,1.445));
#12713 = CIRCLE('',#12714,0.475);
#12714 = AXIS2_PLACEMENT_3D('',#12715,#12716,#12717);
#12715 = CARTESIAN_POINT('',(140.64567,-95.78747,1.445));
#12716 = DIRECTION('',(-0.,0.,-1.));
#12717 = DIRECTION('',(-0.,-1.,0.));
#12718 = PLANE('',#12719);
#12719 = AXIS2_PLACEMENT_3D('',#12720,#12721,#12722);
#12720 = CARTESIAN_POINT('',(140.64567,-96.28747,1.445));
#12721 = DIRECTION('',(0.,0.,1.));
#12722 = DIRECTION('',(1.,0.,-0.));
#12723 = ADVANCED_FACE('',(#12724),#12735,.F.);
#12724 = FACE_BOUND('',#12725,.T.);
#12725 = EDGE_LOOP('',(#12726,#12727,#12733,#12734));
#12726 = ORIENTED_EDGE('',*,*,#12690,.T.);
#12727 = ORIENTED_EDGE('',*,*,#12728,.T.);
#12728 = EDGE_CURVE('',#12691,#12711,#12729,.T.);
#12729 = LINE('',#12730,#12731);
#12730 = CARTESIAN_POINT('',(140.64567,-96.26247,-4.6E-02));
#12731 = VECTOR('',#12732,1.);
#12732 = DIRECTION('',(0.,0.,1.));
#12733 = ORIENTED_EDGE('',*,*,#12710,.F.);
#12734 = ORIENTED_EDGE('',*,*,#12728,.F.);
#12735 = CYLINDRICAL_SURFACE('',#12736,0.475);
#12736 = AXIS2_PLACEMENT_3D('',#12737,#12738,#12739);
#12737 = CARTESIAN_POINT('',(140.64567,-95.78747,-4.6E-02));
#12738 = DIRECTION('',(-0.,-0.,-1.));
#12739 = DIRECTION('',(-0.,-1.,0.));
#12740 = MANIFOLD_SOLID_BREP('',#12741);
#12741 = CLOSED_SHELL('',(#12742,#12784,#12815,#12846,#12875,#12904,
    #12916));
#12742 = ADVANCED_FACE('',(#12743),#12779,.T.);
#12743 = FACE_BOUND('',#12744,.T.);
#12744 = EDGE_LOOP('',(#12745,#12755,#12764,#12772));
#12745 = ORIENTED_EDGE('',*,*,#12746,.T.);
#12746 = EDGE_CURVE('',#12747,#12749,#12751,.T.);
#12747 = VERTEX_POINT('',#12748);
#12748 = CARTESIAN_POINT('',(149.11567,-96.08747,1.41));
#12749 = VERTEX_POINT('',#12750);
#12750 = CARTESIAN_POINT('',(149.11567,-96.08747,1.45));
#12751 = LINE('',#12752,#12753);
#12752 = CARTESIAN_POINT('',(149.11567,-96.08747,1.41));
#12753 = VECTOR('',#12754,1.);
#12754 = DIRECTION('',(0.,0.,1.));
#12755 = ORIENTED_EDGE('',*,*,#12756,.T.);
#12756 = EDGE_CURVE('',#12749,#12757,#12759,.T.);
#12757 = VERTEX_POINT('',#12758);
#12758 = CARTESIAN_POINT('',(147.41567,-96.08747,1.45));
#12759 = CIRCLE('',#12760,0.85);
#12760 = AXIS2_PLACEMENT_3D('',#12761,#12762,#12763);
#12761 = CARTESIAN_POINT('',(148.26567,-96.08747002475,1.45));
#12762 = DIRECTION('',(0.,0.,-1.));
#12763 = DIRECTION('',(1.,2.911877693216E-08,0.));
#12764 = ORIENTED_EDGE('',*,*,#12765,.F.);
#12765 = EDGE_CURVE('',#12766,#12757,#12768,.T.);
#12766 = VERTEX_POINT('',#12767);
#12767 = CARTESIAN_POINT('',(147.41567,-96.08747,1.41));
#12768 = LINE('',#12769,#12770);
#12769 = CARTESIAN_POINT('',(147.41567,-96.08747,1.41));
#12770 = VECTOR('',#12771,1.);
#12771 = DIRECTION('',(0.,0.,1.));
#12772 = ORIENTED_EDGE('',*,*,#12773,.F.);
#12773 = EDGE_CURVE('',#12747,#12766,#12774,.T.);
#12774 = CIRCLE('',#12775,0.85);
#12775 = AXIS2_PLACEMENT_3D('',#12776,#12777,#12778);
#12776 = CARTESIAN_POINT('',(148.26567,-96.08747002475,1.41));
#12777 = DIRECTION('',(0.,0.,-1.));
#12778 = DIRECTION('',(1.,2.911877693216E-08,0.));
#12779 = CYLINDRICAL_SURFACE('',#12780,0.85);
#12780 = AXIS2_PLACEMENT_3D('',#12781,#12782,#12783);
#12781 = CARTESIAN_POINT('',(148.26567,-96.08747002475,1.41));
#12782 = DIRECTION('',(0.,0.,-1.));
#12783 = DIRECTION('',(1.,2.911877693216E-08,0.));
#12784 = ADVANCED_FACE('',(#12785),#12810,.T.);
#12785 = FACE_BOUND('',#12786,.T.);
#12786 = EDGE_LOOP('',(#12787,#12797,#12803,#12804));
#12787 = ORIENTED_EDGE('',*,*,#12788,.T.);
#12788 = EDGE_CURVE('',#12789,#12791,#12793,.T.);
#12789 = VERTEX_POINT('',#12790);
#12790 = CARTESIAN_POINT('',(149.11567,-95.48747,1.41));
#12791 = VERTEX_POINT('',#12792);
#12792 = CARTESIAN_POINT('',(149.11567,-95.48747,1.45));
#12793 = LINE('',#12794,#12795);
#12794 = CARTESIAN_POINT('',(149.11567,-95.48747,1.41));
#12795 = VECTOR('',#12796,1.);
#12796 = DIRECTION('',(0.,0.,1.));
#12797 = ORIENTED_EDGE('',*,*,#12798,.T.);
#12798 = EDGE_CURVE('',#12791,#12749,#12799,.T.);
#12799 = LINE('',#12800,#12801);
#12800 = CARTESIAN_POINT('',(149.11567,-95.48747,1.45));
#12801 = VECTOR('',#12802,1.);
#12802 = DIRECTION('',(0.,-1.,0.));
#12803 = ORIENTED_EDGE('',*,*,#12746,.F.);
#12804 = ORIENTED_EDGE('',*,*,#12805,.F.);
#12805 = EDGE_CURVE('',#12789,#12747,#12806,.T.);
#12806 = LINE('',#12807,#12808);
#12807 = CARTESIAN_POINT('',(149.11567,-95.48747,1.41));
#12808 = VECTOR('',#12809,1.);
#12809 = DIRECTION('',(0.,-1.,0.));
#12810 = PLANE('',#12811);
#12811 = AXIS2_PLACEMENT_3D('',#12812,#12813,#12814);
#12812 = CARTESIAN_POINT('',(149.11567,-95.48747,1.41));
#12813 = DIRECTION('',(1.,0.,-0.));
#12814 = DIRECTION('',(0.,-1.,0.));
#12815 = ADVANCED_FACE('',(#12816),#12841,.T.);
#12816 = FACE_BOUND('',#12817,.T.);
#12817 = EDGE_LOOP('',(#12818,#12819,#12827,#12835));
#12818 = ORIENTED_EDGE('',*,*,#12765,.T.);
#12819 = ORIENTED_EDGE('',*,*,#12820,.T.);
#12820 = EDGE_CURVE('',#12757,#12821,#12823,.T.);
#12821 = VERTEX_POINT('',#12822);
#12822 = CARTESIAN_POINT('',(147.41567,-95.48747,1.45));
#12823 = LINE('',#12824,#12825);
#12824 = CARTESIAN_POINT('',(147.41567,-96.08747,1.45));
#12825 = VECTOR('',#12826,1.);
#12826 = DIRECTION('',(0.,1.,0.));
#12827 = ORIENTED_EDGE('',*,*,#12828,.F.);
#12828 = EDGE_CURVE('',#12829,#12821,#12831,.T.);
#12829 = VERTEX_POINT('',#12830);
#12830 = CARTESIAN_POINT('',(147.41567,-95.48747,1.41));
#12831 = LINE('',#12832,#12833);
#12832 = CARTESIAN_POINT('',(147.41567,-95.48747,1.41));
#12833 = VECTOR('',#12834,1.);
#12834 = DIRECTION('',(0.,0.,1.));
#12835 = ORIENTED_EDGE('',*,*,#12836,.F.);
#12836 = EDGE_CURVE('',#12766,#12829,#12837,.T.);
#12837 = LINE('',#12838,#12839);
#12838 = CARTESIAN_POINT('',(147.41567,-96.08747,1.41));
#12839 = VECTOR('',#12840,1.);
#12840 = DIRECTION('',(0.,1.,0.));
#12841 = PLANE('',#12842);
#12842 = AXIS2_PLACEMENT_3D('',#12843,#12844,#12845);
#12843 = CARTESIAN_POINT('',(147.41567,-96.08747,1.41));
#12844 = DIRECTION('',(-1.,0.,0.));
#12845 = DIRECTION('',(0.,1.,0.));
#12846 = ADVANCED_FACE('',(#12847,#12859),#12870,.F.);
#12847 = FACE_BOUND('',#12848,.F.);
#12848 = EDGE_LOOP('',(#12849,#12850,#12851,#12858));
#12849 = ORIENTED_EDGE('',*,*,#12773,.F.);
#12850 = ORIENTED_EDGE('',*,*,#12805,.F.);
#12851 = ORIENTED_EDGE('',*,*,#12852,.F.);
#12852 = EDGE_CURVE('',#12829,#12789,#12853,.T.);
#12853 = CIRCLE('',#12854,0.85);
#12854 = AXIS2_PLACEMENT_3D('',#12855,#12856,#12857);
#12855 = CARTESIAN_POINT('',(148.26567,-95.48747036604,1.41));
#12856 = DIRECTION('',(0.,0.,-1.));
#12857 = DIRECTION('',(-1.,4.306456576962E-07,0.));
#12858 = ORIENTED_EDGE('',*,*,#12836,.F.);
#12859 = FACE_BOUND('',#12860,.F.);
#12860 = EDGE_LOOP('',(#12861));
#12861 = ORIENTED_EDGE('',*,*,#12862,.T.);
#12862 = EDGE_CURVE('',#12863,#12863,#12865,.T.);
#12863 = VERTEX_POINT('',#12864);
#12864 = CARTESIAN_POINT('',(148.26567,-96.26247,1.41));
#12865 = CIRCLE('',#12866,0.475);
#12866 = AXIS2_PLACEMENT_3D('',#12867,#12868,#12869);
#12867 = CARTESIAN_POINT('',(148.26567,-95.78747,1.41));
#12868 = DIRECTION('',(-0.,0.,-1.));
#12869 = DIRECTION('',(-0.,-1.,0.));
#12870 = PLANE('',#12871);
#12871 = AXIS2_PLACEMENT_3D('',#12872,#12873,#12874);
#12872 = CARTESIAN_POINT('',(0.,0.,1.41));
#12873 = DIRECTION('',(0.,0.,1.));
#12874 = DIRECTION('',(1.,0.,-0.));
#12875 = ADVANCED_FACE('',(#12876,#12888),#12899,.T.);
#12876 = FACE_BOUND('',#12877,.T.);
#12877 = EDGE_LOOP('',(#12878,#12879,#12880,#12887));
#12878 = ORIENTED_EDGE('',*,*,#12756,.F.);
#12879 = ORIENTED_EDGE('',*,*,#12798,.F.);
#12880 = ORIENTED_EDGE('',*,*,#12881,.F.);
#12881 = EDGE_CURVE('',#12821,#12791,#12882,.T.);
#12882 = CIRCLE('',#12883,0.85);
#12883 = AXIS2_PLACEMENT_3D('',#12884,#12885,#12886);
#12884 = CARTESIAN_POINT('',(148.26567,-95.48747036604,1.45));
#12885 = DIRECTION('',(0.,0.,-1.));
#12886 = DIRECTION('',(-1.,4.306456576962E-07,0.));
#12887 = ORIENTED_EDGE('',*,*,#12820,.F.);
#12888 = FACE_BOUND('',#12889,.T.);
#12889 = EDGE_LOOP('',(#12890));
#12890 = ORIENTED_EDGE('',*,*,#12891,.T.);
#12891 = EDGE_CURVE('',#12892,#12892,#12894,.T.);
#12892 = VERTEX_POINT('',#12893);
#12893 = CARTESIAN_POINT('',(148.26567,-96.26247,1.45));
#12894 = CIRCLE('',#12895,0.475);
#12895 = AXIS2_PLACEMENT_3D('',#12896,#12897,#12898);
#12896 = CARTESIAN_POINT('',(148.26567,-95.78747,1.45));
#12897 = DIRECTION('',(-0.,0.,-1.));
#12898 = DIRECTION('',(-0.,-1.,0.));
#12899 = PLANE('',#12900);
#12900 = AXIS2_PLACEMENT_3D('',#12901,#12902,#12903);
#12901 = CARTESIAN_POINT('',(0.,0.,1.45));
#12902 = DIRECTION('',(0.,0.,1.));
#12903 = DIRECTION('',(1.,0.,-0.));
#12904 = ADVANCED_FACE('',(#12905),#12911,.T.);
#12905 = FACE_BOUND('',#12906,.T.);
#12906 = EDGE_LOOP('',(#12907,#12908,#12909,#12910));
#12907 = ORIENTED_EDGE('',*,*,#12828,.T.);
#12908 = ORIENTED_EDGE('',*,*,#12881,.T.);
#12909 = ORIENTED_EDGE('',*,*,#12788,.F.);
#12910 = ORIENTED_EDGE('',*,*,#12852,.F.);
#12911 = CYLINDRICAL_SURFACE('',#12912,0.85);
#12912 = AXIS2_PLACEMENT_3D('',#12913,#12914,#12915);
#12913 = CARTESIAN_POINT('',(148.26567,-95.48747036604,1.41));
#12914 = DIRECTION('',(0.,0.,-1.));
#12915 = DIRECTION('',(-1.,4.306456576962E-07,0.));
#12916 = ADVANCED_FACE('',(#12917),#12928,.F.);
#12917 = FACE_BOUND('',#12918,.T.);
#12918 = EDGE_LOOP('',(#12919,#12920,#12926,#12927));
#12919 = ORIENTED_EDGE('',*,*,#12862,.T.);
#12920 = ORIENTED_EDGE('',*,*,#12921,.T.);
#12921 = EDGE_CURVE('',#12863,#12892,#12922,.T.);
#12922 = LINE('',#12923,#12924);
#12923 = CARTESIAN_POINT('',(148.26567,-96.26247,-4.6E-02));
#12924 = VECTOR('',#12925,1.);
#12925 = DIRECTION('',(0.,0.,1.));
#12926 = ORIENTED_EDGE('',*,*,#12891,.F.);
#12927 = ORIENTED_EDGE('',*,*,#12921,.F.);
#12928 = CYLINDRICAL_SURFACE('',#12929,0.475);
#12929 = AXIS2_PLACEMENT_3D('',#12930,#12931,#12932);
#12930 = CARTESIAN_POINT('',(148.26567,-95.78747,-4.6E-02));
#12931 = DIRECTION('',(-0.,-0.,-1.));
#12932 = DIRECTION('',(-0.,-1.,0.));
#12933 = MANIFOLD_SOLID_BREP('',#12934);
#12934 = CLOSED_SHELL('',(#12935,#12977,#13008,#13039,#13068,#13097,
    #13109));
#12935 = ADVANCED_FACE('',(#12936),#12972,.T.);
#12936 = FACE_BOUND('',#12937,.F.);
#12937 = EDGE_LOOP('',(#12938,#12948,#12957,#12965));
#12938 = ORIENTED_EDGE('',*,*,#12939,.T.);
#12939 = EDGE_CURVE('',#12940,#12942,#12944,.T.);
#12940 = VERTEX_POINT('',#12941);
#12941 = CARTESIAN_POINT('',(149.11567,-96.08747,0.));
#12942 = VERTEX_POINT('',#12943);
#12943 = CARTESIAN_POINT('',(149.11567,-96.08747,-4.E-02));
#12944 = LINE('',#12945,#12946);
#12945 = CARTESIAN_POINT('',(149.11567,-96.08747,0.));
#12946 = VECTOR('',#12947,1.);
#12947 = DIRECTION('',(0.,0.,-1.));
#12948 = ORIENTED_EDGE('',*,*,#12949,.T.);
#12949 = EDGE_CURVE('',#12942,#12950,#12952,.T.);
#12950 = VERTEX_POINT('',#12951);
#12951 = CARTESIAN_POINT('',(147.41567,-96.08747,-4.E-02));
#12952 = CIRCLE('',#12953,0.85);
#12953 = AXIS2_PLACEMENT_3D('',#12954,#12955,#12956);
#12954 = CARTESIAN_POINT('',(148.26567,-96.08747002475,-4.E-02));
#12955 = DIRECTION('',(0.,0.,-1.));
#12956 = DIRECTION('',(1.,2.911877693216E-08,0.));
#12957 = ORIENTED_EDGE('',*,*,#12958,.F.);
#12958 = EDGE_CURVE('',#12959,#12950,#12961,.T.);
#12959 = VERTEX_POINT('',#12960);
#12960 = CARTESIAN_POINT('',(147.41567,-96.08747,0.));
#12961 = LINE('',#12962,#12963);
#12962 = CARTESIAN_POINT('',(147.41567,-96.08747,0.));
#12963 = VECTOR('',#12964,1.);
#12964 = DIRECTION('',(0.,0.,-1.));
#12965 = ORIENTED_EDGE('',*,*,#12966,.F.);
#12966 = EDGE_CURVE('',#12940,#12959,#12967,.T.);
#12967 = CIRCLE('',#12968,0.85);
#12968 = AXIS2_PLACEMENT_3D('',#12969,#12970,#12971);
#12969 = CARTESIAN_POINT('',(148.26567,-96.08747002475,0.));
#12970 = DIRECTION('',(0.,0.,-1.));
#12971 = DIRECTION('',(1.,2.911877693216E-08,0.));
#12972 = CYLINDRICAL_SURFACE('',#12973,0.85);
#12973 = AXIS2_PLACEMENT_3D('',#12974,#12975,#12976);
#12974 = CARTESIAN_POINT('',(148.26567,-96.08747002475,0.));
#12975 = DIRECTION('',(-0.,-0.,1.));
#12976 = DIRECTION('',(1.,2.911877693216E-08,0.));
#12977 = ADVANCED_FACE('',(#12978),#13003,.F.);
#12978 = FACE_BOUND('',#12979,.F.);
#12979 = EDGE_LOOP('',(#12980,#12990,#12996,#12997));
#12980 = ORIENTED_EDGE('',*,*,#12981,.T.);
#12981 = EDGE_CURVE('',#12982,#12984,#12986,.T.);
#12982 = VERTEX_POINT('',#12983);
#12983 = CARTESIAN_POINT('',(149.11567,-95.48747,0.));
#12984 = VERTEX_POINT('',#12985);
#12985 = CARTESIAN_POINT('',(149.11567,-95.48747,-4.E-02));
#12986 = LINE('',#12987,#12988);
#12987 = CARTESIAN_POINT('',(149.11567,-95.48747,0.));
#12988 = VECTOR('',#12989,1.);
#12989 = DIRECTION('',(0.,0.,-1.));
#12990 = ORIENTED_EDGE('',*,*,#12991,.T.);
#12991 = EDGE_CURVE('',#12984,#12942,#12992,.T.);
#12992 = LINE('',#12993,#12994);
#12993 = CARTESIAN_POINT('',(149.11567,-95.48747,-4.E-02));
#12994 = VECTOR('',#12995,1.);
#12995 = DIRECTION('',(0.,-1.,0.));
#12996 = ORIENTED_EDGE('',*,*,#12939,.F.);
#12997 = ORIENTED_EDGE('',*,*,#12998,.F.);
#12998 = EDGE_CURVE('',#12982,#12940,#12999,.T.);
#12999 = LINE('',#13000,#13001);
#13000 = CARTESIAN_POINT('',(149.11567,-95.48747,0.));
#13001 = VECTOR('',#13002,1.);
#13002 = DIRECTION('',(0.,-1.,0.));
#13003 = PLANE('',#13004);
#13004 = AXIS2_PLACEMENT_3D('',#13005,#13006,#13007);
#13005 = CARTESIAN_POINT('',(149.11567,-95.48747,0.));
#13006 = DIRECTION('',(-1.,-0.,-0.));
#13007 = DIRECTION('',(0.,-1.,0.));
#13008 = ADVANCED_FACE('',(#13009),#13034,.F.);
#13009 = FACE_BOUND('',#13010,.F.);
#13010 = EDGE_LOOP('',(#13011,#13012,#13020,#13028));
#13011 = ORIENTED_EDGE('',*,*,#12958,.T.);
#13012 = ORIENTED_EDGE('',*,*,#13013,.T.);
#13013 = EDGE_CURVE('',#12950,#13014,#13016,.T.);
#13014 = VERTEX_POINT('',#13015);
#13015 = CARTESIAN_POINT('',(147.41567,-95.48747,-4.E-02));
#13016 = LINE('',#13017,#13018);
#13017 = CARTESIAN_POINT('',(147.41567,-96.08747,-4.E-02));
#13018 = VECTOR('',#13019,1.);
#13019 = DIRECTION('',(0.,1.,0.));
#13020 = ORIENTED_EDGE('',*,*,#13021,.F.);
#13021 = EDGE_CURVE('',#13022,#13014,#13024,.T.);
#13022 = VERTEX_POINT('',#13023);
#13023 = CARTESIAN_POINT('',(147.41567,-95.48747,0.));
#13024 = LINE('',#13025,#13026);
#13025 = CARTESIAN_POINT('',(147.41567,-95.48747,0.));
#13026 = VECTOR('',#13027,1.);
#13027 = DIRECTION('',(0.,0.,-1.));
#13028 = ORIENTED_EDGE('',*,*,#13029,.F.);
#13029 = EDGE_CURVE('',#12959,#13022,#13030,.T.);
#13030 = LINE('',#13031,#13032);
#13031 = CARTESIAN_POINT('',(147.41567,-96.08747,0.));
#13032 = VECTOR('',#13033,1.);
#13033 = DIRECTION('',(0.,1.,0.));
#13034 = PLANE('',#13035);
#13035 = AXIS2_PLACEMENT_3D('',#13036,#13037,#13038);
#13036 = CARTESIAN_POINT('',(147.41567,-96.08747,0.));
#13037 = DIRECTION('',(1.,-0.,0.));
#13038 = DIRECTION('',(0.,1.,0.));
#13039 = ADVANCED_FACE('',(#13040,#13052),#13063,.F.);
#13040 = FACE_BOUND('',#13041,.F.);
#13041 = EDGE_LOOP('',(#13042,#13043,#13044,#13051));
#13042 = ORIENTED_EDGE('',*,*,#12966,.T.);
#13043 = ORIENTED_EDGE('',*,*,#13029,.T.);
#13044 = ORIENTED_EDGE('',*,*,#13045,.T.);
#13045 = EDGE_CURVE('',#13022,#12982,#13046,.T.);
#13046 = CIRCLE('',#13047,0.85);
#13047 = AXIS2_PLACEMENT_3D('',#13048,#13049,#13050);
#13048 = CARTESIAN_POINT('',(148.26567,-95.48747036604,0.));
#13049 = DIRECTION('',(0.,0.,-1.));
#13050 = DIRECTION('',(-1.,4.306456576962E-07,0.));
#13051 = ORIENTED_EDGE('',*,*,#12998,.T.);
#13052 = FACE_BOUND('',#13053,.F.);
#13053 = EDGE_LOOP('',(#13054));
#13054 = ORIENTED_EDGE('',*,*,#13055,.F.);
#13055 = EDGE_CURVE('',#13056,#13056,#13058,.T.);
#13056 = VERTEX_POINT('',#13057);
#13057 = CARTESIAN_POINT('',(148.26567,-96.26247,0.));
#13058 = CIRCLE('',#13059,0.475);
#13059 = AXIS2_PLACEMENT_3D('',#13060,#13061,#13062);
#13060 = CARTESIAN_POINT('',(148.26567,-95.78747,0.));
#13061 = DIRECTION('',(-0.,0.,-1.));
#13062 = DIRECTION('',(-0.,-1.,0.));
#13063 = PLANE('',#13064);
#13064 = AXIS2_PLACEMENT_3D('',#13065,#13066,#13067);
#13065 = CARTESIAN_POINT('',(0.,0.,0.));
#13066 = DIRECTION('',(-0.,-0.,-1.));
#13067 = DIRECTION('',(-1.,0.,0.));
#13068 = ADVANCED_FACE('',(#13069,#13081),#13092,.T.);
#13069 = FACE_BOUND('',#13070,.T.);
#13070 = EDGE_LOOP('',(#13071,#13072,#13073,#13080));
#13071 = ORIENTED_EDGE('',*,*,#12949,.T.);
#13072 = ORIENTED_EDGE('',*,*,#13013,.T.);
#13073 = ORIENTED_EDGE('',*,*,#13074,.T.);
#13074 = EDGE_CURVE('',#13014,#12984,#13075,.T.);
#13075 = CIRCLE('',#13076,0.85);
#13076 = AXIS2_PLACEMENT_3D('',#13077,#13078,#13079);
#13077 = CARTESIAN_POINT('',(148.26567,-95.48747036604,-4.E-02));
#13078 = DIRECTION('',(0.,0.,-1.));
#13079 = DIRECTION('',(-1.,4.306456576962E-07,0.));
#13080 = ORIENTED_EDGE('',*,*,#12991,.T.);
#13081 = FACE_BOUND('',#13082,.T.);
#13082 = EDGE_LOOP('',(#13083));
#13083 = ORIENTED_EDGE('',*,*,#13084,.F.);
#13084 = EDGE_CURVE('',#13085,#13085,#13087,.T.);
#13085 = VERTEX_POINT('',#13086);
#13086 = CARTESIAN_POINT('',(148.26567,-96.26247,-4.E-02));
#13087 = CIRCLE('',#13088,0.475);
#13088 = AXIS2_PLACEMENT_3D('',#13089,#13090,#13091);
#13089 = CARTESIAN_POINT('',(148.26567,-95.78747,-4.E-02));
#13090 = DIRECTION('',(-0.,0.,-1.));
#13091 = DIRECTION('',(-0.,-1.,0.));
#13092 = PLANE('',#13093);
#13093 = AXIS2_PLACEMENT_3D('',#13094,#13095,#13096);
#13094 = CARTESIAN_POINT('',(0.,0.,-4.E-02));
#13095 = DIRECTION('',(-0.,-0.,-1.));
#13096 = DIRECTION('',(-1.,0.,0.));
#13097 = ADVANCED_FACE('',(#13098),#13104,.T.);
#13098 = FACE_BOUND('',#13099,.F.);
#13099 = EDGE_LOOP('',(#13100,#13101,#13102,#13103));
#13100 = ORIENTED_EDGE('',*,*,#13021,.T.);
#13101 = ORIENTED_EDGE('',*,*,#13074,.T.);
#13102 = ORIENTED_EDGE('',*,*,#12981,.F.);
#13103 = ORIENTED_EDGE('',*,*,#13045,.F.);
#13104 = CYLINDRICAL_SURFACE('',#13105,0.85);
#13105 = AXIS2_PLACEMENT_3D('',#13106,#13107,#13108);
#13106 = CARTESIAN_POINT('',(148.26567,-95.48747036604,0.));
#13107 = DIRECTION('',(-0.,-0.,1.));
#13108 = DIRECTION('',(-1.,4.306456576962E-07,0.));
#13109 = ADVANCED_FACE('',(#13110),#13121,.F.);
#13110 = FACE_BOUND('',#13111,.T.);
#13111 = EDGE_LOOP('',(#13112,#13113,#13119,#13120));
#13112 = ORIENTED_EDGE('',*,*,#13084,.T.);
#13113 = ORIENTED_EDGE('',*,*,#13114,.T.);
#13114 = EDGE_CURVE('',#13085,#13056,#13115,.T.);
#13115 = LINE('',#13116,#13117);
#13116 = CARTESIAN_POINT('',(148.26567,-96.26247,-4.6E-02));
#13117 = VECTOR('',#13118,1.);
#13118 = DIRECTION('',(0.,0.,1.));
#13119 = ORIENTED_EDGE('',*,*,#13055,.F.);
#13120 = ORIENTED_EDGE('',*,*,#13114,.F.);
#13121 = CYLINDRICAL_SURFACE('',#13122,0.475);
#13122 = AXIS2_PLACEMENT_3D('',#13123,#13124,#13125);
#13123 = CARTESIAN_POINT('',(148.26567,-95.78747,-4.6E-02));
#13124 = DIRECTION('',(-0.,-0.,-1.));
#13125 = DIRECTION('',(-0.,-1.,0.));
#13126 = MANIFOLD_SOLID_BREP('',#13127);
#13127 = CLOSED_SHELL('',(#13128,#13161,#13181,#13201));
#13128 = ADVANCED_FACE('',(#13129),#13156,.T.);
#13129 = FACE_BOUND('',#13130,.F.);
#13130 = EDGE_LOOP('',(#13131,#13141,#13148,#13149));
#13131 = ORIENTED_EDGE('',*,*,#13132,.T.);
#13132 = EDGE_CURVE('',#13133,#13135,#13137,.T.);
#13133 = VERTEX_POINT('',#13134);
#13134 = CARTESIAN_POINT('',(148.26567,-96.28747,-3.5E-02));
#13135 = VERTEX_POINT('',#13136);
#13136 = CARTESIAN_POINT('',(148.26567,-96.28747,1.445));
#13137 = LINE('',#13138,#13139);
#13138 = CARTESIAN_POINT('',(148.26567,-96.28747,-3.5E-02));
#13139 = VECTOR('',#13140,1.);
#13140 = DIRECTION('',(0.,0.,1.));
#13141 = ORIENTED_EDGE('',*,*,#13142,.T.);
#13142 = EDGE_CURVE('',#13135,#13135,#13143,.T.);
#13143 = CIRCLE('',#13144,0.5);
#13144 = AXIS2_PLACEMENT_3D('',#13145,#13146,#13147);
#13145 = CARTESIAN_POINT('',(148.26567,-95.78747,1.445));
#13146 = DIRECTION('',(0.,0.,1.));
#13147 = DIRECTION('',(-0.,-1.,0.));
#13148 = ORIENTED_EDGE('',*,*,#13132,.F.);
#13149 = ORIENTED_EDGE('',*,*,#13150,.F.);
#13150 = EDGE_CURVE('',#13133,#13133,#13151,.T.);
#13151 = CIRCLE('',#13152,0.5);
#13152 = AXIS2_PLACEMENT_3D('',#13153,#13154,#13155);
#13153 = CARTESIAN_POINT('',(148.26567,-95.78747,-3.5E-02));
#13154 = DIRECTION('',(0.,0.,1.));
#13155 = DIRECTION('',(-0.,-1.,0.));
#13156 = CYLINDRICAL_SURFACE('',#13157,0.5);
#13157 = AXIS2_PLACEMENT_3D('',#13158,#13159,#13160);
#13158 = CARTESIAN_POINT('',(148.26567,-95.78747,-3.5E-02));
#13159 = DIRECTION('',(-0.,-0.,-1.));
#13160 = DIRECTION('',(-0.,-1.,0.));
#13161 = ADVANCED_FACE('',(#13162,#13165),#13176,.F.);
#13162 = FACE_BOUND('',#13163,.F.);
#13163 = EDGE_LOOP('',(#13164));
#13164 = ORIENTED_EDGE('',*,*,#13150,.T.);
#13165 = FACE_BOUND('',#13166,.F.);
#13166 = EDGE_LOOP('',(#13167));
#13167 = ORIENTED_EDGE('',*,*,#13168,.T.);
#13168 = EDGE_CURVE('',#13169,#13169,#13171,.T.);
#13169 = VERTEX_POINT('',#13170);
#13170 = CARTESIAN_POINT('',(148.26567,-96.26247,-3.5E-02));
#13171 = CIRCLE('',#13172,0.475);
#13172 = AXIS2_PLACEMENT_3D('',#13173,#13174,#13175);
#13173 = CARTESIAN_POINT('',(148.26567,-95.78747,-3.5E-02));
#13174 = DIRECTION('',(-0.,0.,-1.));
#13175 = DIRECTION('',(-0.,-1.,0.));
#13176 = PLANE('',#13177);
#13177 = AXIS2_PLACEMENT_3D('',#13178,#13179,#13180);
#13178 = CARTESIAN_POINT('',(148.26567,-96.28747,-3.5E-02));
#13179 = DIRECTION('',(0.,0.,1.));
#13180 = DIRECTION('',(1.,0.,-0.));
#13181 = ADVANCED_FACE('',(#13182,#13185),#13196,.T.);
#13182 = FACE_BOUND('',#13183,.T.);
#13183 = EDGE_LOOP('',(#13184));
#13184 = ORIENTED_EDGE('',*,*,#13142,.T.);
#13185 = FACE_BOUND('',#13186,.T.);
#13186 = EDGE_LOOP('',(#13187));
#13187 = ORIENTED_EDGE('',*,*,#13188,.T.);
#13188 = EDGE_CURVE('',#13189,#13189,#13191,.T.);
#13189 = VERTEX_POINT('',#13190);
#13190 = CARTESIAN_POINT('',(148.26567,-96.26247,1.445));
#13191 = CIRCLE('',#13192,0.475);
#13192 = AXIS2_PLACEMENT_3D('',#13193,#13194,#13195);
#13193 = CARTESIAN_POINT('',(148.26567,-95.78747,1.445));
#13194 = DIRECTION('',(-0.,0.,-1.));
#13195 = DIRECTION('',(-0.,-1.,0.));
#13196 = PLANE('',#13197);
#13197 = AXIS2_PLACEMENT_3D('',#13198,#13199,#13200);
#13198 = CARTESIAN_POINT('',(148.26567,-96.28747,1.445));
#13199 = DIRECTION('',(0.,0.,1.));
#13200 = DIRECTION('',(1.,0.,-0.));
#13201 = ADVANCED_FACE('',(#13202),#13213,.F.);
#13202 = FACE_BOUND('',#13203,.T.);
#13203 = EDGE_LOOP('',(#13204,#13205,#13211,#13212));
#13204 = ORIENTED_EDGE('',*,*,#13168,.T.);
#13205 = ORIENTED_EDGE('',*,*,#13206,.T.);
#13206 = EDGE_CURVE('',#13169,#13189,#13207,.T.);
#13207 = LINE('',#13208,#13209);
#13208 = CARTESIAN_POINT('',(148.26567,-96.26247,-4.6E-02));
#13209 = VECTOR('',#13210,1.);
#13210 = DIRECTION('',(0.,0.,1.));
#13211 = ORIENTED_EDGE('',*,*,#13188,.F.);
#13212 = ORIENTED_EDGE('',*,*,#13206,.F.);
#13213 = CYLINDRICAL_SURFACE('',#13214,0.475);
#13214 = AXIS2_PLACEMENT_3D('',#13215,#13216,#13217);
#13215 = CARTESIAN_POINT('',(148.26567,-95.78747,-4.6E-02));
#13216 = DIRECTION('',(-0.,-0.,-1.));
#13217 = DIRECTION('',(-0.,-1.,0.));
#13218 = MANIFOLD_SOLID_BREP('',#13219);
#13219 = CLOSED_SHELL('',(#13220,#13262,#13293,#13324,#13353,#13382,
    #13394));
#13220 = ADVANCED_FACE('',(#13221),#13257,.T.);
#13221 = FACE_BOUND('',#13222,.T.);
#13222 = EDGE_LOOP('',(#13223,#13233,#13242,#13250));
#13223 = ORIENTED_EDGE('',*,*,#13224,.T.);
#13224 = EDGE_CURVE('',#13225,#13227,#13229,.T.);
#13225 = VERTEX_POINT('',#13226);
#13226 = CARTESIAN_POINT('',(151.65567,-96.08747,1.41));
#13227 = VERTEX_POINT('',#13228);
#13228 = CARTESIAN_POINT('',(151.65567,-96.08747,1.45));
#13229 = LINE('',#13230,#13231);
#13230 = CARTESIAN_POINT('',(151.65567,-96.08747,1.41));
#13231 = VECTOR('',#13232,1.);
#13232 = DIRECTION('',(0.,0.,1.));
#13233 = ORIENTED_EDGE('',*,*,#13234,.T.);
#13234 = EDGE_CURVE('',#13227,#13235,#13237,.T.);
#13235 = VERTEX_POINT('',#13236);
#13236 = CARTESIAN_POINT('',(149.95567,-96.08747,1.45));
#13237 = CIRCLE('',#13238,0.85);
#13238 = AXIS2_PLACEMENT_3D('',#13239,#13240,#13241);
#13239 = CARTESIAN_POINT('',(150.80567,-96.08747002475,1.45));
#13240 = DIRECTION('',(0.,0.,-1.));
#13241 = DIRECTION('',(1.,2.911877693216E-08,0.));
#13242 = ORIENTED_EDGE('',*,*,#13243,.F.);
#13243 = EDGE_CURVE('',#13244,#13235,#13246,.T.);
#13244 = VERTEX_POINT('',#13245);
#13245 = CARTESIAN_POINT('',(149.95567,-96.08747,1.41));
#13246 = LINE('',#13247,#13248);
#13247 = CARTESIAN_POINT('',(149.95567,-96.08747,1.41));
#13248 = VECTOR('',#13249,1.);
#13249 = DIRECTION('',(0.,0.,1.));
#13250 = ORIENTED_EDGE('',*,*,#13251,.F.);
#13251 = EDGE_CURVE('',#13225,#13244,#13252,.T.);
#13252 = CIRCLE('',#13253,0.85);
#13253 = AXIS2_PLACEMENT_3D('',#13254,#13255,#13256);
#13254 = CARTESIAN_POINT('',(150.80567,-96.08747002475,1.41));
#13255 = DIRECTION('',(0.,0.,-1.));
#13256 = DIRECTION('',(1.,2.911877693216E-08,0.));
#13257 = CYLINDRICAL_SURFACE('',#13258,0.85);
#13258 = AXIS2_PLACEMENT_3D('',#13259,#13260,#13261);
#13259 = CARTESIAN_POINT('',(150.80567,-96.08747002475,1.41));
#13260 = DIRECTION('',(0.,0.,-1.));
#13261 = DIRECTION('',(1.,2.911877693216E-08,0.));
#13262 = ADVANCED_FACE('',(#13263),#13288,.T.);
#13263 = FACE_BOUND('',#13264,.T.);
#13264 = EDGE_LOOP('',(#13265,#13275,#13281,#13282));
#13265 = ORIENTED_EDGE('',*,*,#13266,.T.);
#13266 = EDGE_CURVE('',#13267,#13269,#13271,.T.);
#13267 = VERTEX_POINT('',#13268);
#13268 = CARTESIAN_POINT('',(151.65567,-95.48747,1.41));
#13269 = VERTEX_POINT('',#13270);
#13270 = CARTESIAN_POINT('',(151.65567,-95.48747,1.45));
#13271 = LINE('',#13272,#13273);
#13272 = CARTESIAN_POINT('',(151.65567,-95.48747,1.41));
#13273 = VECTOR('',#13274,1.);
#13274 = DIRECTION('',(0.,0.,1.));
#13275 = ORIENTED_EDGE('',*,*,#13276,.T.);
#13276 = EDGE_CURVE('',#13269,#13227,#13277,.T.);
#13277 = LINE('',#13278,#13279);
#13278 = CARTESIAN_POINT('',(151.65567,-95.48747,1.45));
#13279 = VECTOR('',#13280,1.);
#13280 = DIRECTION('',(0.,-1.,0.));
#13281 = ORIENTED_EDGE('',*,*,#13224,.F.);
#13282 = ORIENTED_EDGE('',*,*,#13283,.F.);
#13283 = EDGE_CURVE('',#13267,#13225,#13284,.T.);
#13284 = LINE('',#13285,#13286);
#13285 = CARTESIAN_POINT('',(151.65567,-95.48747,1.41));
#13286 = VECTOR('',#13287,1.);
#13287 = DIRECTION('',(0.,-1.,0.));
#13288 = PLANE('',#13289);
#13289 = AXIS2_PLACEMENT_3D('',#13290,#13291,#13292);
#13290 = CARTESIAN_POINT('',(151.65567,-95.48747,1.41));
#13291 = DIRECTION('',(1.,0.,-0.));
#13292 = DIRECTION('',(0.,-1.,0.));
#13293 = ADVANCED_FACE('',(#13294),#13319,.T.);
#13294 = FACE_BOUND('',#13295,.T.);
#13295 = EDGE_LOOP('',(#13296,#13297,#13305,#13313));
#13296 = ORIENTED_EDGE('',*,*,#13243,.T.);
#13297 = ORIENTED_EDGE('',*,*,#13298,.T.);
#13298 = EDGE_CURVE('',#13235,#13299,#13301,.T.);
#13299 = VERTEX_POINT('',#13300);
#13300 = CARTESIAN_POINT('',(149.95567,-95.48747,1.45));
#13301 = LINE('',#13302,#13303);
#13302 = CARTESIAN_POINT('',(149.95567,-96.08747,1.45));
#13303 = VECTOR('',#13304,1.);
#13304 = DIRECTION('',(0.,1.,0.));
#13305 = ORIENTED_EDGE('',*,*,#13306,.F.);
#13306 = EDGE_CURVE('',#13307,#13299,#13309,.T.);
#13307 = VERTEX_POINT('',#13308);
#13308 = CARTESIAN_POINT('',(149.95567,-95.48747,1.41));
#13309 = LINE('',#13310,#13311);
#13310 = CARTESIAN_POINT('',(149.95567,-95.48747,1.41));
#13311 = VECTOR('',#13312,1.);
#13312 = DIRECTION('',(0.,0.,1.));
#13313 = ORIENTED_EDGE('',*,*,#13314,.F.);
#13314 = EDGE_CURVE('',#13244,#13307,#13315,.T.);
#13315 = LINE('',#13316,#13317);
#13316 = CARTESIAN_POINT('',(149.95567,-96.08747,1.41));
#13317 = VECTOR('',#13318,1.);
#13318 = DIRECTION('',(0.,1.,0.));
#13319 = PLANE('',#13320);
#13320 = AXIS2_PLACEMENT_3D('',#13321,#13322,#13323);
#13321 = CARTESIAN_POINT('',(149.95567,-96.08747,1.41));
#13322 = DIRECTION('',(-1.,0.,0.));
#13323 = DIRECTION('',(0.,1.,0.));
#13324 = ADVANCED_FACE('',(#13325,#13337),#13348,.F.);
#13325 = FACE_BOUND('',#13326,.F.);
#13326 = EDGE_LOOP('',(#13327,#13328,#13329,#13336));
#13327 = ORIENTED_EDGE('',*,*,#13251,.F.);
#13328 = ORIENTED_EDGE('',*,*,#13283,.F.);
#13329 = ORIENTED_EDGE('',*,*,#13330,.F.);
#13330 = EDGE_CURVE('',#13307,#13267,#13331,.T.);
#13331 = CIRCLE('',#13332,0.85);
#13332 = AXIS2_PLACEMENT_3D('',#13333,#13334,#13335);
#13333 = CARTESIAN_POINT('',(150.80567,-95.48747036604,1.41));
#13334 = DIRECTION('',(0.,0.,-1.));
#13335 = DIRECTION('',(-1.,4.306456576962E-07,0.));
#13336 = ORIENTED_EDGE('',*,*,#13314,.F.);
#13337 = FACE_BOUND('',#13338,.F.);
#13338 = EDGE_LOOP('',(#13339));
#13339 = ORIENTED_EDGE('',*,*,#13340,.T.);
#13340 = EDGE_CURVE('',#13341,#13341,#13343,.T.);
#13341 = VERTEX_POINT('',#13342);
#13342 = CARTESIAN_POINT('',(150.80567,-96.26247,1.41));
#13343 = CIRCLE('',#13344,0.475);
#13344 = AXIS2_PLACEMENT_3D('',#13345,#13346,#13347);
#13345 = CARTESIAN_POINT('',(150.80567,-95.78747,1.41));
#13346 = DIRECTION('',(-0.,0.,-1.));
#13347 = DIRECTION('',(-0.,-1.,0.));
#13348 = PLANE('',#13349);
#13349 = AXIS2_PLACEMENT_3D('',#13350,#13351,#13352);
#13350 = CARTESIAN_POINT('',(0.,0.,1.41));
#13351 = DIRECTION('',(0.,0.,1.));
#13352 = DIRECTION('',(1.,0.,-0.));
#13353 = ADVANCED_FACE('',(#13354,#13366),#13377,.T.);
#13354 = FACE_BOUND('',#13355,.T.);
#13355 = EDGE_LOOP('',(#13356,#13357,#13358,#13365));
#13356 = ORIENTED_EDGE('',*,*,#13234,.F.);
#13357 = ORIENTED_EDGE('',*,*,#13276,.F.);
#13358 = ORIENTED_EDGE('',*,*,#13359,.F.);
#13359 = EDGE_CURVE('',#13299,#13269,#13360,.T.);
#13360 = CIRCLE('',#13361,0.85);
#13361 = AXIS2_PLACEMENT_3D('',#13362,#13363,#13364);
#13362 = CARTESIAN_POINT('',(150.80567,-95.48747036604,1.45));
#13363 = DIRECTION('',(0.,0.,-1.));
#13364 = DIRECTION('',(-1.,4.306456576962E-07,0.));
#13365 = ORIENTED_EDGE('',*,*,#13298,.F.);
#13366 = FACE_BOUND('',#13367,.T.);
#13367 = EDGE_LOOP('',(#13368));
#13368 = ORIENTED_EDGE('',*,*,#13369,.T.);
#13369 = EDGE_CURVE('',#13370,#13370,#13372,.T.);
#13370 = VERTEX_POINT('',#13371);
#13371 = CARTESIAN_POINT('',(150.80567,-96.26247,1.45));
#13372 = CIRCLE('',#13373,0.475);
#13373 = AXIS2_PLACEMENT_3D('',#13374,#13375,#13376);
#13374 = CARTESIAN_POINT('',(150.80567,-95.78747,1.45));
#13375 = DIRECTION('',(-0.,0.,-1.));
#13376 = DIRECTION('',(-0.,-1.,0.));
#13377 = PLANE('',#13378);
#13378 = AXIS2_PLACEMENT_3D('',#13379,#13380,#13381);
#13379 = CARTESIAN_POINT('',(0.,0.,1.45));
#13380 = DIRECTION('',(0.,0.,1.));
#13381 = DIRECTION('',(1.,0.,-0.));
#13382 = ADVANCED_FACE('',(#13383),#13389,.T.);
#13383 = FACE_BOUND('',#13384,.T.);
#13384 = EDGE_LOOP('',(#13385,#13386,#13387,#13388));
#13385 = ORIENTED_EDGE('',*,*,#13306,.T.);
#13386 = ORIENTED_EDGE('',*,*,#13359,.T.);
#13387 = ORIENTED_EDGE('',*,*,#13266,.F.);
#13388 = ORIENTED_EDGE('',*,*,#13330,.F.);
#13389 = CYLINDRICAL_SURFACE('',#13390,0.85);
#13390 = AXIS2_PLACEMENT_3D('',#13391,#13392,#13393);
#13391 = CARTESIAN_POINT('',(150.80567,-95.48747036604,1.41));
#13392 = DIRECTION('',(0.,0.,-1.));
#13393 = DIRECTION('',(-1.,4.306456576962E-07,0.));
#13394 = ADVANCED_FACE('',(#13395),#13406,.F.);
#13395 = FACE_BOUND('',#13396,.T.);
#13396 = EDGE_LOOP('',(#13397,#13398,#13404,#13405));
#13397 = ORIENTED_EDGE('',*,*,#13340,.T.);
#13398 = ORIENTED_EDGE('',*,*,#13399,.T.);
#13399 = EDGE_CURVE('',#13341,#13370,#13400,.T.);
#13400 = LINE('',#13401,#13402);
#13401 = CARTESIAN_POINT('',(150.80567,-96.26247,-4.6E-02));
#13402 = VECTOR('',#13403,1.);
#13403 = DIRECTION('',(0.,0.,1.));
#13404 = ORIENTED_EDGE('',*,*,#13369,.F.);
#13405 = ORIENTED_EDGE('',*,*,#13399,.F.);
#13406 = CYLINDRICAL_SURFACE('',#13407,0.475);
#13407 = AXIS2_PLACEMENT_3D('',#13408,#13409,#13410);
#13408 = CARTESIAN_POINT('',(150.80567,-95.78747,-4.6E-02));
#13409 = DIRECTION('',(-0.,-0.,-1.));
#13410 = DIRECTION('',(-0.,-1.,0.));
#13411 = MANIFOLD_SOLID_BREP('',#13412);
#13412 = CLOSED_SHELL('',(#13413,#13455,#13486,#13517,#13546,#13575,
    #13587));
#13413 = ADVANCED_FACE('',(#13414),#13450,.T.);
#13414 = FACE_BOUND('',#13415,.F.);
#13415 = EDGE_LOOP('',(#13416,#13426,#13435,#13443));
#13416 = ORIENTED_EDGE('',*,*,#13417,.T.);
#13417 = EDGE_CURVE('',#13418,#13420,#13422,.T.);
#13418 = VERTEX_POINT('',#13419);
#13419 = CARTESIAN_POINT('',(151.65567,-96.08747,0.));
#13420 = VERTEX_POINT('',#13421);
#13421 = CARTESIAN_POINT('',(151.65567,-96.08747,-4.E-02));
#13422 = LINE('',#13423,#13424);
#13423 = CARTESIAN_POINT('',(151.65567,-96.08747,0.));
#13424 = VECTOR('',#13425,1.);
#13425 = DIRECTION('',(0.,0.,-1.));
#13426 = ORIENTED_EDGE('',*,*,#13427,.T.);
#13427 = EDGE_CURVE('',#13420,#13428,#13430,.T.);
#13428 = VERTEX_POINT('',#13429);
#13429 = CARTESIAN_POINT('',(149.95567,-96.08747,-4.E-02));
#13430 = CIRCLE('',#13431,0.85);
#13431 = AXIS2_PLACEMENT_3D('',#13432,#13433,#13434);
#13432 = CARTESIAN_POINT('',(150.80567,-96.08747002475,-4.E-02));
#13433 = DIRECTION('',(0.,0.,-1.));
#13434 = DIRECTION('',(1.,2.911877693216E-08,0.));
#13435 = ORIENTED_EDGE('',*,*,#13436,.F.);
#13436 = EDGE_CURVE('',#13437,#13428,#13439,.T.);
#13437 = VERTEX_POINT('',#13438);
#13438 = CARTESIAN_POINT('',(149.95567,-96.08747,0.));
#13439 = LINE('',#13440,#13441);
#13440 = CARTESIAN_POINT('',(149.95567,-96.08747,0.));
#13441 = VECTOR('',#13442,1.);
#13442 = DIRECTION('',(0.,0.,-1.));
#13443 = ORIENTED_EDGE('',*,*,#13444,.F.);
#13444 = EDGE_CURVE('',#13418,#13437,#13445,.T.);
#13445 = CIRCLE('',#13446,0.85);
#13446 = AXIS2_PLACEMENT_3D('',#13447,#13448,#13449);
#13447 = CARTESIAN_POINT('',(150.80567,-96.08747002475,0.));
#13448 = DIRECTION('',(0.,0.,-1.));
#13449 = DIRECTION('',(1.,2.911877693216E-08,0.));
#13450 = CYLINDRICAL_SURFACE('',#13451,0.85);
#13451 = AXIS2_PLACEMENT_3D('',#13452,#13453,#13454);
#13452 = CARTESIAN_POINT('',(150.80567,-96.08747002475,0.));
#13453 = DIRECTION('',(-0.,-0.,1.));
#13454 = DIRECTION('',(1.,2.911877693216E-08,0.));
#13455 = ADVANCED_FACE('',(#13456),#13481,.F.);
#13456 = FACE_BOUND('',#13457,.F.);
#13457 = EDGE_LOOP('',(#13458,#13468,#13474,#13475));
#13458 = ORIENTED_EDGE('',*,*,#13459,.T.);
#13459 = EDGE_CURVE('',#13460,#13462,#13464,.T.);
#13460 = VERTEX_POINT('',#13461);
#13461 = CARTESIAN_POINT('',(151.65567,-95.48747,0.));
#13462 = VERTEX_POINT('',#13463);
#13463 = CARTESIAN_POINT('',(151.65567,-95.48747,-4.E-02));
#13464 = LINE('',#13465,#13466);
#13465 = CARTESIAN_POINT('',(151.65567,-95.48747,0.));
#13466 = VECTOR('',#13467,1.);
#13467 = DIRECTION('',(0.,0.,-1.));
#13468 = ORIENTED_EDGE('',*,*,#13469,.T.);
#13469 = EDGE_CURVE('',#13462,#13420,#13470,.T.);
#13470 = LINE('',#13471,#13472);
#13471 = CARTESIAN_POINT('',(151.65567,-95.48747,-4.E-02));
#13472 = VECTOR('',#13473,1.);
#13473 = DIRECTION('',(0.,-1.,0.));
#13474 = ORIENTED_EDGE('',*,*,#13417,.F.);
#13475 = ORIENTED_EDGE('',*,*,#13476,.F.);
#13476 = EDGE_CURVE('',#13460,#13418,#13477,.T.);
#13477 = LINE('',#13478,#13479);
#13478 = CARTESIAN_POINT('',(151.65567,-95.48747,0.));
#13479 = VECTOR('',#13480,1.);
#13480 = DIRECTION('',(0.,-1.,0.));
#13481 = PLANE('',#13482);
#13482 = AXIS2_PLACEMENT_3D('',#13483,#13484,#13485);
#13483 = CARTESIAN_POINT('',(151.65567,-95.48747,0.));
#13484 = DIRECTION('',(-1.,-0.,-0.));
#13485 = DIRECTION('',(0.,-1.,0.));
#13486 = ADVANCED_FACE('',(#13487),#13512,.F.);
#13487 = FACE_BOUND('',#13488,.F.);
#13488 = EDGE_LOOP('',(#13489,#13490,#13498,#13506));
#13489 = ORIENTED_EDGE('',*,*,#13436,.T.);
#13490 = ORIENTED_EDGE('',*,*,#13491,.T.);
#13491 = EDGE_CURVE('',#13428,#13492,#13494,.T.);
#13492 = VERTEX_POINT('',#13493);
#13493 = CARTESIAN_POINT('',(149.95567,-95.48747,-4.E-02));
#13494 = LINE('',#13495,#13496);
#13495 = CARTESIAN_POINT('',(149.95567,-96.08747,-4.E-02));
#13496 = VECTOR('',#13497,1.);
#13497 = DIRECTION('',(0.,1.,0.));
#13498 = ORIENTED_EDGE('',*,*,#13499,.F.);
#13499 = EDGE_CURVE('',#13500,#13492,#13502,.T.);
#13500 = VERTEX_POINT('',#13501);
#13501 = CARTESIAN_POINT('',(149.95567,-95.48747,0.));
#13502 = LINE('',#13503,#13504);
#13503 = CARTESIAN_POINT('',(149.95567,-95.48747,0.));
#13504 = VECTOR('',#13505,1.);
#13505 = DIRECTION('',(0.,0.,-1.));
#13506 = ORIENTED_EDGE('',*,*,#13507,.F.);
#13507 = EDGE_CURVE('',#13437,#13500,#13508,.T.);
#13508 = LINE('',#13509,#13510);
#13509 = CARTESIAN_POINT('',(149.95567,-96.08747,0.));
#13510 = VECTOR('',#13511,1.);
#13511 = DIRECTION('',(0.,1.,0.));
#13512 = PLANE('',#13513);
#13513 = AXIS2_PLACEMENT_3D('',#13514,#13515,#13516);
#13514 = CARTESIAN_POINT('',(149.95567,-96.08747,0.));
#13515 = DIRECTION('',(1.,-0.,0.));
#13516 = DIRECTION('',(0.,1.,0.));
#13517 = ADVANCED_FACE('',(#13518,#13530),#13541,.F.);
#13518 = FACE_BOUND('',#13519,.F.);
#13519 = EDGE_LOOP('',(#13520,#13521,#13522,#13529));
#13520 = ORIENTED_EDGE('',*,*,#13444,.T.);
#13521 = ORIENTED_EDGE('',*,*,#13507,.T.);
#13522 = ORIENTED_EDGE('',*,*,#13523,.T.);
#13523 = EDGE_CURVE('',#13500,#13460,#13524,.T.);
#13524 = CIRCLE('',#13525,0.85);
#13525 = AXIS2_PLACEMENT_3D('',#13526,#13527,#13528);
#13526 = CARTESIAN_POINT('',(150.80567,-95.48747036604,0.));
#13527 = DIRECTION('',(0.,0.,-1.));
#13528 = DIRECTION('',(-1.,4.306456576962E-07,0.));
#13529 = ORIENTED_EDGE('',*,*,#13476,.T.);
#13530 = FACE_BOUND('',#13531,.F.);
#13531 = EDGE_LOOP('',(#13532));
#13532 = ORIENTED_EDGE('',*,*,#13533,.F.);
#13533 = EDGE_CURVE('',#13534,#13534,#13536,.T.);
#13534 = VERTEX_POINT('',#13535);
#13535 = CARTESIAN_POINT('',(150.80567,-96.26247,0.));
#13536 = CIRCLE('',#13537,0.475);
#13537 = AXIS2_PLACEMENT_3D('',#13538,#13539,#13540);
#13538 = CARTESIAN_POINT('',(150.80567,-95.78747,0.));
#13539 = DIRECTION('',(-0.,0.,-1.));
#13540 = DIRECTION('',(-0.,-1.,0.));
#13541 = PLANE('',#13542);
#13542 = AXIS2_PLACEMENT_3D('',#13543,#13544,#13545);
#13543 = CARTESIAN_POINT('',(0.,0.,0.));
#13544 = DIRECTION('',(-0.,-0.,-1.));
#13545 = DIRECTION('',(-1.,0.,0.));
#13546 = ADVANCED_FACE('',(#13547,#13559),#13570,.T.);
#13547 = FACE_BOUND('',#13548,.T.);
#13548 = EDGE_LOOP('',(#13549,#13550,#13551,#13558));
#13549 = ORIENTED_EDGE('',*,*,#13427,.T.);
#13550 = ORIENTED_EDGE('',*,*,#13491,.T.);
#13551 = ORIENTED_EDGE('',*,*,#13552,.T.);
#13552 = EDGE_CURVE('',#13492,#13462,#13553,.T.);
#13553 = CIRCLE('',#13554,0.85);
#13554 = AXIS2_PLACEMENT_3D('',#13555,#13556,#13557);
#13555 = CARTESIAN_POINT('',(150.80567,-95.48747036604,-4.E-02));
#13556 = DIRECTION('',(0.,0.,-1.));
#13557 = DIRECTION('',(-1.,4.306456576962E-07,0.));
#13558 = ORIENTED_EDGE('',*,*,#13469,.T.);
#13559 = FACE_BOUND('',#13560,.T.);
#13560 = EDGE_LOOP('',(#13561));
#13561 = ORIENTED_EDGE('',*,*,#13562,.F.);
#13562 = EDGE_CURVE('',#13563,#13563,#13565,.T.);
#13563 = VERTEX_POINT('',#13564);
#13564 = CARTESIAN_POINT('',(150.80567,-96.26247,-4.E-02));
#13565 = CIRCLE('',#13566,0.475);
#13566 = AXIS2_PLACEMENT_3D('',#13567,#13568,#13569);
#13567 = CARTESIAN_POINT('',(150.80567,-95.78747,-4.E-02));
#13568 = DIRECTION('',(-0.,0.,-1.));
#13569 = DIRECTION('',(-0.,-1.,0.));
#13570 = PLANE('',#13571);
#13571 = AXIS2_PLACEMENT_3D('',#13572,#13573,#13574);
#13572 = CARTESIAN_POINT('',(0.,0.,-4.E-02));
#13573 = DIRECTION('',(-0.,-0.,-1.));
#13574 = DIRECTION('',(-1.,0.,0.));
#13575 = ADVANCED_FACE('',(#13576),#13582,.T.);
#13576 = FACE_BOUND('',#13577,.F.);
#13577 = EDGE_LOOP('',(#13578,#13579,#13580,#13581));
#13578 = ORIENTED_EDGE('',*,*,#13499,.T.);
#13579 = ORIENTED_EDGE('',*,*,#13552,.T.);
#13580 = ORIENTED_EDGE('',*,*,#13459,.F.);
#13581 = ORIENTED_EDGE('',*,*,#13523,.F.);
#13582 = CYLINDRICAL_SURFACE('',#13583,0.85);
#13583 = AXIS2_PLACEMENT_3D('',#13584,#13585,#13586);
#13584 = CARTESIAN_POINT('',(150.80567,-95.48747036604,0.));
#13585 = DIRECTION('',(-0.,-0.,1.));
#13586 = DIRECTION('',(-1.,4.306456576962E-07,0.));
#13587 = ADVANCED_FACE('',(#13588),#13599,.F.);
#13588 = FACE_BOUND('',#13589,.T.);
#13589 = EDGE_LOOP('',(#13590,#13591,#13597,#13598));
#13590 = ORIENTED_EDGE('',*,*,#13562,.T.);
#13591 = ORIENTED_EDGE('',*,*,#13592,.T.);
#13592 = EDGE_CURVE('',#13563,#13534,#13593,.T.);
#13593 = LINE('',#13594,#13595);
#13594 = CARTESIAN_POINT('',(150.80567,-96.26247,-4.6E-02));
#13595 = VECTOR('',#13596,1.);
#13596 = DIRECTION('',(0.,0.,1.));
#13597 = ORIENTED_EDGE('',*,*,#13533,.F.);
#13598 = ORIENTED_EDGE('',*,*,#13592,.F.);
#13599 = CYLINDRICAL_SURFACE('',#13600,0.475);
#13600 = AXIS2_PLACEMENT_3D('',#13601,#13602,#13603);
#13601 = CARTESIAN_POINT('',(150.80567,-95.78747,-4.6E-02));
#13602 = DIRECTION('',(-0.,-0.,-1.));
#13603 = DIRECTION('',(-0.,-1.,0.));
#13604 = MANIFOLD_SOLID_BREP('',#13605);
#13605 = CLOSED_SHELL('',(#13606,#13639,#13659,#13679));
#13606 = ADVANCED_FACE('',(#13607),#13634,.T.);
#13607 = FACE_BOUND('',#13608,.F.);
#13608 = EDGE_LOOP('',(#13609,#13619,#13626,#13627));
#13609 = ORIENTED_EDGE('',*,*,#13610,.T.);
#13610 = EDGE_CURVE('',#13611,#13613,#13615,.T.);
#13611 = VERTEX_POINT('',#13612);
#13612 = CARTESIAN_POINT('',(150.80567,-96.28747,-3.5E-02));
#13613 = VERTEX_POINT('',#13614);
#13614 = CARTESIAN_POINT('',(150.80567,-96.28747,1.445));
#13615 = LINE('',#13616,#13617);
#13616 = CARTESIAN_POINT('',(150.80567,-96.28747,-3.5E-02));
#13617 = VECTOR('',#13618,1.);
#13618 = DIRECTION('',(0.,0.,1.));
#13619 = ORIENTED_EDGE('',*,*,#13620,.T.);
#13620 = EDGE_CURVE('',#13613,#13613,#13621,.T.);
#13621 = CIRCLE('',#13622,0.5);
#13622 = AXIS2_PLACEMENT_3D('',#13623,#13624,#13625);
#13623 = CARTESIAN_POINT('',(150.80567,-95.78747,1.445));
#13624 = DIRECTION('',(0.,0.,1.));
#13625 = DIRECTION('',(-0.,-1.,0.));
#13626 = ORIENTED_EDGE('',*,*,#13610,.F.);
#13627 = ORIENTED_EDGE('',*,*,#13628,.F.);
#13628 = EDGE_CURVE('',#13611,#13611,#13629,.T.);
#13629 = CIRCLE('',#13630,0.5);
#13630 = AXIS2_PLACEMENT_3D('',#13631,#13632,#13633);
#13631 = CARTESIAN_POINT('',(150.80567,-95.78747,-3.5E-02));
#13632 = DIRECTION('',(0.,0.,1.));
#13633 = DIRECTION('',(-0.,-1.,0.));
#13634 = CYLINDRICAL_SURFACE('',#13635,0.5);
#13635 = AXIS2_PLACEMENT_3D('',#13636,#13637,#13638);
#13636 = CARTESIAN_POINT('',(150.80567,-95.78747,-3.5E-02));
#13637 = DIRECTION('',(-0.,-0.,-1.));
#13638 = DIRECTION('',(-0.,-1.,0.));
#13639 = ADVANCED_FACE('',(#13640,#13643),#13654,.F.);
#13640 = FACE_BOUND('',#13641,.F.);
#13641 = EDGE_LOOP('',(#13642));
#13642 = ORIENTED_EDGE('',*,*,#13628,.T.);
#13643 = FACE_BOUND('',#13644,.F.);
#13644 = EDGE_LOOP('',(#13645));
#13645 = ORIENTED_EDGE('',*,*,#13646,.T.);
#13646 = EDGE_CURVE('',#13647,#13647,#13649,.T.);
#13647 = VERTEX_POINT('',#13648);
#13648 = CARTESIAN_POINT('',(150.80567,-96.26247,-3.5E-02));
#13649 = CIRCLE('',#13650,0.475);
#13650 = AXIS2_PLACEMENT_3D('',#13651,#13652,#13653);
#13651 = CARTESIAN_POINT('',(150.80567,-95.78747,-3.5E-02));
#13652 = DIRECTION('',(-0.,0.,-1.));
#13653 = DIRECTION('',(-0.,-1.,0.));
#13654 = PLANE('',#13655);
#13655 = AXIS2_PLACEMENT_3D('',#13656,#13657,#13658);
#13656 = CARTESIAN_POINT('',(150.80567,-96.28747,-3.5E-02));
#13657 = DIRECTION('',(0.,0.,1.));
#13658 = DIRECTION('',(1.,0.,-0.));
#13659 = ADVANCED_FACE('',(#13660,#13663),#13674,.T.);
#13660 = FACE_BOUND('',#13661,.T.);
#13661 = EDGE_LOOP('',(#13662));
#13662 = ORIENTED_EDGE('',*,*,#13620,.T.);
#13663 = FACE_BOUND('',#13664,.T.);
#13664 = EDGE_LOOP('',(#13665));
#13665 = ORIENTED_EDGE('',*,*,#13666,.T.);
#13666 = EDGE_CURVE('',#13667,#13667,#13669,.T.);
#13667 = VERTEX_POINT('',#13668);
#13668 = CARTESIAN_POINT('',(150.80567,-96.26247,1.445));
#13669 = CIRCLE('',#13670,0.475);
#13670 = AXIS2_PLACEMENT_3D('',#13671,#13672,#13673);
#13671 = CARTESIAN_POINT('',(150.80567,-95.78747,1.445));
#13672 = DIRECTION('',(-0.,0.,-1.));
#13673 = DIRECTION('',(-0.,-1.,0.));
#13674 = PLANE('',#13675);
#13675 = AXIS2_PLACEMENT_3D('',#13676,#13677,#13678);
#13676 = CARTESIAN_POINT('',(150.80567,-96.28747,1.445));
#13677 = DIRECTION('',(0.,0.,1.));
#13678 = DIRECTION('',(1.,0.,-0.));
#13679 = ADVANCED_FACE('',(#13680),#13691,.F.);
#13680 = FACE_BOUND('',#13681,.T.);
#13681 = EDGE_LOOP('',(#13682,#13683,#13689,#13690));
#13682 = ORIENTED_EDGE('',*,*,#13646,.T.);
#13683 = ORIENTED_EDGE('',*,*,#13684,.T.);
#13684 = EDGE_CURVE('',#13647,#13667,#13685,.T.);
#13685 = LINE('',#13686,#13687);
#13686 = CARTESIAN_POINT('',(150.80567,-96.26247,-4.6E-02));
#13687 = VECTOR('',#13688,1.);
#13688 = DIRECTION('',(0.,0.,1.));
#13689 = ORIENTED_EDGE('',*,*,#13666,.F.);
#13690 = ORIENTED_EDGE('',*,*,#13684,.F.);
#13691 = CYLINDRICAL_SURFACE('',#13692,0.475);
#13692 = AXIS2_PLACEMENT_3D('',#13693,#13694,#13695);
#13693 = CARTESIAN_POINT('',(150.80567,-95.78747,-4.6E-02));
#13694 = DIRECTION('',(-0.,-0.,-1.));
#13695 = DIRECTION('',(-0.,-1.,0.));
#13696 = MANIFOLD_SOLID_BREP('',#13697);
#13697 = CLOSED_SHELL('',(#13698,#13740,#13771,#13802,#13831,#13860,
    #13872));
#13698 = ADVANCED_FACE('',(#13699),#13735,.T.);
#13699 = FACE_BOUND('',#13700,.T.);
#13700 = EDGE_LOOP('',(#13701,#13711,#13720,#13728));
#13701 = ORIENTED_EDGE('',*,*,#13702,.T.);
#13702 = EDGE_CURVE('',#13703,#13705,#13707,.T.);
#13703 = VERTEX_POINT('',#13704);
#13704 = CARTESIAN_POINT('',(154.19567,-96.08747,1.41));
#13705 = VERTEX_POINT('',#13706);
#13706 = CARTESIAN_POINT('',(154.19567,-96.08747,1.45));
#13707 = LINE('',#13708,#13709);
#13708 = CARTESIAN_POINT('',(154.19567,-96.08747,1.41));
#13709 = VECTOR('',#13710,1.);
#13710 = DIRECTION('',(0.,0.,1.));
#13711 = ORIENTED_EDGE('',*,*,#13712,.T.);
#13712 = EDGE_CURVE('',#13705,#13713,#13715,.T.);
#13713 = VERTEX_POINT('',#13714);
#13714 = CARTESIAN_POINT('',(152.49567,-96.08747,1.45));
#13715 = CIRCLE('',#13716,0.85);
#13716 = AXIS2_PLACEMENT_3D('',#13717,#13718,#13719);
#13717 = CARTESIAN_POINT('',(153.34567,-96.08747002475,1.45));
#13718 = DIRECTION('',(0.,0.,-1.));
#13719 = DIRECTION('',(1.,2.911876021351E-08,0.));
#13720 = ORIENTED_EDGE('',*,*,#13721,.F.);
#13721 = EDGE_CURVE('',#13722,#13713,#13724,.T.);
#13722 = VERTEX_POINT('',#13723);
#13723 = CARTESIAN_POINT('',(152.49567,-96.08747,1.41));
#13724 = LINE('',#13725,#13726);
#13725 = CARTESIAN_POINT('',(152.49567,-96.08747,1.41));
#13726 = VECTOR('',#13727,1.);
#13727 = DIRECTION('',(0.,0.,1.));
#13728 = ORIENTED_EDGE('',*,*,#13729,.F.);
#13729 = EDGE_CURVE('',#13703,#13722,#13730,.T.);
#13730 = CIRCLE('',#13731,0.85);
#13731 = AXIS2_PLACEMENT_3D('',#13732,#13733,#13734);
#13732 = CARTESIAN_POINT('',(153.34567,-96.08747002475,1.41));
#13733 = DIRECTION('',(0.,0.,-1.));
#13734 = DIRECTION('',(1.,2.911876021351E-08,0.));
#13735 = CYLINDRICAL_SURFACE('',#13736,0.85);
#13736 = AXIS2_PLACEMENT_3D('',#13737,#13738,#13739);
#13737 = CARTESIAN_POINT('',(153.34567,-96.08747002475,1.41));
#13738 = DIRECTION('',(0.,0.,-1.));
#13739 = DIRECTION('',(1.,2.911876021351E-08,0.));
#13740 = ADVANCED_FACE('',(#13741),#13766,.T.);
#13741 = FACE_BOUND('',#13742,.T.);
#13742 = EDGE_LOOP('',(#13743,#13753,#13759,#13760));
#13743 = ORIENTED_EDGE('',*,*,#13744,.T.);
#13744 = EDGE_CURVE('',#13745,#13747,#13749,.T.);
#13745 = VERTEX_POINT('',#13746);
#13746 = CARTESIAN_POINT('',(154.19567,-95.48747,1.41));
#13747 = VERTEX_POINT('',#13748);
#13748 = CARTESIAN_POINT('',(154.19567,-95.48747,1.45));
#13749 = LINE('',#13750,#13751);
#13750 = CARTESIAN_POINT('',(154.19567,-95.48747,1.41));
#13751 = VECTOR('',#13752,1.);
#13752 = DIRECTION('',(0.,0.,1.));
#13753 = ORIENTED_EDGE('',*,*,#13754,.T.);
#13754 = EDGE_CURVE('',#13747,#13705,#13755,.T.);
#13755 = LINE('',#13756,#13757);
#13756 = CARTESIAN_POINT('',(154.19567,-95.48747,1.45));
#13757 = VECTOR('',#13758,1.);
#13758 = DIRECTION('',(0.,-1.,0.));
#13759 = ORIENTED_EDGE('',*,*,#13702,.F.);
#13760 = ORIENTED_EDGE('',*,*,#13761,.F.);
#13761 = EDGE_CURVE('',#13745,#13703,#13762,.T.);
#13762 = LINE('',#13763,#13764);
#13763 = CARTESIAN_POINT('',(154.19567,-95.48747,1.41));
#13764 = VECTOR('',#13765,1.);
#13765 = DIRECTION('',(0.,-1.,0.));
#13766 = PLANE('',#13767);
#13767 = AXIS2_PLACEMENT_3D('',#13768,#13769,#13770);
#13768 = CARTESIAN_POINT('',(154.19567,-95.48747,1.41));
#13769 = DIRECTION('',(1.,0.,-0.));
#13770 = DIRECTION('',(0.,-1.,0.));
#13771 = ADVANCED_FACE('',(#13772),#13797,.T.);
#13772 = FACE_BOUND('',#13773,.T.);
#13773 = EDGE_LOOP('',(#13774,#13775,#13783,#13791));
#13774 = ORIENTED_EDGE('',*,*,#13721,.T.);
#13775 = ORIENTED_EDGE('',*,*,#13776,.T.);
#13776 = EDGE_CURVE('',#13713,#13777,#13779,.T.);
#13777 = VERTEX_POINT('',#13778);
#13778 = CARTESIAN_POINT('',(152.49567,-95.48747,1.45));
#13779 = LINE('',#13780,#13781);
#13780 = CARTESIAN_POINT('',(152.49567,-96.08747,1.45));
#13781 = VECTOR('',#13782,1.);
#13782 = DIRECTION('',(0.,1.,0.));
#13783 = ORIENTED_EDGE('',*,*,#13784,.F.);
#13784 = EDGE_CURVE('',#13785,#13777,#13787,.T.);
#13785 = VERTEX_POINT('',#13786);
#13786 = CARTESIAN_POINT('',(152.49567,-95.48747,1.41));
#13787 = LINE('',#13788,#13789);
#13788 = CARTESIAN_POINT('',(152.49567,-95.48747,1.41));
#13789 = VECTOR('',#13790,1.);
#13790 = DIRECTION('',(0.,0.,1.));
#13791 = ORIENTED_EDGE('',*,*,#13792,.F.);
#13792 = EDGE_CURVE('',#13722,#13785,#13793,.T.);
#13793 = LINE('',#13794,#13795);
#13794 = CARTESIAN_POINT('',(152.49567,-96.08747,1.41));
#13795 = VECTOR('',#13796,1.);
#13796 = DIRECTION('',(0.,1.,0.));
#13797 = PLANE('',#13798);
#13798 = AXIS2_PLACEMENT_3D('',#13799,#13800,#13801);
#13799 = CARTESIAN_POINT('',(152.49567,-96.08747,1.41));
#13800 = DIRECTION('',(-1.,0.,0.));
#13801 = DIRECTION('',(0.,1.,0.));
#13802 = ADVANCED_FACE('',(#13803,#13815),#13826,.F.);
#13803 = FACE_BOUND('',#13804,.F.);
#13804 = EDGE_LOOP('',(#13805,#13806,#13807,#13814));
#13805 = ORIENTED_EDGE('',*,*,#13729,.F.);
#13806 = ORIENTED_EDGE('',*,*,#13761,.F.);
#13807 = ORIENTED_EDGE('',*,*,#13808,.F.);
#13808 = EDGE_CURVE('',#13785,#13745,#13809,.T.);
#13809 = CIRCLE('',#13810,0.85);
#13810 = AXIS2_PLACEMENT_3D('',#13811,#13812,#13813);
#13811 = CARTESIAN_POINT('',(153.34567,-95.48747036604,1.41));
#13812 = DIRECTION('',(0.,0.,-1.));
#13813 = DIRECTION('',(-1.,4.306456576962E-07,0.));
#13814 = ORIENTED_EDGE('',*,*,#13792,.F.);
#13815 = FACE_BOUND('',#13816,.F.);
#13816 = EDGE_LOOP('',(#13817));
#13817 = ORIENTED_EDGE('',*,*,#13818,.T.);
#13818 = EDGE_CURVE('',#13819,#13819,#13821,.T.);
#13819 = VERTEX_POINT('',#13820);
#13820 = CARTESIAN_POINT('',(153.34567,-96.26247,1.41));
#13821 = CIRCLE('',#13822,0.475);
#13822 = AXIS2_PLACEMENT_3D('',#13823,#13824,#13825);
#13823 = CARTESIAN_POINT('',(153.34567,-95.78747,1.41));
#13824 = DIRECTION('',(-0.,0.,-1.));
#13825 = DIRECTION('',(5.983517774822E-14,-1.,-0.));
#13826 = PLANE('',#13827);
#13827 = AXIS2_PLACEMENT_3D('',#13828,#13829,#13830);
#13828 = CARTESIAN_POINT('',(0.,0.,1.41));
#13829 = DIRECTION('',(0.,0.,1.));
#13830 = DIRECTION('',(1.,0.,-0.));
#13831 = ADVANCED_FACE('',(#13832,#13844),#13855,.T.);
#13832 = FACE_BOUND('',#13833,.T.);
#13833 = EDGE_LOOP('',(#13834,#13835,#13836,#13843));
#13834 = ORIENTED_EDGE('',*,*,#13712,.F.);
#13835 = ORIENTED_EDGE('',*,*,#13754,.F.);
#13836 = ORIENTED_EDGE('',*,*,#13837,.F.);
#13837 = EDGE_CURVE('',#13777,#13747,#13838,.T.);
#13838 = CIRCLE('',#13839,0.85);
#13839 = AXIS2_PLACEMENT_3D('',#13840,#13841,#13842);
#13840 = CARTESIAN_POINT('',(153.34567,-95.48747036604,1.45));
#13841 = DIRECTION('',(0.,0.,-1.));
#13842 = DIRECTION('',(-1.,4.306456576962E-07,0.));
#13843 = ORIENTED_EDGE('',*,*,#13776,.F.);
#13844 = FACE_BOUND('',#13845,.T.);
#13845 = EDGE_LOOP('',(#13846));
#13846 = ORIENTED_EDGE('',*,*,#13847,.T.);
#13847 = EDGE_CURVE('',#13848,#13848,#13850,.T.);
#13848 = VERTEX_POINT('',#13849);
#13849 = CARTESIAN_POINT('',(153.34567,-96.26247,1.45));
#13850 = CIRCLE('',#13851,0.475);
#13851 = AXIS2_PLACEMENT_3D('',#13852,#13853,#13854);
#13852 = CARTESIAN_POINT('',(153.34567,-95.78747,1.45));
#13853 = DIRECTION('',(-0.,0.,-1.));
#13854 = DIRECTION('',(5.983517774822E-14,-1.,-0.));
#13855 = PLANE('',#13856);
#13856 = AXIS2_PLACEMENT_3D('',#13857,#13858,#13859);
#13857 = CARTESIAN_POINT('',(0.,0.,1.45));
#13858 = DIRECTION('',(0.,0.,1.));
#13859 = DIRECTION('',(1.,0.,-0.));
#13860 = ADVANCED_FACE('',(#13861),#13867,.T.);
#13861 = FACE_BOUND('',#13862,.T.);
#13862 = EDGE_LOOP('',(#13863,#13864,#13865,#13866));
#13863 = ORIENTED_EDGE('',*,*,#13784,.T.);
#13864 = ORIENTED_EDGE('',*,*,#13837,.T.);
#13865 = ORIENTED_EDGE('',*,*,#13744,.F.);
#13866 = ORIENTED_EDGE('',*,*,#13808,.F.);
#13867 = CYLINDRICAL_SURFACE('',#13868,0.85);
#13868 = AXIS2_PLACEMENT_3D('',#13869,#13870,#13871);
#13869 = CARTESIAN_POINT('',(153.34567,-95.48747036604,1.41));
#13870 = DIRECTION('',(0.,0.,-1.));
#13871 = DIRECTION('',(-1.,4.306456576962E-07,0.));
#13872 = ADVANCED_FACE('',(#13873),#13884,.F.);
#13873 = FACE_BOUND('',#13874,.T.);
#13874 = EDGE_LOOP('',(#13875,#13876,#13882,#13883));
#13875 = ORIENTED_EDGE('',*,*,#13818,.T.);
#13876 = ORIENTED_EDGE('',*,*,#13877,.T.);
#13877 = EDGE_CURVE('',#13819,#13848,#13878,.T.);
#13878 = LINE('',#13879,#13880);
#13879 = CARTESIAN_POINT('',(153.34567,-96.26247,-4.6E-02));
#13880 = VECTOR('',#13881,1.);
#13881 = DIRECTION('',(0.,0.,1.));
#13882 = ORIENTED_EDGE('',*,*,#13847,.F.);
#13883 = ORIENTED_EDGE('',*,*,#13877,.F.);
#13884 = CYLINDRICAL_SURFACE('',#13885,0.475);
#13885 = AXIS2_PLACEMENT_3D('',#13886,#13887,#13888);
#13886 = CARTESIAN_POINT('',(153.34567,-95.78747,-4.6E-02));
#13887 = DIRECTION('',(-0.,0.,-1.));
#13888 = DIRECTION('',(5.983517774822E-14,-1.,-0.));
#13889 = MANIFOLD_SOLID_BREP('',#13890);
#13890 = CLOSED_SHELL('',(#13891,#13933,#13964,#13995,#14024,#14053,
    #14065));
#13891 = ADVANCED_FACE('',(#13892),#13928,.T.);
#13892 = FACE_BOUND('',#13893,.F.);
#13893 = EDGE_LOOP('',(#13894,#13904,#13913,#13921));
#13894 = ORIENTED_EDGE('',*,*,#13895,.T.);
#13895 = EDGE_CURVE('',#13896,#13898,#13900,.T.);
#13896 = VERTEX_POINT('',#13897);
#13897 = CARTESIAN_POINT('',(154.19567,-96.08747,0.));
#13898 = VERTEX_POINT('',#13899);
#13899 = CARTESIAN_POINT('',(154.19567,-96.08747,-4.E-02));
#13900 = LINE('',#13901,#13902);
#13901 = CARTESIAN_POINT('',(154.19567,-96.08747,0.));
#13902 = VECTOR('',#13903,1.);
#13903 = DIRECTION('',(0.,0.,-1.));
#13904 = ORIENTED_EDGE('',*,*,#13905,.T.);
#13905 = EDGE_CURVE('',#13898,#13906,#13908,.T.);
#13906 = VERTEX_POINT('',#13907);
#13907 = CARTESIAN_POINT('',(152.49567,-96.08747,-4.E-02));
#13908 = CIRCLE('',#13909,0.85);
#13909 = AXIS2_PLACEMENT_3D('',#13910,#13911,#13912);
#13910 = CARTESIAN_POINT('',(153.34567,-96.08747002475,-4.E-02));
#13911 = DIRECTION('',(0.,0.,-1.));
#13912 = DIRECTION('',(1.,2.911876021351E-08,0.));
#13913 = ORIENTED_EDGE('',*,*,#13914,.F.);
#13914 = EDGE_CURVE('',#13915,#13906,#13917,.T.);
#13915 = VERTEX_POINT('',#13916);
#13916 = CARTESIAN_POINT('',(152.49567,-96.08747,0.));
#13917 = LINE('',#13918,#13919);
#13918 = CARTESIAN_POINT('',(152.49567,-96.08747,0.));
#13919 = VECTOR('',#13920,1.);
#13920 = DIRECTION('',(0.,0.,-1.));
#13921 = ORIENTED_EDGE('',*,*,#13922,.F.);
#13922 = EDGE_CURVE('',#13896,#13915,#13923,.T.);
#13923 = CIRCLE('',#13924,0.85);
#13924 = AXIS2_PLACEMENT_3D('',#13925,#13926,#13927);
#13925 = CARTESIAN_POINT('',(153.34567,-96.08747002475,0.));
#13926 = DIRECTION('',(0.,0.,-1.));
#13927 = DIRECTION('',(1.,2.911876021351E-08,0.));
#13928 = CYLINDRICAL_SURFACE('',#13929,0.85);
#13929 = AXIS2_PLACEMENT_3D('',#13930,#13931,#13932);
#13930 = CARTESIAN_POINT('',(153.34567,-96.08747002475,0.));
#13931 = DIRECTION('',(-0.,-0.,1.));
#13932 = DIRECTION('',(1.,2.911876021351E-08,0.));
#13933 = ADVANCED_FACE('',(#13934),#13959,.F.);
#13934 = FACE_BOUND('',#13935,.F.);
#13935 = EDGE_LOOP('',(#13936,#13946,#13952,#13953));
#13936 = ORIENTED_EDGE('',*,*,#13937,.T.);
#13937 = EDGE_CURVE('',#13938,#13940,#13942,.T.);
#13938 = VERTEX_POINT('',#13939);
#13939 = CARTESIAN_POINT('',(154.19567,-95.48747,0.));
#13940 = VERTEX_POINT('',#13941);
#13941 = CARTESIAN_POINT('',(154.19567,-95.48747,-4.E-02));
#13942 = LINE('',#13943,#13944);
#13943 = CARTESIAN_POINT('',(154.19567,-95.48747,0.));
#13944 = VECTOR('',#13945,1.);
#13945 = DIRECTION('',(0.,0.,-1.));
#13946 = ORIENTED_EDGE('',*,*,#13947,.T.);
#13947 = EDGE_CURVE('',#13940,#13898,#13948,.T.);
#13948 = LINE('',#13949,#13950);
#13949 = CARTESIAN_POINT('',(154.19567,-95.48747,-4.E-02));
#13950 = VECTOR('',#13951,1.);
#13951 = DIRECTION('',(0.,-1.,0.));
#13952 = ORIENTED_EDGE('',*,*,#13895,.F.);
#13953 = ORIENTED_EDGE('',*,*,#13954,.F.);
#13954 = EDGE_CURVE('',#13938,#13896,#13955,.T.);
#13955 = LINE('',#13956,#13957);
#13956 = CARTESIAN_POINT('',(154.19567,-95.48747,0.));
#13957 = VECTOR('',#13958,1.);
#13958 = DIRECTION('',(0.,-1.,0.));
#13959 = PLANE('',#13960);
#13960 = AXIS2_PLACEMENT_3D('',#13961,#13962,#13963);
#13961 = CARTESIAN_POINT('',(154.19567,-95.48747,0.));
#13962 = DIRECTION('',(-1.,-0.,-0.));
#13963 = DIRECTION('',(0.,-1.,0.));
#13964 = ADVANCED_FACE('',(#13965),#13990,.F.);
#13965 = FACE_BOUND('',#13966,.F.);
#13966 = EDGE_LOOP('',(#13967,#13968,#13976,#13984));
#13967 = ORIENTED_EDGE('',*,*,#13914,.T.);
#13968 = ORIENTED_EDGE('',*,*,#13969,.T.);
#13969 = EDGE_CURVE('',#13906,#13970,#13972,.T.);
#13970 = VERTEX_POINT('',#13971);
#13971 = CARTESIAN_POINT('',(152.49567,-95.48747,-4.E-02));
#13972 = LINE('',#13973,#13974);
#13973 = CARTESIAN_POINT('',(152.49567,-96.08747,-4.E-02));
#13974 = VECTOR('',#13975,1.);
#13975 = DIRECTION('',(0.,1.,0.));
#13976 = ORIENTED_EDGE('',*,*,#13977,.F.);
#13977 = EDGE_CURVE('',#13978,#13970,#13980,.T.);
#13978 = VERTEX_POINT('',#13979);
#13979 = CARTESIAN_POINT('',(152.49567,-95.48747,0.));
#13980 = LINE('',#13981,#13982);
#13981 = CARTESIAN_POINT('',(152.49567,-95.48747,0.));
#13982 = VECTOR('',#13983,1.);
#13983 = DIRECTION('',(0.,0.,-1.));
#13984 = ORIENTED_EDGE('',*,*,#13985,.F.);
#13985 = EDGE_CURVE('',#13915,#13978,#13986,.T.);
#13986 = LINE('',#13987,#13988);
#13987 = CARTESIAN_POINT('',(152.49567,-96.08747,0.));
#13988 = VECTOR('',#13989,1.);
#13989 = DIRECTION('',(0.,1.,0.));
#13990 = PLANE('',#13991);
#13991 = AXIS2_PLACEMENT_3D('',#13992,#13993,#13994);
#13992 = CARTESIAN_POINT('',(152.49567,-96.08747,0.));
#13993 = DIRECTION('',(1.,-0.,0.));
#13994 = DIRECTION('',(0.,1.,0.));
#13995 = ADVANCED_FACE('',(#13996,#14008),#14019,.F.);
#13996 = FACE_BOUND('',#13997,.F.);
#13997 = EDGE_LOOP('',(#13998,#13999,#14000,#14007));
#13998 = ORIENTED_EDGE('',*,*,#13922,.T.);
#13999 = ORIENTED_EDGE('',*,*,#13985,.T.);
#14000 = ORIENTED_EDGE('',*,*,#14001,.T.);
#14001 = EDGE_CURVE('',#13978,#13938,#14002,.T.);
#14002 = CIRCLE('',#14003,0.85);
#14003 = AXIS2_PLACEMENT_3D('',#14004,#14005,#14006);
#14004 = CARTESIAN_POINT('',(153.34567,-95.48747036604,0.));
#14005 = DIRECTION('',(0.,0.,-1.));
#14006 = DIRECTION('',(-1.,4.306456576962E-07,0.));
#14007 = ORIENTED_EDGE('',*,*,#13954,.T.);
#14008 = FACE_BOUND('',#14009,.F.);
#14009 = EDGE_LOOP('',(#14010));
#14010 = ORIENTED_EDGE('',*,*,#14011,.F.);
#14011 = EDGE_CURVE('',#14012,#14012,#14014,.T.);
#14012 = VERTEX_POINT('',#14013);
#14013 = CARTESIAN_POINT('',(153.34567,-96.26247,0.));
#14014 = CIRCLE('',#14015,0.475);
#14015 = AXIS2_PLACEMENT_3D('',#14016,#14017,#14018);
#14016 = CARTESIAN_POINT('',(153.34567,-95.78747,0.));
#14017 = DIRECTION('',(-0.,0.,-1.));
#14018 = DIRECTION('',(5.983517774822E-14,-1.,-0.));
#14019 = PLANE('',#14020);
#14020 = AXIS2_PLACEMENT_3D('',#14021,#14022,#14023);
#14021 = CARTESIAN_POINT('',(0.,0.,0.));
#14022 = DIRECTION('',(-0.,-0.,-1.));
#14023 = DIRECTION('',(-1.,0.,0.));
#14024 = ADVANCED_FACE('',(#14025,#14037),#14048,.T.);
#14025 = FACE_BOUND('',#14026,.T.);
#14026 = EDGE_LOOP('',(#14027,#14028,#14029,#14036));
#14027 = ORIENTED_EDGE('',*,*,#13905,.T.);
#14028 = ORIENTED_EDGE('',*,*,#13969,.T.);
#14029 = ORIENTED_EDGE('',*,*,#14030,.T.);
#14030 = EDGE_CURVE('',#13970,#13940,#14031,.T.);
#14031 = CIRCLE('',#14032,0.85);
#14032 = AXIS2_PLACEMENT_3D('',#14033,#14034,#14035);
#14033 = CARTESIAN_POINT('',(153.34567,-95.48747036604,-4.E-02));
#14034 = DIRECTION('',(0.,0.,-1.));
#14035 = DIRECTION('',(-1.,4.306456576962E-07,0.));
#14036 = ORIENTED_EDGE('',*,*,#13947,.T.);
#14037 = FACE_BOUND('',#14038,.T.);
#14038 = EDGE_LOOP('',(#14039));
#14039 = ORIENTED_EDGE('',*,*,#14040,.F.);
#14040 = EDGE_CURVE('',#14041,#14041,#14043,.T.);
#14041 = VERTEX_POINT('',#14042);
#14042 = CARTESIAN_POINT('',(153.34567,-96.26247,-4.E-02));
#14043 = CIRCLE('',#14044,0.475);
#14044 = AXIS2_PLACEMENT_3D('',#14045,#14046,#14047);
#14045 = CARTESIAN_POINT('',(153.34567,-95.78747,-4.E-02));
#14046 = DIRECTION('',(-0.,0.,-1.));
#14047 = DIRECTION('',(5.983517774822E-14,-1.,-0.));
#14048 = PLANE('',#14049);
#14049 = AXIS2_PLACEMENT_3D('',#14050,#14051,#14052);
#14050 = CARTESIAN_POINT('',(0.,0.,-4.E-02));
#14051 = DIRECTION('',(-0.,-0.,-1.));
#14052 = DIRECTION('',(-1.,0.,0.));
#14053 = ADVANCED_FACE('',(#14054),#14060,.T.);
#14054 = FACE_BOUND('',#14055,.F.);
#14055 = EDGE_LOOP('',(#14056,#14057,#14058,#14059));
#14056 = ORIENTED_EDGE('',*,*,#13977,.T.);
#14057 = ORIENTED_EDGE('',*,*,#14030,.T.);
#14058 = ORIENTED_EDGE('',*,*,#13937,.F.);
#14059 = ORIENTED_EDGE('',*,*,#14001,.F.);
#14060 = CYLINDRICAL_SURFACE('',#14061,0.85);
#14061 = AXIS2_PLACEMENT_3D('',#14062,#14063,#14064);
#14062 = CARTESIAN_POINT('',(153.34567,-95.48747036604,0.));
#14063 = DIRECTION('',(-0.,-0.,1.));
#14064 = DIRECTION('',(-1.,4.306456576962E-07,0.));
#14065 = ADVANCED_FACE('',(#14066),#14077,.F.);
#14066 = FACE_BOUND('',#14067,.T.);
#14067 = EDGE_LOOP('',(#14068,#14069,#14075,#14076));
#14068 = ORIENTED_EDGE('',*,*,#14040,.T.);
#14069 = ORIENTED_EDGE('',*,*,#14070,.T.);
#14070 = EDGE_CURVE('',#14041,#14012,#14071,.T.);
#14071 = LINE('',#14072,#14073);
#14072 = CARTESIAN_POINT('',(153.34567,-96.26247,-4.6E-02));
#14073 = VECTOR('',#14074,1.);
#14074 = DIRECTION('',(0.,0.,1.));
#14075 = ORIENTED_EDGE('',*,*,#14011,.F.);
#14076 = ORIENTED_EDGE('',*,*,#14070,.F.);
#14077 = CYLINDRICAL_SURFACE('',#14078,0.475);
#14078 = AXIS2_PLACEMENT_3D('',#14079,#14080,#14081);
#14079 = CARTESIAN_POINT('',(153.34567,-95.78747,-4.6E-02));
#14080 = DIRECTION('',(-0.,0.,-1.));
#14081 = DIRECTION('',(5.983517774822E-14,-1.,-0.));
#14082 = MANIFOLD_SOLID_BREP('',#14083);
#14083 = CLOSED_SHELL('',(#14084,#14117,#14137,#14157));
#14084 = ADVANCED_FACE('',(#14085),#14112,.T.);
#14085 = FACE_BOUND('',#14086,.F.);
#14086 = EDGE_LOOP('',(#14087,#14097,#14104,#14105));
#14087 = ORIENTED_EDGE('',*,*,#14088,.T.);
#14088 = EDGE_CURVE('',#14089,#14091,#14093,.T.);
#14089 = VERTEX_POINT('',#14090);
#14090 = CARTESIAN_POINT('',(153.34567,-96.28747,-3.5E-02));
#14091 = VERTEX_POINT('',#14092);
#14092 = CARTESIAN_POINT('',(153.34567,-96.28747,1.445));
#14093 = LINE('',#14094,#14095);
#14094 = CARTESIAN_POINT('',(153.34567,-96.28747,-3.5E-02));
#14095 = VECTOR('',#14096,1.);
#14096 = DIRECTION('',(0.,0.,1.));
#14097 = ORIENTED_EDGE('',*,*,#14098,.T.);
#14098 = EDGE_CURVE('',#14091,#14091,#14099,.T.);
#14099 = CIRCLE('',#14100,0.5);
#14100 = AXIS2_PLACEMENT_3D('',#14101,#14102,#14103);
#14101 = CARTESIAN_POINT('',(153.34567,-95.78747,1.445));
#14102 = DIRECTION('',(0.,0.,1.));
#14103 = DIRECTION('',(-0.,-1.,0.));
#14104 = ORIENTED_EDGE('',*,*,#14088,.F.);
#14105 = ORIENTED_EDGE('',*,*,#14106,.F.);
#14106 = EDGE_CURVE('',#14089,#14089,#14107,.T.);
#14107 = CIRCLE('',#14108,0.5);
#14108 = AXIS2_PLACEMENT_3D('',#14109,#14110,#14111);
#14109 = CARTESIAN_POINT('',(153.34567,-95.78747,-3.5E-02));
#14110 = DIRECTION('',(0.,0.,1.));
#14111 = DIRECTION('',(-0.,-1.,0.));
#14112 = CYLINDRICAL_SURFACE('',#14113,0.5);
#14113 = AXIS2_PLACEMENT_3D('',#14114,#14115,#14116);
#14114 = CARTESIAN_POINT('',(153.34567,-95.78747,-3.5E-02));
#14115 = DIRECTION('',(-0.,-0.,-1.));
#14116 = DIRECTION('',(-0.,-1.,0.));
#14117 = ADVANCED_FACE('',(#14118,#14121),#14132,.F.);
#14118 = FACE_BOUND('',#14119,.F.);
#14119 = EDGE_LOOP('',(#14120));
#14120 = ORIENTED_EDGE('',*,*,#14106,.T.);
#14121 = FACE_BOUND('',#14122,.F.);
#14122 = EDGE_LOOP('',(#14123));
#14123 = ORIENTED_EDGE('',*,*,#14124,.T.);
#14124 = EDGE_CURVE('',#14125,#14125,#14127,.T.);
#14125 = VERTEX_POINT('',#14126);
#14126 = CARTESIAN_POINT('',(153.34567,-96.26247,-3.5E-02));
#14127 = CIRCLE('',#14128,0.475);
#14128 = AXIS2_PLACEMENT_3D('',#14129,#14130,#14131);
#14129 = CARTESIAN_POINT('',(153.34567,-95.78747,-3.5E-02));
#14130 = DIRECTION('',(-0.,0.,-1.));
#14131 = DIRECTION('',(5.983517774822E-14,-1.,-0.));
#14132 = PLANE('',#14133);
#14133 = AXIS2_PLACEMENT_3D('',#14134,#14135,#14136);
#14134 = CARTESIAN_POINT('',(153.34567,-96.28747,-3.5E-02));
#14135 = DIRECTION('',(0.,0.,1.));
#14136 = DIRECTION('',(1.,0.,-0.));
#14137 = ADVANCED_FACE('',(#14138,#14141),#14152,.T.);
#14138 = FACE_BOUND('',#14139,.T.);
#14139 = EDGE_LOOP('',(#14140));
#14140 = ORIENTED_EDGE('',*,*,#14098,.T.);
#14141 = FACE_BOUND('',#14142,.T.);
#14142 = EDGE_LOOP('',(#14143));
#14143 = ORIENTED_EDGE('',*,*,#14144,.T.);
#14144 = EDGE_CURVE('',#14145,#14145,#14147,.T.);
#14145 = VERTEX_POINT('',#14146);
#14146 = CARTESIAN_POINT('',(153.34567,-96.26247,1.445));
#14147 = CIRCLE('',#14148,0.475);
#14148 = AXIS2_PLACEMENT_3D('',#14149,#14150,#14151);
#14149 = CARTESIAN_POINT('',(153.34567,-95.78747,1.445));
#14150 = DIRECTION('',(-0.,0.,-1.));
#14151 = DIRECTION('',(5.983517774822E-14,-1.,-0.));
#14152 = PLANE('',#14153);
#14153 = AXIS2_PLACEMENT_3D('',#14154,#14155,#14156);
#14154 = CARTESIAN_POINT('',(153.34567,-96.28747,1.445));
#14155 = DIRECTION('',(0.,0.,1.));
#14156 = DIRECTION('',(1.,0.,-0.));
#14157 = ADVANCED_FACE('',(#14158),#14169,.F.);
#14158 = FACE_BOUND('',#14159,.T.);
#14159 = EDGE_LOOP('',(#14160,#14161,#14167,#14168));
#14160 = ORIENTED_EDGE('',*,*,#14124,.T.);
#14161 = ORIENTED_EDGE('',*,*,#14162,.T.);
#14162 = EDGE_CURVE('',#14125,#14145,#14163,.T.);
#14163 = LINE('',#14164,#14165);
#14164 = CARTESIAN_POINT('',(153.34567,-96.26247,-4.6E-02));
#14165 = VECTOR('',#14166,1.);
#14166 = DIRECTION('',(0.,0.,1.));
#14167 = ORIENTED_EDGE('',*,*,#14144,.F.);
#14168 = ORIENTED_EDGE('',*,*,#14162,.F.);
#14169 = CYLINDRICAL_SURFACE('',#14170,0.475);
#14170 = AXIS2_PLACEMENT_3D('',#14171,#14172,#14173);
#14171 = CARTESIAN_POINT('',(153.34567,-95.78747,-4.6E-02));
#14172 = DIRECTION('',(-0.,0.,-1.));
#14173 = DIRECTION('',(5.983517774822E-14,-1.,-0.));
#14174 = ( GEOMETRIC_REPRESENTATION_CONTEXT(3) 
GLOBAL_UNCERTAINTY_ASSIGNED_CONTEXT((#14178)) 
GLOBAL_UNIT_ASSIGNED_CONTEXT((#14175,#14176,#14177)) 
REPRESENTATION_CONTEXT('Context #1',
  '3D Context with UNIT and UNCERTAINTY') );
#14175 = ( LENGTH_UNIT() NAMED_UNIT(*) SI_UNIT(.MILLI.,.METRE.) );
#14176 = ( NAMED_UNIT(*) PLANE_ANGLE_UNIT() SI_UNIT($,.RADIAN.) );
#14177 = ( NAMED_UNIT(*) SI_UNIT($,.STERADIAN.) SOLID_ANGLE_UNIT() );
#14178 = UNCERTAINTY_MEASURE_WITH_UNIT(LENGTH_MEASURE(1.E-07),#14175,
  'distance_accuracy_value','confusion accuracy');
#14179 = CONTEXT_DEPENDENT_SHAPE_REPRESENTATION(#14180,#14182);
#14180 = ( REPRESENTATION_RELATIONSHIP('','',#8813,#10) 
REPRESENTATION_RELATIONSHIP_WITH_TRANSFORMATION(#14181) 
SHAPE_REPRESENTATION_RELATIONSHIP() );
#14181 = ITEM_DEFINED_TRANSFORMATION('','',#11,#35);
#14182 = PRODUCT_DEFINITION_SHAPE('Placement','Placement of an item',
  #14183);
#14183 = NEXT_ASSEMBLY_USAGE_OCCURRENCE('12','=>[0:1:1:7]','',#5,#8808,$
  );
#14184 = PRODUCT_RELATED_PRODUCT_CATEGORY('part',$,(#8810));
#14185 = SHAPE_DEFINITION_REPRESENTATION(#14186,#14192);
#14186 = PRODUCT_DEFINITION_SHAPE('','',#14187);
#14187 = PRODUCT_DEFINITION('design','',#14188,#14191);
#14188 = PRODUCT_DEFINITION_FORMATION('','',#14189);
#14189 = PRODUCT('DCDC_Adapter_silkscreen','DCDC_Adapter_silkscreen','',
  (#14190));
#14190 = PRODUCT_CONTEXT('',#2,'mechanical');
#14191 = PRODUCT_DEFINITION_CONTEXT('part definition',#2,'design');
#14192 = SHAPE_REPRESENTATION('',(#11,#14193,#14335,#14542,#14830,#15037
    ,#15106,#15175,#15244,#15313,#15431,#15593,#15828,#15990,#16042,
    #16207,#16325,#16369,#16460,#16572,#16624,#16676,#16761),#16903);
#14193 = SHELL_BASED_SURFACE_MODEL('',(#14194));
#14194 = OPEN_SHELL('',(#14195));
#14195 = ADVANCED_FACE('',(#14196),#14330,.T.);
#14196 = FACE_BOUND('',#14197,.F.);
#14197 = EDGE_LOOP('',(#14198,#14208,#14216,#14225,#14233,#14241,#14250,
    #14258,#14267,#14275,#14283,#14291,#14299,#14308,#14316,#14324));
#14198 = ORIENTED_EDGE('',*,*,#14199,.T.);
#14199 = EDGE_CURVE('',#14200,#14202,#14204,.T.);
#14200 = VERTEX_POINT('',#14201);
#14201 = CARTESIAN_POINT('',(146.172582,-96.901841,1.485));
#14202 = VERTEX_POINT('',#14203);
#14203 = CARTESIAN_POINT('',(146.211038,-96.88126,1.485));
#14204 = LINE('',#14205,#14206);
#14205 = CARTESIAN_POINT('',(146.172582,-96.901841,1.485));
#14206 = VECTOR('',#14207,1.);
#14207 = DIRECTION('',(0.881674852639,0.471857451169,0.));
#14208 = ORIENTED_EDGE('',*,*,#14209,.T.);
#14209 = EDGE_CURVE('',#14202,#14210,#14212,.T.);
#14210 = VERTEX_POINT('',#14211);
#14211 = CARTESIAN_POINT('',(146.232875,-96.88126,1.485));
#14212 = LINE('',#14213,#14214);
#14213 = CARTESIAN_POINT('',(146.211038,-96.88126,1.485));
#14214 = VECTOR('',#14215,1.);
#14215 = DIRECTION('',(1.,0.,0.));
#14216 = ORIENTED_EDGE('',*,*,#14217,.T.);
#14217 = EDGE_CURVE('',#14210,#14218,#14220,.T.);
#14218 = VERTEX_POINT('',#14219);
#14219 = CARTESIAN_POINT('',(146.30067,-96.954819,1.485));
#14220 = CIRCLE('',#14221,7.216898094227E-02);
#14221 = AXIS2_PLACEMENT_3D('',#14222,#14223,#14224);
#14222 = CARTESIAN_POINT('',(146.22851706389,-96.95329728342,1.485));
#14223 = DIRECTION('',(0.,0.,-1.));
#14224 = DIRECTION('',(6.038516895265E-02,0.998175150648,0.));
#14225 = ORIENTED_EDGE('',*,*,#14226,.T.);
#14226 = EDGE_CURVE('',#14218,#14227,#14229,.T.);
#14227 = VERTEX_POINT('',#14228);
#14228 = CARTESIAN_POINT('',(146.30067,-97.879819,1.485));
#14229 = LINE('',#14230,#14231);
#14230 = CARTESIAN_POINT('',(146.30067,-96.954819,1.485));
#14231 = VECTOR('',#14232,1.);
#14232 = DIRECTION('',(0.,-1.,0.));
#14233 = ORIENTED_EDGE('',*,*,#14234,.T.);
#14234 = EDGE_CURVE('',#14227,#14235,#14237,.T.);
#14235 = VERTEX_POINT('',#14236);
#14236 = CARTESIAN_POINT('',(146.526016,-97.88126,1.485));
#14237 = LINE('',#14238,#14239);
#14238 = CARTESIAN_POINT('',(146.30067,-97.879819,1.485));
#14239 = VECTOR('',#14240,1.);
#14240 = DIRECTION('',(0.999979555102,-6.394480216655E-03,0.));
#14241 = ORIENTED_EDGE('',*,*,#14242,.T.);
#14242 = EDGE_CURVE('',#14235,#14243,#14245,.T.);
#14243 = VERTEX_POINT('',#14244);
#14244 = CARTESIAN_POINT('',(146.511384,-98.029819,1.485));
#14245 = CIRCLE('',#14246,7.500006711465E-02);
#14246 = AXIS2_PLACEMENT_3D('',#14247,#14248,#14249);
#14247 = CARTESIAN_POINT('',(146.51138406711,-97.95481893288,1.485));
#14248 = DIRECTION('',(0.,0.,-1.));
#14249 = DIRECTION('',(0.195092263891,0.980784894138,0.));
#14250 = ORIENTED_EDGE('',*,*,#14251,.T.);
#14251 = EDGE_CURVE('',#14243,#14252,#14254,.T.);
#14252 = VERTEX_POINT('',#14253);
#14253 = CARTESIAN_POINT('',(145.925324,-98.028378,1.485));
#14254 = LINE('',#14255,#14256);
#14255 = CARTESIAN_POINT('',(146.511384,-98.029819,1.485));
#14256 = VECTOR('',#14257,1.);
#14257 = DIRECTION('',(-0.999996977183,2.45878518261E-03,0.));
#14258 = ORIENTED_EDGE('',*,*,#14259,.T.);
#14259 = EDGE_CURVE('',#14252,#14260,#14262,.T.);
#14260 = VERTEX_POINT('',#14261);
#14261 = CARTESIAN_POINT('',(145.939956,-97.879819,1.485));
#14262 = CIRCLE('',#14263,7.500006711464E-02);
#14263 = AXIS2_PLACEMENT_3D('',#14264,#14265,#14266);
#14264 = CARTESIAN_POINT('',(145.93995593288,-97.95481906711,1.485));
#14265 = DIRECTION('',(0.,0.,-1.));
#14266 = DIRECTION('',(-0.195092263891,-0.980784894138,-0.));
#14267 = ORIENTED_EDGE('',*,*,#14268,.T.);
#14268 = EDGE_CURVE('',#14260,#14269,#14271,.T.);
#14269 = VERTEX_POINT('',#14270);
#14270 = CARTESIAN_POINT('',(146.15067,-97.879819,1.485));
#14271 = LINE('',#14272,#14273);
#14272 = CARTESIAN_POINT('',(145.939956,-97.879819,1.485));
#14273 = VECTOR('',#14274,1.);
#14274 = DIRECTION('',(1.,0.,0.));
#14275 = ORIENTED_EDGE('',*,*,#14276,.T.);
#14276 = EDGE_CURVE('',#14269,#14277,#14279,.T.);
#14277 = VERTEX_POINT('',#14278);
#14278 = CARTESIAN_POINT('',(146.15067,-97.183504,1.485));
#14279 = LINE('',#14280,#14281);
#14280 = CARTESIAN_POINT('',(146.15067,-97.879819,1.485));
#14281 = VECTOR('',#14282,1.);
#14282 = DIRECTION('',(0.,1.,0.));
#14283 = ORIENTED_EDGE('',*,*,#14284,.T.);
#14284 = EDGE_CURVE('',#14277,#14285,#14287,.T.);
#14285 = VERTEX_POINT('',#14286);
#14286 = CARTESIAN_POINT('',(146.075034,-97.256031,1.485));
#14287 = LINE('',#14288,#14289);
#14288 = CARTESIAN_POINT('',(146.15067,-97.183504,1.485));
#14289 = VECTOR('',#14290,1.);
#14290 = DIRECTION('',(-0.721785571396,-0.692116745156,0.));
#14291 = ORIENTED_EDGE('',*,*,#14292,.T.);
#14292 = EDGE_CURVE('',#14285,#14293,#14295,.T.);
#14293 = VERTEX_POINT('',#14294);
#14294 = CARTESIAN_POINT('',(145.959765,-97.31287,1.485));
#14295 = LINE('',#14296,#14297);
#14296 = CARTESIAN_POINT('',(146.075034,-97.256031,1.485));
#14297 = VECTOR('',#14298,1.);
#14298 = DIRECTION('',(-0.896889346494,-0.442255017094,0.));
#14299 = ORIENTED_EDGE('',*,*,#14300,.T.);
#14300 = EDGE_CURVE('',#14293,#14301,#14303,.T.);
#14301 = VERTEX_POINT('',#14302);
#14302 = CARTESIAN_POINT('',(145.906415,-97.173451,1.485));
#14303 = CIRCLE('',#14304,7.500005272361E-02);
#14304 = AXIS2_PLACEMENT_3D('',#14305,#14306,#14307);
#14305 = CARTESIAN_POINT('',(145.93995555676,-97.24053332972,1.485));
#14306 = DIRECTION('',(0.,0.,-1.));
#14307 = DIRECTION('',(0.264125724196,-0.964488259036,0.));
#14308 = ORIENTED_EDGE('',*,*,#14309,.T.);
#14309 = EDGE_CURVE('',#14301,#14310,#14312,.T.);
#14310 = VERTEX_POINT('',#14311);
#14311 = CARTESIAN_POINT('',(145.990767,-97.131275,1.485));
#14312 = LINE('',#14313,#14314);
#14313 = CARTESIAN_POINT('',(145.906415,-97.173451,1.485));
#14314 = VECTOR('',#14315,1.);
#14315 = DIRECTION('',(0.894427191,0.4472135955,0.));
#14316 = ORIENTED_EDGE('',*,*,#14317,.T.);
#14317 = EDGE_CURVE('',#14310,#14318,#14320,.T.);
#14318 = VERTEX_POINT('',#14319);
#14319 = CARTESIAN_POINT('',(146.072146,-97.049896,1.485));
#14320 = LINE('',#14321,#14322);
#14321 = CARTESIAN_POINT('',(145.990767,-97.131275,1.485));
#14322 = VECTOR('',#14323,1.);
#14323 = DIRECTION('',(0.707106781187,0.707106781187,0.));
#14324 = ORIENTED_EDGE('',*,*,#14325,.T.);
#14325 = EDGE_CURVE('',#14318,#14200,#14326,.T.);
#14326 = LINE('',#14327,#14328);
#14327 = CARTESIAN_POINT('',(146.072146,-97.049896,1.485));
#14328 = VECTOR('',#14329,1.);
#14329 = DIRECTION('',(0.561387006404,0.82755339951,0.));
#14330 = PLANE('',#14331);
#14331 = AXIS2_PLACEMENT_3D('',#14332,#14333,#14334);
#14332 = CARTESIAN_POINT('',(0.,0.,1.485));
#14333 = DIRECTION('',(0.,0.,1.));
#14334 = DIRECTION('',(1.,0.,-0.));
#14335 = SHELL_BASED_SURFACE_MODEL('',(#14336));
#14336 = OPEN_SHELL('',(#14337));
#14337 = ADVANCED_FACE('',(#14338,#14454),#14537,.T.);
#14338 = FACE_BOUND('',#14339,.F.);
#14339 = EDGE_LOOP('',(#14340,#14351,#14359,#14367,#14375,#14383,#14391,
    #14399,#14407,#14415,#14423,#14431,#14439,#14448));
#14340 = ORIENTED_EDGE('',*,*,#14341,.T.);
#14341 = EDGE_CURVE('',#14342,#14344,#14346,.T.);
#14342 = VERTEX_POINT('',#14343);
#14343 = CARTESIAN_POINT('',(144.914016,-96.940187,1.485));
#14344 = VERTEX_POINT('',#14345);
#14345 = CARTESIAN_POINT('',(144.987575,-96.879819,1.485));
#14346 = CIRCLE('',#14347,7.500074938986E-02);
#14347 = AXIS2_PLACEMENT_3D('',#14348,#14349,#14350);
#14348 = CARTESIAN_POINT('',(144.98757546611,-96.95481974938,1.485));
#14349 = DIRECTION('',(0.,0.,-1.));
#14350 = DIRECTION('',(-0.980783081614,0.195101375752,0.));
#14351 = ORIENTED_EDGE('',*,*,#14352,.T.);
#14352 = EDGE_CURVE('',#14344,#14353,#14355,.T.);
#14353 = VERTEX_POINT('',#14354);
#14354 = CARTESIAN_POINT('',(145.233075,-96.880548,1.485));
#14355 = LINE('',#14356,#14357);
#14356 = CARTESIAN_POINT('',(144.987575,-96.879819,1.485));
#14357 = VECTOR('',#14358,1.);
#14358 = DIRECTION('',(0.999995591212,-2.969437010185E-03,0.));
#14359 = ORIENTED_EDGE('',*,*,#14360,.T.);
#14360 = EDGE_CURVE('',#14353,#14361,#14363,.T.);
#14361 = VERTEX_POINT('',#14362);
#14362 = CARTESIAN_POINT('',(145.410195,-96.940078,1.485));
#14363 = LINE('',#14364,#14365);
#14364 = CARTESIAN_POINT('',(145.233075,-96.880548,1.485));
#14365 = VECTOR('',#14366,1.);
#14366 = DIRECTION('',(0.947893661994,-0.318586888542,0.));
#14367 = ORIENTED_EDGE('',*,*,#14368,.T.);
#14368 = EDGE_CURVE('',#14361,#14369,#14371,.T.);
#14369 = VERTEX_POINT('',#14370);
#14370 = CARTESIAN_POINT('',(145.526884,-97.05784,1.485));
#14371 = LINE('',#14372,#14373);
#14372 = CARTESIAN_POINT('',(145.410195,-96.940078,1.485));
#14373 = VECTOR('',#14374,1.);
#14374 = DIRECTION('',(0.703863230025,-0.710335521721,0.));
#14375 = ORIENTED_EDGE('',*,*,#14376,.T.);
#14376 = EDGE_CURVE('',#14369,#14377,#14379,.T.);
#14377 = VERTEX_POINT('',#14378);
#14378 = CARTESIAN_POINT('',(145.584145,-97.174724,1.485));
#14379 = LINE('',#14380,#14381);
#14380 = CARTESIAN_POINT('',(145.526884,-97.05784,1.485));
#14381 = VECTOR('',#14382,1.);
#14382 = DIRECTION('',(0.439939908708,-0.8980272138,0.));
#14383 = ORIENTED_EDGE('',*,*,#14384,.T.);
#14384 = EDGE_CURVE('',#14377,#14385,#14387,.T.);
#14385 = VERTEX_POINT('',#14386);
#14386 = CARTESIAN_POINT('',(145.634003,-97.38339,1.485));
#14387 = LINE('',#14388,#14389);
#14388 = CARTESIAN_POINT('',(145.584145,-97.174724,1.485));
#14389 = VECTOR('',#14390,1.);
#14390 = DIRECTION('',(0.232395123349,-0.972621461126,0.));
#14391 = ORIENTED_EDGE('',*,*,#14392,.T.);
#14392 = EDGE_CURVE('',#14385,#14393,#14395,.T.);
#14393 = VERTEX_POINT('',#14394);
#14394 = CARTESIAN_POINT('',(145.631764,-97.544437,1.485));
#14395 = LINE('',#14396,#14397);
#14396 = CARTESIAN_POINT('',(145.634003,-97.38339,1.485));
#14397 = VECTOR('',#14398,1.);
#14398 = DIRECTION('',(-1.390143030568E-02,-0.999903370449,0.));
#14399 = ORIENTED_EDGE('',*,*,#14400,.T.);
#14400 = EDGE_CURVE('',#14393,#14401,#14403,.T.);
#14401 = VERTEX_POINT('',#14402);
#14402 = CARTESIAN_POINT('',(145.578466,-97.750264,1.485));
#14403 = LINE('',#14404,#14405);
#14404 = CARTESIAN_POINT('',(145.631764,-97.544437,1.485));
#14405 = VECTOR('',#14406,1.);
#14406 = DIRECTION('',(-0.250677645339,-0.968070616292,0.));
#14407 = ORIENTED_EDGE('',*,*,#14408,.T.);
#14408 = EDGE_CURVE('',#14401,#14409,#14411,.T.);
#14409 = VERTEX_POINT('',#14410);
#14410 = CARTESIAN_POINT('',(145.521516,-97.859244,1.485));
#14411 = LINE('',#14412,#14413);
#14412 = CARTESIAN_POINT('',(145.578466,-97.750264,1.485));
#14413 = VECTOR('',#14414,1.);
#14414 = DIRECTION('',(-0.463146784147,-0.886281589752,0.));
#14415 = ORIENTED_EDGE('',*,*,#14416,.T.);
#14416 = EDGE_CURVE('',#14409,#14417,#14419,.T.);
#14417 = VERTEX_POINT('',#14418);
#14418 = CARTESIAN_POINT('',(145.405669,-97.972357,1.485));
#14419 = LINE('',#14420,#14421);
#14420 = CARTESIAN_POINT('',(145.521516,-97.859244,1.485));
#14421 = VECTOR('',#14422,1.);
#14422 = DIRECTION('',(-0.715499299798,-0.698613449619,0.));
#14423 = ORIENTED_EDGE('',*,*,#14424,.T.);
#14424 = EDGE_CURVE('',#14417,#14425,#14427,.T.);
#14425 = VERTEX_POINT('',#14426);
#14426 = CARTESIAN_POINT('',(145.233075,-98.029089,1.485));
#14427 = LINE('',#14428,#14429);
#14428 = CARTESIAN_POINT('',(145.405669,-97.972357,1.485));
#14429 = VECTOR('',#14430,1.);
#14430 = DIRECTION('',(-0.949994945594,-0.312265277202,0.));
#14431 = ORIENTED_EDGE('',*,*,#14432,.T.);
#14432 = EDGE_CURVE('',#14425,#14433,#14435,.T.);
#14433 = VERTEX_POINT('',#14434);
#14434 = CARTESIAN_POINT('',(144.972943,-98.028378,1.485));
#14435 = LINE('',#14436,#14437);
#14436 = CARTESIAN_POINT('',(145.233075,-98.029089,1.485));
#14437 = VECTOR('',#14438,1.);
#14438 = DIRECTION('',(-0.999996264754,2.733217536618E-03,0.));
#14439 = ORIENTED_EDGE('',*,*,#14440,.T.);
#14440 = EDGE_CURVE('',#14433,#14441,#14443,.T.);
#14441 = VERTEX_POINT('',#14442);
#14442 = CARTESIAN_POINT('',(144.912575,-97.954819,1.485));
#14443 = CIRCLE('',#14444,7.500074938992E-02);
#14444 = AXIS2_PLACEMENT_3D('',#14445,#14446,#14447);
#14445 = CARTESIAN_POINT('',(144.98757574938,-97.95481853389,1.485));
#14446 = DIRECTION('',(0.,0.,-1.));
#14447 = DIRECTION('',(-0.195101375753,-0.980783081613,-0.));
#14448 = ORIENTED_EDGE('',*,*,#14449,.T.);
#14449 = EDGE_CURVE('',#14441,#14342,#14450,.T.);
#14450 = LINE('',#14451,#14452);
#14451 = CARTESIAN_POINT('',(144.912575,-97.954819,1.485));
#14452 = VECTOR('',#14453,1.);
#14453 = DIRECTION('',(1.420217918158E-03,0.99999899149,0.));
#14454 = FACE_BOUND('',#14455,.F.);
#14455 = EDGE_LOOP('',(#14456,#14466,#14474,#14482,#14490,#14498,#14506,
    #14515,#14523,#14531));
#14456 = ORIENTED_EDGE('',*,*,#14457,.T.);
#14457 = EDGE_CURVE('',#14458,#14460,#14462,.T.);
#14458 = VERTEX_POINT('',#14459);
#14459 = CARTESIAN_POINT('',(145.328013,-97.06799,1.485));
#14460 = VERTEX_POINT('',#14461);
#14461 = CARTESIAN_POINT('',(145.2135,-97.029819,1.485));
#14462 = LINE('',#14463,#14464);
#14463 = CARTESIAN_POINT('',(145.328013,-97.06799,1.485));
#14464 = VECTOR('',#14465,1.);
#14465 = DIRECTION('',(-0.948683298051,0.316227766017,0.));
#14466 = ORIENTED_EDGE('',*,*,#14467,.T.);
#14467 = EDGE_CURVE('',#14460,#14468,#14470,.T.);
#14468 = VERTEX_POINT('',#14469);
#14469 = CARTESIAN_POINT('',(145.062575,-97.029819,1.485));
#14470 = LINE('',#14471,#14472);
#14471 = CARTESIAN_POINT('',(145.2135,-97.029819,1.485));
#14472 = VECTOR('',#14473,1.);
#14473 = DIRECTION('',(-1.,0.,0.));
#14474 = ORIENTED_EDGE('',*,*,#14475,.T.);
#14475 = EDGE_CURVE('',#14468,#14476,#14478,.T.);
#14476 = VERTEX_POINT('',#14477);
#14477 = CARTESIAN_POINT('',(145.062575,-97.879819,1.485));
#14478 = LINE('',#14479,#14480);
#14479 = CARTESIAN_POINT('',(145.062575,-97.029819,1.485));
#14480 = VECTOR('',#14481,1.);
#14481 = DIRECTION('',(0.,-1.,0.));
#14482 = ORIENTED_EDGE('',*,*,#14483,.T.);
#14483 = EDGE_CURVE('',#14476,#14484,#14486,.T.);
#14484 = VERTEX_POINT('',#14485);
#14485 = CARTESIAN_POINT('',(145.2135,-97.879819,1.485));
#14486 = LINE('',#14487,#14488);
#14487 = CARTESIAN_POINT('',(145.062575,-97.879819,1.485));
#14488 = VECTOR('',#14489,1.);
#14489 = DIRECTION('',(1.,0.,0.));
#14490 = ORIENTED_EDGE('',*,*,#14491,.T.);
#14491 = EDGE_CURVE('',#14484,#14492,#14494,.T.);
#14492 = VERTEX_POINT('',#14493);
#14493 = CARTESIAN_POINT('',(145.328013,-97.841647,1.485));
#14494 = LINE('',#14495,#14496);
#14495 = CARTESIAN_POINT('',(145.2135,-97.879819,1.485));
#14496 = VECTOR('',#14497,1.);
#14497 = DIRECTION('',(0.948680812677,0.31623522204,0.));
#14498 = ORIENTED_EDGE('',*,*,#14499,.T.);
#14499 = EDGE_CURVE('',#14492,#14500,#14502,.T.);
#14500 = VERTEX_POINT('',#14501);
#14501 = CARTESIAN_POINT('',(145.402125,-97.767534,1.485));
#14502 = LINE('',#14503,#14504);
#14503 = CARTESIAN_POINT('',(145.328013,-97.841647,1.485));
#14504 = VECTOR('',#14505,1.);
#14505 = DIRECTION('',(0.707102010674,0.707111551666,0.));
#14506 = ORIENTED_EDGE('',*,*,#14507,.T.);
#14507 = EDGE_CURVE('',#14500,#14508,#14510,.T.);
#14508 = VERTEX_POINT('',#14509);
#14509 = CARTESIAN_POINT('',(145.484003,-97.392624,1.485));
#14510 = CIRCLE('',#14511,0.611719141131);
#14511 = AXIS2_PLACEMENT_3D('',#14512,#14513,#14514);
#14512 = CARTESIAN_POINT('',(144.87559096224,-97.45614643649,1.485));
#14513 = DIRECTION('',(0.,0.,1.));
#14514 = DIRECTION('',(0.860744747637,-0.509036815383,0.));
#14515 = ORIENTED_EDGE('',*,*,#14516,.T.);
#14516 = EDGE_CURVE('',#14508,#14517,#14519,.T.);
#14517 = VERTEX_POINT('',#14518);
#14518 = CARTESIAN_POINT('',(145.440619,-97.21909,1.485));
#14519 = LINE('',#14520,#14521);
#14520 = CARTESIAN_POINT('',(145.484003,-97.392624,1.485));
#14521 = VECTOR('',#14522,1.);
#14522 = DIRECTION('',(-0.242538255859,0.970141842436,0.));
#14523 = ORIENTED_EDGE('',*,*,#14524,.T.);
#14524 = EDGE_CURVE('',#14517,#14525,#14527,.T.);
#14525 = VERTEX_POINT('',#14526);
#14526 = CARTESIAN_POINT('',(145.402126,-97.142103,1.485));
#14527 = LINE('',#14528,#14529);
#14528 = CARTESIAN_POINT('',(145.440619,-97.21909,1.485));
#14529 = VECTOR('',#14530,1.);
#14530 = DIRECTION('',(-0.447208948322,0.894429514574,0.));
#14531 = ORIENTED_EDGE('',*,*,#14532,.T.);
#14532 = EDGE_CURVE('',#14525,#14458,#14533,.T.);
#14533 = LINE('',#14534,#14535);
#14534 = CARTESIAN_POINT('',(145.402126,-97.142103,1.485));
#14535 = VECTOR('',#14536,1.);
#14536 = DIRECTION('',(-0.707106781187,0.707106781187,0.));
#14537 = PLANE('',#14538);
#14538 = AXIS2_PLACEMENT_3D('',#14539,#14540,#14541);
#14539 = CARTESIAN_POINT('',(0.,0.,1.485));
#14540 = DIRECTION('',(0.,0.,1.));
#14541 = DIRECTION('',(1.,0.,-0.));
#14542 = SHELL_BASED_SURFACE_MODEL('',(#14543));
#14543 = OPEN_SHELL('',(#14544));
#14544 = ADVANCED_FACE('',(#14545),#14825,.T.);
#14545 = FACE_BOUND('',#14546,.F.);
#14546 = EDGE_LOOP('',(#14547,#14557,#14565,#14573,#14582,#14590,#14599,
    #14607,#14615,#14623,#14631,#14640,#14648,#14656,#14664,#14673,
    #14681,#14689,#14697,#14706,#14714,#14723,#14731,#14739,#14747,
    #14755,#14763,#14771,#14779,#14787,#14795,#14803,#14811,#14819));
#14547 = ORIENTED_EDGE('',*,*,#14548,.T.);
#14548 = EDGE_CURVE('',#14549,#14551,#14553,.T.);
#14549 = VERTEX_POINT('',#14550);
#14550 = CARTESIAN_POINT('',(139.924305,-93.574812,1.485));
#14551 = VERTEX_POINT('',#14552);
#14552 = CARTESIAN_POINT('',(140.006588,-93.495751,1.485));
#14553 = LINE('',#14554,#14555);
#14554 = CARTESIAN_POINT('',(139.924305,-93.574812,1.485));
#14555 = VECTOR('',#14556,1.);
#14556 = DIRECTION('',(0.721083763151,0.692847895659,0.));
#14557 = ORIENTED_EDGE('',*,*,#14558,.T.);
#14558 = EDGE_CURVE('',#14551,#14559,#14561,.T.);
#14559 = VERTEX_POINT('',#14560);
#14560 = CARTESIAN_POINT('',(140.141654,-93.451076,1.485));
#14561 = LINE('',#14562,#14563);
#14562 = CARTESIAN_POINT('',(140.006588,-93.495751,1.485));
#14563 = VECTOR('',#14564,1.);
#14564 = DIRECTION('',(0.949412502971,0.31403168503,0.));
#14565 = ORIENTED_EDGE('',*,*,#14566,.T.);
#14566 = EDGE_CURVE('',#14559,#14567,#14569,.T.);
#14567 = VERTEX_POINT('',#14568);
#14568 = CARTESIAN_POINT('',(140.253008,-93.451572,1.485));
#14569 = LINE('',#14570,#14571);
#14570 = CARTESIAN_POINT('',(140.141654,-93.451076,1.485));
#14571 = VECTOR('',#14572,1.);
#14572 = DIRECTION('',(0.999990079918,-4.454218794455E-03,0.));
#14573 = ORIENTED_EDGE('',*,*,#14574,.T.);
#14574 = EDGE_CURVE('',#14567,#14575,#14577,.T.);
#14575 = VERTEX_POINT('',#14576);
#14576 = CARTESIAN_POINT('',(140.36146,-93.504878,1.485));
#14577 = CIRCLE('',#14578,0.229927105589);
#14578 = AXIS2_PLACEMENT_3D('',#14579,#14580,#14581);
#14579 = CARTESIAN_POINT('',(140.20937491609,-93.67732103736,1.485));
#14580 = DIRECTION('',(0.,0.,-1.));
#14581 = DIRECTION('',(0.189769204446,0.98182872694,0.));
#14582 = ORIENTED_EDGE('',*,*,#14583,.T.);
#14583 = EDGE_CURVE('',#14575,#14584,#14586,.T.);
#14584 = VERTEX_POINT('',#14585);
#14585 = CARTESIAN_POINT('',(140.373755,-93.541764,1.485));
#14586 = LINE('',#14587,#14588);
#14587 = CARTESIAN_POINT('',(140.36146,-93.504878,1.485));
#14588 = VECTOR('',#14589,1.);
#14589 = DIRECTION('',(0.316220050186,-0.948685869959,0.));
#14590 = ORIENTED_EDGE('',*,*,#14591,.T.);
#14591 = EDGE_CURVE('',#14584,#14592,#14594,.T.);
#14592 = VERTEX_POINT('',#14593);
#14593 = CARTESIAN_POINT('',(140.300364,-93.583599,1.485));
#14594 = CIRCLE('',#14595,5.080042659299E-02);
#14595 = AXIS2_PLACEMENT_3D('',#14596,#14597,#14598);
#14596 = CARTESIAN_POINT('',(140.3230824606,-93.53816162672,1.485));
#14597 = DIRECTION('',(0.,0.,-1.));
#14598 = DIRECTION('',(0.997482556633,-7.091226419013E-02,0.));
#14599 = ORIENTED_EDGE('',*,*,#14600,.T.);
#14600 = EDGE_CURVE('',#14592,#14601,#14603,.T.);
#14601 = VERTEX_POINT('',#14602);
#14602 = CARTESIAN_POINT('',(140.238519,-93.552676,1.485));
#14603 = LINE('',#14604,#14605);
#14604 = CARTESIAN_POINT('',(140.300364,-93.583599,1.485));
#14605 = VECTOR('',#14606,1.);
#14606 = DIRECTION('',(-0.89442429851,0.447219380432,0.));
#14607 = ORIENTED_EDGE('',*,*,#14608,.T.);
#14608 = EDGE_CURVE('',#14601,#14609,#14611,.T.);
#14609 = VERTEX_POINT('',#14610);
#14610 = CARTESIAN_POINT('',(140.149897,-93.552676,1.485));
#14611 = LINE('',#14612,#14613);
#14612 = CARTESIAN_POINT('',(140.238519,-93.552676,1.485));
#14613 = VECTOR('',#14614,1.);
#14614 = DIRECTION('',(-1.,0.,0.));
#14615 = ORIENTED_EDGE('',*,*,#14616,.T.);
#14616 = EDGE_CURVE('',#14609,#14617,#14619,.T.);
#14617 = VERTEX_POINT('',#14618);
#14618 = CARTESIAN_POINT('',(140.060238,-93.582562,1.485));
#14619 = LINE('',#14620,#14621);
#14620 = CARTESIAN_POINT('',(140.149897,-93.552676,1.485));
#14621 = VECTOR('',#14622,1.);
#14622 = DIRECTION('',(-0.948684356148,-0.316224591707,0.));
#14623 = ORIENTED_EDGE('',*,*,#14624,.T.);
#14624 = EDGE_CURVE('',#14617,#14625,#14627,.T.);
#14625 = VERTEX_POINT('',#14626);
#14626 = CARTESIAN_POINT('',(140.001976,-93.640825,1.485));
#14627 = LINE('',#14628,#14629);
#14628 = CARTESIAN_POINT('',(140.060238,-93.582562,1.485));
#14629 = VECTOR('',#14630,1.);
#14630 = DIRECTION('',(-0.707100712876,-0.707112849445,0.));
#14631 = ORIENTED_EDGE('',*,*,#14632,.T.);
#14632 = EDGE_CURVE('',#14625,#14633,#14635,.T.);
#14633 = VERTEX_POINT('',#14634);
#14634 = CARTESIAN_POINT('',(139.938454,-93.931051,1.485));
#14635 = CIRCLE('',#14636,0.473107682533);
#14636 = AXIS2_PLACEMENT_3D('',#14637,#14638,#14639);
#14637 = CARTESIAN_POINT('',(140.40900968861,-93.88197734936,1.485));
#14638 = DIRECTION('',(0.,0.,1.));
#14639 = DIRECTION('',(-0.860340475625,0.509719791651,0.));
#14640 = ORIENTED_EDGE('',*,*,#14641,.T.);
#14641 = EDGE_CURVE('',#14633,#14642,#14644,.T.);
#14642 = VERTEX_POINT('',#14643);
#14643 = CARTESIAN_POINT('',(139.971869,-94.064714,1.485));
#14644 = LINE('',#14645,#14646);
#14645 = CARTESIAN_POINT('',(139.938454,-93.931051,1.485));
#14646 = VECTOR('',#14647,1.);
#14647 = DIRECTION('',(0.242530501645,-0.970143780979,0.));
#14648 = ORIENTED_EDGE('',*,*,#14649,.T.);
#14649 = EDGE_CURVE('',#14642,#14650,#14652,.T.);
#14650 = VERTEX_POINT('',#14651);
#14651 = CARTESIAN_POINT('',(140.001976,-94.124928,1.485));
#14652 = LINE('',#14653,#14654);
#14653 = CARTESIAN_POINT('',(139.971869,-94.064714,1.485));
#14654 = VECTOR('',#14655,1.);
#14655 = DIRECTION('',(0.4472135955,-0.894427191,0.));
#14656 = ORIENTED_EDGE('',*,*,#14657,.T.);
#14657 = EDGE_CURVE('',#14650,#14658,#14660,.T.);
#14658 = VERTEX_POINT('',#14659);
#14659 = CARTESIAN_POINT('',(140.060238,-94.18319,1.485));
#14660 = LINE('',#14661,#14662);
#14661 = CARTESIAN_POINT('',(140.001976,-94.124928,1.485));
#14662 = VECTOR('',#14663,1.);
#14663 = DIRECTION('',(0.707106781186,-0.707106781187,0.));
#14664 = ORIENTED_EDGE('',*,*,#14665,.T.);
#14665 = EDGE_CURVE('',#14658,#14666,#14668,.T.);
#14666 = VERTEX_POINT('',#14667);
#14667 = CARTESIAN_POINT('',(140.295641,-94.18319,1.485));
#14668 = CIRCLE('',#14669,0.235238872812);
#14669 = AXIS2_PLACEMENT_3D('',#14670,#14671,#14672);
#14670 = CARTESIAN_POINT('',(140.1779395,-93.97951456166,1.485));
#14671 = DIRECTION('',(0.,0.,1.));
#14672 = DIRECTION('',(-0.500348852181,-0.865823900179,0.));
#14673 = ORIENTED_EDGE('',*,*,#14674,.T.);
#14674 = EDGE_CURVE('',#14666,#14675,#14677,.T.);
#14675 = VERTEX_POINT('',#14676);
#14676 = CARTESIAN_POINT('',(140.308569,-94.170263,1.485));
#14677 = LINE('',#14678,#14679);
#14678 = CARTESIAN_POINT('',(140.295641,-94.18319,1.485));
#14679 = VECTOR('',#14680,1.);
#14680 = DIRECTION('',(0.707134129596,0.707079431719,0.));
#14681 = ORIENTED_EDGE('',*,*,#14682,.T.);
#14682 = EDGE_CURVE('',#14675,#14683,#14685,.T.);
#14683 = VERTEX_POINT('',#14684);
#14684 = CARTESIAN_POINT('',(140.308569,-93.988105,1.485));
#14685 = LINE('',#14686,#14687);
#14686 = CARTESIAN_POINT('',(140.308569,-94.170263,1.485));
#14687 = VECTOR('',#14688,1.);
#14688 = DIRECTION('',(0.,1.,0.));
#14689 = ORIENTED_EDGE('',*,*,#14690,.T.);
#14690 = EDGE_CURVE('',#14683,#14691,#14693,.T.);
#14691 = VERTEX_POINT('',#14692);
#14692 = CARTESIAN_POINT('',(140.214226,-93.988105,1.485));
#14693 = LINE('',#14694,#14695);
#14694 = CARTESIAN_POINT('',(140.308569,-93.988105,1.485));
#14695 = VECTOR('',#14696,1.);
#14696 = DIRECTION('',(-1.,0.,0.));
#14697 = ORIENTED_EDGE('',*,*,#14698,.T.);
#14698 = EDGE_CURVE('',#14691,#14699,#14701,.T.);
#14699 = VERTEX_POINT('',#14700);
#14700 = CARTESIAN_POINT('',(140.214226,-93.886505,1.485));
#14701 = CIRCLE('',#14702,5.080000000045E-02);
#14702 = AXIS2_PLACEMENT_3D('',#14703,#14704,#14705);
#14703 = CARTESIAN_POINT('',(140.21422621212,-93.937305,1.485));
#14704 = DIRECTION('',(0.,0.,-1.));
#14705 = DIRECTION('',(-4.175621318494E-06,-0.999999999991,-0.));
#14706 = ORIENTED_EDGE('',*,*,#14707,.T.);
#14707 = EDGE_CURVE('',#14699,#14708,#14710,.T.);
#14708 = VERTEX_POINT('',#14709);
#14709 = CARTESIAN_POINT('',(140.359369,-93.886505,1.485));
#14710 = LINE('',#14711,#14712);
#14711 = CARTESIAN_POINT('',(140.214226,-93.886505,1.485));
#14712 = VECTOR('',#14713,1.);
#14713 = DIRECTION('',(1.,0.,0.));
#14714 = ORIENTED_EDGE('',*,*,#14715,.T.);
#14715 = EDGE_CURVE('',#14708,#14716,#14718,.T.);
#14716 = VERTEX_POINT('',#14717);
#14717 = CARTESIAN_POINT('',(140.410169,-93.937305,1.485));
#14718 = CIRCLE('',#14719,5.080063928357E-02);
#14719 = AXIS2_PLACEMENT_3D('',#14720,#14721,#14722);
#14720 = CARTESIAN_POINT('',(140.35936836072,-93.93730563928,1.485));
#14721 = DIRECTION('',(0.,0.,-1.));
#14722 = DIRECTION('',(1.2584084437E-05,0.999999999921,0.));
#14723 = ORIENTED_EDGE('',*,*,#14724,.T.);
#14724 = EDGE_CURVE('',#14716,#14725,#14727,.T.);
#14725 = VERTEX_POINT('',#14726);
#14726 = CARTESIAN_POINT('',(140.410169,-94.191305,1.485));
#14727 = LINE('',#14728,#14729);
#14728 = CARTESIAN_POINT('',(140.410169,-93.937305,1.485));
#14729 = VECTOR('',#14730,1.);
#14730 = DIRECTION('',(0.,-1.,0.));
#14731 = ORIENTED_EDGE('',*,*,#14732,.T.);
#14732 = EDGE_CURVE('',#14725,#14733,#14735,.T.);
#14733 = VERTEX_POINT('',#14734);
#14734 = CARTESIAN_POINT('',(140.406302,-94.210746,1.485));
#14735 = LINE('',#14736,#14737);
#14736 = CARTESIAN_POINT('',(140.410169,-94.191305,1.485));
#14737 = VECTOR('',#14738,1.);
#14738 = DIRECTION('',(-0.195087636687,-0.980785814545,0.));
#14739 = ORIENTED_EDGE('',*,*,#14740,.T.);
#14740 = EDGE_CURVE('',#14733,#14741,#14743,.T.);
#14741 = VERTEX_POINT('',#14742);
#14742 = CARTESIAN_POINT('',(140.356367,-94.265968,1.485));
#14743 = LINE('',#14744,#14745);
#14744 = CARTESIAN_POINT('',(140.406302,-94.210746,1.485));
#14745 = VECTOR('',#14746,1.);
#14746 = DIRECTION('',(-0.670708256675,-0.741721264646,0.));
#14747 = ORIENTED_EDGE('',*,*,#14748,.T.);
#14748 = EDGE_CURVE('',#14741,#14749,#14751,.T.);
#14749 = VERTEX_POINT('',#14750);
#14750 = CARTESIAN_POINT('',(140.339147,-94.275784,1.485));
#14751 = LINE('',#14752,#14753);
#14752 = CARTESIAN_POINT('',(140.356367,-94.265968,1.485));
#14753 = VECTOR('',#14754,1.);
#14754 = DIRECTION('',(-0.86876424687,-0.495225891247,0.));
#14755 = ORIENTED_EDGE('',*,*,#14756,.T.);
#14756 = EDGE_CURVE('',#14749,#14757,#14759,.T.);
#14757 = VERTEX_POINT('',#14758);
#14758 = CARTESIAN_POINT('',(140.214226,-94.314676,1.485));
#14759 = LINE('',#14760,#14761);
#14760 = CARTESIAN_POINT('',(140.339147,-94.275784,1.485));
#14761 = VECTOR('',#14762,1.);
#14762 = DIRECTION('',(-0.954796726193,-0.297259502206,0.));
#14763 = ORIENTED_EDGE('',*,*,#14764,.T.);
#14764 = EDGE_CURVE('',#14757,#14765,#14767,.T.);
#14765 = VERTEX_POINT('',#14766);
#14766 = CARTESIAN_POINT('',(140.12559,-94.312069,1.485));
#14767 = LINE('',#14768,#14769);
#14768 = CARTESIAN_POINT('',(140.214226,-94.314676,1.485));
#14769 = VECTOR('',#14770,1.);
#14770 = DIRECTION('',(-0.99956773497,2.939971439459E-02,0.));
#14771 = ORIENTED_EDGE('',*,*,#14772,.T.);
#14772 = EDGE_CURVE('',#14765,#14773,#14775,.T.);
#14773 = VERTEX_POINT('',#14774);
#14774 = CARTESIAN_POINT('',(140.006581,-94.269997,1.485));
#14775 = LINE('',#14776,#14777);
#14776 = CARTESIAN_POINT('',(140.12559,-94.312069,1.485));
#14777 = VECTOR('',#14778,1.);
#14778 = DIRECTION('',(-0.942819088334,0.333304915464,0.));
#14779 = ORIENTED_EDGE('',*,*,#14780,.T.);
#14780 = EDGE_CURVE('',#14773,#14781,#14783,.T.);
#14781 = VERTEX_POINT('',#14782);
#14782 = CARTESIAN_POINT('',(139.914789,-94.177738,1.485));
#14783 = LINE('',#14784,#14785);
#14784 = CARTESIAN_POINT('',(140.006581,-94.269997,1.485));
#14785 = VECTOR('',#14786,1.);
#14786 = DIRECTION('',(-0.705310340305,0.708898669669,0.));
#14787 = ORIENTED_EDGE('',*,*,#14788,.T.);
#14788 = EDGE_CURVE('',#14781,#14789,#14791,.T.);
#14789 = VERTEX_POINT('',#14790);
#14790 = CARTESIAN_POINT('',(139.874657,-94.094769,1.485));
#14791 = LINE('',#14792,#14793);
#14792 = CARTESIAN_POINT('',(139.914789,-94.177738,1.485));
#14793 = VECTOR('',#14794,1.);
#14794 = DIRECTION('',(-0.435435288022,0.900220034184,0.));
#14795 = ORIENTED_EDGE('',*,*,#14796,.T.);
#14796 = EDGE_CURVE('',#14789,#14797,#14799,.T.);
#14797 = VERTEX_POINT('',#14798);
#14798 = CARTESIAN_POINT('',(139.836854,-93.937305,1.485));
#14799 = LINE('',#14800,#14801);
#14800 = CARTESIAN_POINT('',(139.874657,-94.094769,1.485));
#14801 = VECTOR('',#14802,1.);
#14802 = DIRECTION('',(-0.233440916425,0.972370988121,0.));
#14803 = ORIENTED_EDGE('',*,*,#14804,.T.);
#14804 = EDGE_CURVE('',#14797,#14805,#14807,.T.);
#14805 = VERTEX_POINT('',#14806);
#14806 = CARTESIAN_POINT('',(139.838371,-93.816127,1.485));
#14807 = LINE('',#14808,#14809);
#14808 = CARTESIAN_POINT('',(139.836854,-93.937305,1.485));
#14809 = VECTOR('',#14810,1.);
#14810 = DIRECTION('',(1.251779318096E-02,0.999921649358,0.));
#14811 = ORIENTED_EDGE('',*,*,#14812,.T.);
#14812 = EDGE_CURVE('',#14805,#14813,#14815,.T.);
#14813 = VERTEX_POINT('',#14814);
#14814 = CARTESIAN_POINT('',(139.878503,-93.660587,1.485));
#14815 = LINE('',#14816,#14817);
#14816 = CARTESIAN_POINT('',(139.838371,-93.816127,1.485));
#14817 = VECTOR('',#14818,1.);
#14818 = DIRECTION('',(0.249835091305,0.968288400815,0.));
#14819 = ORIENTED_EDGE('',*,*,#14820,.T.);
#14820 = EDGE_CURVE('',#14813,#14549,#14821,.T.);
#14821 = LINE('',#14822,#14823);
#14822 = CARTESIAN_POINT('',(139.878503,-93.660587,1.485));
#14823 = VECTOR('',#14824,1.);
#14824 = DIRECTION('',(0.471031209661,0.882116545319,0.));
#14825 = PLANE('',#14826);
#14826 = AXIS2_PLACEMENT_3D('',#14827,#14828,#14829);
#14827 = CARTESIAN_POINT('',(0.,0.,1.485));
#14828 = DIRECTION('',(0.,0.,1.));
#14829 = DIRECTION('',(1.,0.,-0.));
#14830 = SHELL_BASED_SURFACE_MODEL('',(#14831));
#14831 = OPEN_SHELL('',(#14832));
#14832 = ADVANCED_FACE('',(#14833,#14949),#15032,.T.);
#14833 = FACE_BOUND('',#14834,.F.);
#14834 = EDGE_LOOP('',(#14835,#14846,#14854,#14862,#14870,#14878,#14886,
    #14894,#14902,#14910,#14918,#14926,#14934,#14943));
#14835 = ORIENTED_EDGE('',*,*,#14836,.T.);
#14836 = EDGE_CURVE('',#14837,#14839,#14841,.T.);
#14837 = VERTEX_POINT('',#14838);
#14838 = CARTESIAN_POINT('',(141.433426,-93.501876,1.485));
#14839 = VERTEX_POINT('',#14840);
#14840 = CARTESIAN_POINT('',(141.484226,-93.451076,1.485));
#14841 = CIRCLE('',#14842,5.080063928357E-02);
#14842 = AXIS2_PLACEMENT_3D('',#14843,#14844,#14845);
#14843 = CARTESIAN_POINT('',(141.48422663928,-93.50187663928,1.485));
#14844 = DIRECTION('',(0.,0.,-1.));
#14845 = DIRECTION('',(-0.999999999921,1.258408499648E-05,0.));
#14846 = ORIENTED_EDGE('',*,*,#14847,.T.);
#14847 = EDGE_CURVE('',#14839,#14848,#14850,.T.);
#14848 = VERTEX_POINT('',#14849);
#14849 = CARTESIAN_POINT('',(141.673641,-93.452664,1.485));
#14850 = LINE('',#14851,#14852);
#14851 = CARTESIAN_POINT('',(141.484226,-93.451076,1.485));
#14852 = VECTOR('',#14853,1.);
#14853 = DIRECTION('',(0.999964858575,-8.383413116252E-03,0.));
#14854 = ORIENTED_EDGE('',*,*,#14855,.T.);
#14855 = EDGE_CURVE('',#14848,#14856,#14858,.T.);
#14856 = VERTEX_POINT('',#14857);
#14857 = CARTESIAN_POINT('',(141.800723,-93.495753,1.485));
#14858 = LINE('',#14859,#14860);
#14859 = CARTESIAN_POINT('',(141.673641,-93.452664,1.485));
#14860 = VECTOR('',#14861,1.);
#14861 = DIRECTION('',(0.947042412297,-0.321108500838,0.));
#14862 = ORIENTED_EDGE('',*,*,#14863,.T.);
#14863 = EDGE_CURVE('',#14856,#14864,#14866,.T.);
#14864 = VERTEX_POINT('',#14865);
#14865 = CARTESIAN_POINT('',(141.89252,-93.588015,1.485));
#14866 = LINE('',#14867,#14868);
#14867 = CARTESIAN_POINT('',(141.800723,-93.495753,1.485));
#14868 = VECTOR('',#14869,1.);
#14869 = DIRECTION('',(0.705318121343,-0.708890927932,0.));
#14870 = ORIENTED_EDGE('',*,*,#14871,.T.);
#14871 = EDGE_CURVE('',#14864,#14872,#14874,.T.);
#14872 = VERTEX_POINT('',#14873);
#14873 = CARTESIAN_POINT('',(141.932652,-93.670984,1.485));
#14874 = LINE('',#14875,#14876);
#14875 = CARTESIAN_POINT('',(141.89252,-93.588015,1.485));
#14876 = VECTOR('',#14877,1.);
#14877 = DIRECTION('',(0.435435288022,-0.900220034184,0.));
#14878 = ORIENTED_EDGE('',*,*,#14879,.T.);
#14879 = EDGE_CURVE('',#14872,#14880,#14882,.T.);
#14880 = VERTEX_POINT('',#14881);
#14881 = CARTESIAN_POINT('',(141.970455,-93.828448,1.485));
#14882 = LINE('',#14883,#14884);
#14883 = CARTESIAN_POINT('',(141.932652,-93.670984,1.485));
#14884 = VECTOR('',#14885,1.);
#14885 = DIRECTION('',(0.233440916425,-0.972370988121,0.));
#14886 = ORIENTED_EDGE('',*,*,#14887,.T.);
#14887 = EDGE_CURVE('',#14880,#14888,#14890,.T.);
#14888 = VERTEX_POINT('',#14889);
#14889 = CARTESIAN_POINT('',(141.968938,-93.949626,1.485));
#14890 = LINE('',#14891,#14892);
#14891 = CARTESIAN_POINT('',(141.970455,-93.828448,1.485));
#14892 = VECTOR('',#14893,1.);
#14893 = DIRECTION('',(-1.251779318072E-02,-0.999921649358,0.));
#14894 = ORIENTED_EDGE('',*,*,#14895,.T.);
#14895 = EDGE_CURVE('',#14888,#14896,#14898,.T.);
#14896 = VERTEX_POINT('',#14897);
#14897 = CARTESIAN_POINT('',(141.928806,-94.105167,1.485));
#14898 = LINE('',#14899,#14900);
#14899 = CARTESIAN_POINT('',(141.968938,-93.949626,1.485));
#14900 = VECTOR('',#14901,1.);
#14901 = DIRECTION('',(-0.249833585328,-0.968288789382,0.));
#14902 = ORIENTED_EDGE('',*,*,#14903,.T.);
#14903 = EDGE_CURVE('',#14896,#14904,#14906,.T.);
#14904 = VERTEX_POINT('',#14905);
#14905 = CARTESIAN_POINT('',(141.883005,-94.190939,1.485));
#14906 = LINE('',#14907,#14908);
#14907 = CARTESIAN_POINT('',(141.928806,-94.105167,1.485));
#14908 = VECTOR('',#14909,1.);
#14909 = DIRECTION('',(-0.471036026702,-0.882113973106,0.));
#14910 = ORIENTED_EDGE('',*,*,#14911,.T.);
#14911 = EDGE_CURVE('',#14904,#14912,#14914,.T.);
#14912 = VERTEX_POINT('',#14913);
#14913 = CARTESIAN_POINT('',(141.800727,-94.269997,1.485));
#14914 = LINE('',#14915,#14916);
#14915 = CARTESIAN_POINT('',(141.883005,-94.190939,1.485));
#14916 = VECTOR('',#14917,1.);
#14917 = DIRECTION('',(-0.721075863443,-0.692856117213,0.));
#14918 = ORIENTED_EDGE('',*,*,#14919,.T.);
#14919 = EDGE_CURVE('',#14912,#14920,#14922,.T.);
#14920 = VERTEX_POINT('',#14921);
#14921 = CARTESIAN_POINT('',(141.665655,-94.314676,1.485));
#14922 = LINE('',#14923,#14924);
#14923 = CARTESIAN_POINT('',(141.800727,-94.269997,1.485));
#14924 = VECTOR('',#14925,1.);
#14925 = DIRECTION('',(-0.949408279307,-0.314044454152,0.));
#14926 = ORIENTED_EDGE('',*,*,#14927,.T.);
#14927 = EDGE_CURVE('',#14920,#14928,#14930,.T.);
#14928 = VERTEX_POINT('',#14929);
#14929 = CARTESIAN_POINT('',(141.484226,-94.314676,1.485));
#14930 = LINE('',#14931,#14932);
#14931 = CARTESIAN_POINT('',(141.665655,-94.314676,1.485));
#14932 = VECTOR('',#14933,1.);
#14933 = DIRECTION('',(-1.,0.,0.));
#14934 = ORIENTED_EDGE('',*,*,#14935,.T.);
#14935 = EDGE_CURVE('',#14928,#14936,#14938,.T.);
#14936 = VERTEX_POINT('',#14937);
#14937 = CARTESIAN_POINT('',(141.433426,-94.263876,1.485));
#14938 = CIRCLE('',#14939,5.080063928357E-02);
#14939 = AXIS2_PLACEMENT_3D('',#14940,#14941,#14942);
#14940 = CARTESIAN_POINT('',(141.48422663928,-94.26387536072,1.485));
#14941 = DIRECTION('',(0.,0.,-1.));
#14942 = DIRECTION('',(-1.2584084437E-05,-0.999999999921,-0.));
#14943 = ORIENTED_EDGE('',*,*,#14944,.T.);
#14944 = EDGE_CURVE('',#14936,#14837,#14945,.T.);
#14945 = LINE('',#14946,#14947);
#14946 = CARTESIAN_POINT('',(141.433426,-94.263876,1.485));
#14947 = VECTOR('',#14948,1.);
#14948 = DIRECTION('',(0.,1.,0.));
#14949 = FACE_BOUND('',#14950,.F.);
#14950 = EDGE_LOOP('',(#14951,#14961,#14969,#14977,#14985,#14993,#15001,
    #15010,#15018,#15026));
#14951 = ORIENTED_EDGE('',*,*,#14952,.T.);
#14952 = EDGE_CURVE('',#14953,#14955,#14957,.T.);
#14953 = VERTEX_POINT('',#14954);
#14954 = CARTESIAN_POINT('',(141.74707,-93.582562,1.485));
#14955 = VERTEX_POINT('',#14956);
#14956 = CARTESIAN_POINT('',(141.657411,-93.552676,1.485));
#14957 = LINE('',#14958,#14959);
#14958 = CARTESIAN_POINT('',(141.74707,-93.582562,1.485));
#14959 = VECTOR('',#14960,1.);
#14960 = DIRECTION('',(-0.948684356148,0.316224591707,0.));
#14961 = ORIENTED_EDGE('',*,*,#14962,.T.);
#14962 = EDGE_CURVE('',#14955,#14963,#14965,.T.);
#14963 = VERTEX_POINT('',#14964);
#14964 = CARTESIAN_POINT('',(141.535026,-93.552676,1.485));
#14965 = LINE('',#14966,#14967);
#14966 = CARTESIAN_POINT('',(141.657411,-93.552676,1.485));
#14967 = VECTOR('',#14968,1.);
#14968 = DIRECTION('',(-1.,0.,0.));
#14969 = ORIENTED_EDGE('',*,*,#14970,.T.);
#14970 = EDGE_CURVE('',#14963,#14971,#14973,.T.);
#14971 = VERTEX_POINT('',#14972);
#14972 = CARTESIAN_POINT('',(141.535026,-94.213076,1.485));
#14973 = LINE('',#14974,#14975);
#14974 = CARTESIAN_POINT('',(141.535026,-93.552676,1.485));
#14975 = VECTOR('',#14976,1.);
#14976 = DIRECTION('',(0.,-1.,0.));
#14977 = ORIENTED_EDGE('',*,*,#14978,.T.);
#14978 = EDGE_CURVE('',#14971,#14979,#14981,.T.);
#14979 = VERTEX_POINT('',#14980);
#14980 = CARTESIAN_POINT('',(141.657412,-94.213076,1.485));
#14981 = LINE('',#14982,#14983);
#14982 = CARTESIAN_POINT('',(141.535026,-94.213076,1.485));
#14983 = VECTOR('',#14984,1.);
#14984 = DIRECTION('',(1.,0.,0.));
#14985 = ORIENTED_EDGE('',*,*,#14986,.T.);
#14986 = EDGE_CURVE('',#14979,#14987,#14989,.T.);
#14987 = VERTEX_POINT('',#14988);
#14988 = CARTESIAN_POINT('',(141.74707,-94.18319,1.485));
#14989 = LINE('',#14990,#14991);
#14990 = CARTESIAN_POINT('',(141.657412,-94.213076,1.485));
#14991 = VECTOR('',#14992,1.);
#14992 = DIRECTION('',(0.948683298051,0.316227766017,0.));
#14993 = ORIENTED_EDGE('',*,*,#14994,.T.);
#14994 = EDGE_CURVE('',#14987,#14995,#14997,.T.);
#14995 = VERTEX_POINT('',#14996);
#14996 = CARTESIAN_POINT('',(141.805332,-94.124928,1.485));
#14997 = LINE('',#14998,#14999);
#14998 = CARTESIAN_POINT('',(141.74707,-94.18319,1.485));
#14999 = VECTOR('',#15000,1.);
#15000 = DIRECTION('',(0.707106781186,0.707106781187,0.));
#15001 = ORIENTED_EDGE('',*,*,#15002,.T.);
#15002 = EDGE_CURVE('',#14995,#15003,#15005,.T.);
#15003 = VERTEX_POINT('',#15004);
#15004 = CARTESIAN_POINT('',(141.868855,-93.834701,1.485));
#15005 = CIRCLE('',#15006,0.47312085255);
#15006 = AXIS2_PLACEMENT_3D('',#15007,#15008,#15009);
#15007 = CARTESIAN_POINT('',(141.39828569966,-93.88377109983,1.485));
#15008 = DIRECTION('',(0.,0.,1.));
#15009 = DIRECTION('',(0.860343183235,-0.509715221532,0.));
#15010 = ORIENTED_EDGE('',*,*,#15011,.T.);
#15011 = EDGE_CURVE('',#15003,#15012,#15014,.T.);
#15012 = VERTEX_POINT('',#15013);
#15013 = CARTESIAN_POINT('',(141.835438,-93.701036,1.485));
#15014 = LINE('',#15015,#15016);
#15015 = CARTESIAN_POINT('',(141.868855,-93.834701,1.485));
#15016 = VECTOR('',#15017,1.);
#15017 = DIRECTION('',(-0.24254074833,0.970141219307,0.));
#15018 = ORIENTED_EDGE('',*,*,#15019,.T.);
#15019 = EDGE_CURVE('',#15012,#15020,#15022,.T.);
#15020 = VERTEX_POINT('',#15021);
#15021 = CARTESIAN_POINT('',(141.805333,-93.640825,1.485));
#15022 = LINE('',#15023,#15024);
#15023 = CARTESIAN_POINT('',(141.835438,-93.701036,1.485));
#15024 = VECTOR('',#15025,1.);
#15025 = DIRECTION('',(-0.447207653519,0.894430161966,0.));
#15026 = ORIENTED_EDGE('',*,*,#15027,.T.);
#15027 = EDGE_CURVE('',#15020,#14953,#15028,.T.);
#15028 = LINE('',#15029,#15030);
#15029 = CARTESIAN_POINT('',(141.805333,-93.640825,1.485));
#15030 = VECTOR('',#15031,1.);
#15031 = DIRECTION('',(-0.707106781186,0.707106781187,0.));
#15032 = PLANE('',#15033);
#15033 = AXIS2_PLACEMENT_3D('',#15034,#15035,#15036);
#15034 = CARTESIAN_POINT('',(0.,0.,1.485));
#15035 = DIRECTION('',(0.,0.,1.));
#15036 = DIRECTION('',(1.,0.,-0.));
#15037 = SHELL_BASED_SURFACE_MODEL('',(#15038));
#15038 = OPEN_SHELL('',(#15039));
#15039 = ADVANCED_FACE('',(#15040),#15101,.T.);
#15040 = FACE_BOUND('',#15041,.F.);
#15041 = EDGE_LOOP('',(#15042,#15053,#15061,#15070,#15078,#15087,#15095)
  );
#15042 = ORIENTED_EDGE('',*,*,#15043,.T.);
#15043 = EDGE_CURVE('',#15044,#15046,#15048,.T.);
#15044 = VERTEX_POINT('',#15045);
#15045 = CARTESIAN_POINT('',(138.04922,-93.485811,1.485));
#15046 = VERTEX_POINT('',#15047);
#15047 = CARTESIAN_POINT('',(138.145606,-93.51794,1.485));
#15048 = CIRCLE('',#15049,5.0799935131E-02);
#15049 = AXIS2_PLACEMENT_3D('',#15050,#15051,#15052);
#15050 = CARTESIAN_POINT('',(138.09741308002,-93.50187525993,1.485));
#15051 = DIRECTION('',(0.,0.,-1.));
#15052 = DIRECTION('',(-0.948683889021,0.316225993101,0.));
#15053 = ORIENTED_EDGE('',*,*,#15054,.T.);
#15054 = EDGE_CURVE('',#15046,#15055,#15057,.T.);
#15055 = VERTEX_POINT('',#15056);
#15056 = CARTESIAN_POINT('',(137.891606,-94.27994,1.485));
#15057 = LINE('',#15058,#15059);
#15058 = CARTESIAN_POINT('',(138.145606,-93.51794,1.485));
#15059 = VECTOR('',#15060,1.);
#15060 = DIRECTION('',(-0.316227766017,-0.948683298051,0.));
#15061 = ORIENTED_EDGE('',*,*,#15062,.T.);
#15062 = EDGE_CURVE('',#15055,#15063,#15065,.T.);
#15063 = VERTEX_POINT('',#15064);
#15064 = CARTESIAN_POINT('',(137.79522,-94.279941,1.485));
#15065 = CIRCLE('',#15066,5.080000743447E-02);
#15066 = AXIS2_PLACEMENT_3D('',#15067,#15068,#15069);
#15067 = CARTESIAN_POINT('',(137.84341283332,-94.26387577136,1.485));
#15068 = DIRECTION('',(-0.,0.,-1.));
#15069 = DIRECTION('',(0.948684244445,-0.31622492682,-0.));
#15070 = ORIENTED_EDGE('',*,*,#15071,.T.);
#15071 = EDGE_CURVE('',#15063,#15072,#15074,.T.);
#15072 = VERTEX_POINT('',#15073);
#15073 = CARTESIAN_POINT('',(137.54122,-93.51794,1.485));
#15074 = LINE('',#15075,#15076);
#15075 = CARTESIAN_POINT('',(137.79522,-94.279941,1.485));
#15076 = VECTOR('',#15077,1.);
#15077 = DIRECTION('',(-0.31622739252,0.948683422549,0.));
#15078 = ORIENTED_EDGE('',*,*,#15079,.T.);
#15079 = EDGE_CURVE('',#15072,#15080,#15082,.T.);
#15080 = VERTEX_POINT('',#15081);
#15081 = CARTESIAN_POINT('',(137.637606,-93.485812,1.485));
#15082 = CIRCLE('',#15083,5.079977701723E-02);
#15083 = AXIS2_PLACEMENT_3D('',#15084,#15085,#15086);
#15084 = CARTESIAN_POINT('',(137.58941299514,-93.50187598544,1.485));
#15085 = DIRECTION('',(0.,0.,-1.));
#15086 = DIRECTION('',(-0.948685171048,-0.316222146968,-0.));
#15087 = ORIENTED_EDGE('',*,*,#15088,.T.);
#15088 = EDGE_CURVE('',#15080,#15089,#15091,.T.);
#15089 = VERTEX_POINT('',#15090);
#15090 = CARTESIAN_POINT('',(137.843412,-94.103232,1.485));
#15091 = LINE('',#15092,#15093);
#15092 = CARTESIAN_POINT('',(137.637606,-93.485812,1.485));
#15093 = VECTOR('',#15094,1.);
#15094 = DIRECTION('',(0.316226844099,-0.948683605356,0.));
#15095 = ORIENTED_EDGE('',*,*,#15096,.T.);
#15096 = EDGE_CURVE('',#15089,#15044,#15097,.T.);
#15097 = LINE('',#15098,#15099);
#15098 = CARTESIAN_POINT('',(137.843412,-94.103232,1.485));
#15099 = VECTOR('',#15100,1.);
#15100 = DIRECTION('',(0.316229148889,0.948682837092,0.));
#15101 = PLANE('',#15102);
#15102 = AXIS2_PLACEMENT_3D('',#15103,#15104,#15105);
#15103 = CARTESIAN_POINT('',(0.,0.,1.485));
#15104 = DIRECTION('',(0.,0.,1.));
#15105 = DIRECTION('',(1.,0.,-0.));
#15106 = SHELL_BASED_SURFACE_MODEL('',(#15107));
#15107 = OPEN_SHELL('',(#15108));
#15108 = ADVANCED_FACE('',(#15109),#15170,.T.);
#15109 = FACE_BOUND('',#15110,.F.);
#15110 = EDGE_LOOP('',(#15111,#15122,#15130,#15139,#15147,#15156,#15164)
  );
#15111 = ORIENTED_EDGE('',*,*,#15112,.T.);
#15112 = EDGE_CURVE('',#15113,#15115,#15117,.T.);
#15113 = VERTEX_POINT('',#15114);
#15114 = CARTESIAN_POINT('',(148.792649,-93.485811,1.485));
#15115 = VERTEX_POINT('',#15116);
#15116 = CARTESIAN_POINT('',(148.889035,-93.51794,1.485));
#15117 = CIRCLE('',#15118,5.079993513099E-02);
#15118 = AXIS2_PLACEMENT_3D('',#15119,#15120,#15121);
#15119 = CARTESIAN_POINT('',(148.84084208002,-93.50187525993,1.485));
#15120 = DIRECTION('',(0.,0.,-1.));
#15121 = DIRECTION('',(-0.948683889021,0.316225993101,0.));
#15122 = ORIENTED_EDGE('',*,*,#15123,.T.);
#15123 = EDGE_CURVE('',#15115,#15124,#15126,.T.);
#15124 = VERTEX_POINT('',#15125);
#15125 = CARTESIAN_POINT('',(148.635035,-94.27994,1.485));
#15126 = LINE('',#15127,#15128);
#15127 = CARTESIAN_POINT('',(148.889035,-93.51794,1.485));
#15128 = VECTOR('',#15129,1.);
#15129 = DIRECTION('',(-0.316227766017,-0.948683298051,0.));
#15130 = ORIENTED_EDGE('',*,*,#15131,.T.);
#15131 = EDGE_CURVE('',#15124,#15132,#15134,.T.);
#15132 = VERTEX_POINT('',#15133);
#15133 = CARTESIAN_POINT('',(148.538649,-94.279941,1.485));
#15134 = CIRCLE('',#15135,5.080000743447E-02);
#15135 = AXIS2_PLACEMENT_3D('',#15136,#15137,#15138);
#15136 = CARTESIAN_POINT('',(148.58684183332,-94.26387577136,1.485));
#15137 = DIRECTION('',(-0.,0.,-1.));
#15138 = DIRECTION('',(0.948684244445,-0.31622492682,-0.));
#15139 = ORIENTED_EDGE('',*,*,#15140,.T.);
#15140 = EDGE_CURVE('',#15132,#15141,#15143,.T.);
#15141 = VERTEX_POINT('',#15142);
#15142 = CARTESIAN_POINT('',(148.284649,-93.51794,1.485));
#15143 = LINE('',#15144,#15145);
#15144 = CARTESIAN_POINT('',(148.538649,-94.279941,1.485));
#15145 = VECTOR('',#15146,1.);
#15146 = DIRECTION('',(-0.31622739252,0.948683422549,0.));
#15147 = ORIENTED_EDGE('',*,*,#15148,.T.);
#15148 = EDGE_CURVE('',#15141,#15149,#15151,.T.);
#15149 = VERTEX_POINT('',#15150);
#15150 = CARTESIAN_POINT('',(148.381035,-93.485812,1.485));
#15151 = CIRCLE('',#15152,5.079977701723E-02);
#15152 = AXIS2_PLACEMENT_3D('',#15153,#15154,#15155);
#15153 = CARTESIAN_POINT('',(148.33284199514,-93.50187598544,1.485));
#15154 = DIRECTION('',(0.,0.,-1.));
#15155 = DIRECTION('',(-0.948685171048,-0.316222146968,-0.));
#15156 = ORIENTED_EDGE('',*,*,#15157,.T.);
#15157 = EDGE_CURVE('',#15149,#15158,#15160,.T.);
#15158 = VERTEX_POINT('',#15159);
#15159 = CARTESIAN_POINT('',(148.586841,-94.103232,1.485));
#15160 = LINE('',#15161,#15162);
#15161 = CARTESIAN_POINT('',(148.381035,-93.485812,1.485));
#15162 = VECTOR('',#15163,1.);
#15163 = DIRECTION('',(0.316226844099,-0.948683605356,0.));
#15164 = ORIENTED_EDGE('',*,*,#15165,.T.);
#15165 = EDGE_CURVE('',#15158,#15113,#15166,.T.);
#15166 = LINE('',#15167,#15168);
#15167 = CARTESIAN_POINT('',(148.586841,-94.103232,1.485));
#15168 = VECTOR('',#15169,1.);
#15169 = DIRECTION('',(0.316229148889,0.948682837092,0.));
#15170 = PLANE('',#15171);
#15171 = AXIS2_PLACEMENT_3D('',#15172,#15173,#15174);
#15172 = CARTESIAN_POINT('',(0.,0.,1.485));
#15173 = DIRECTION('',(0.,0.,1.));
#15174 = DIRECTION('',(1.,0.,-0.));
#15175 = SHELL_BASED_SURFACE_MODEL('',(#15176));
#15176 = OPEN_SHELL('',(#15177));
#15177 = ADVANCED_FACE('',(#15178),#15239,.T.);
#15178 = FACE_BOUND('',#15179,.F.);
#15179 = EDGE_LOOP('',(#15180,#15191,#15199,#15208,#15216,#15225,#15233)
  );
#15180 = ORIENTED_EDGE('',*,*,#15181,.T.);
#15181 = EDGE_CURVE('',#15182,#15184,#15186,.T.);
#15182 = VERTEX_POINT('',#15183);
#15183 = CARTESIAN_POINT('',(151.524934,-93.485811,1.485));
#15184 = VERTEX_POINT('',#15185);
#15185 = CARTESIAN_POINT('',(151.62132,-93.51794,1.485));
#15186 = CIRCLE('',#15187,5.0799935131E-02);
#15187 = AXIS2_PLACEMENT_3D('',#15188,#15189,#15190);
#15188 = CARTESIAN_POINT('',(151.57312708002,-93.50187525993,1.485));
#15189 = DIRECTION('',(0.,0.,-1.));
#15190 = DIRECTION('',(-0.948683889021,0.316225993101,0.));
#15191 = ORIENTED_EDGE('',*,*,#15192,.T.);
#15192 = EDGE_CURVE('',#15184,#15193,#15195,.T.);
#15193 = VERTEX_POINT('',#15194);
#15194 = CARTESIAN_POINT('',(151.36732,-94.27994,1.485));
#15195 = LINE('',#15196,#15197);
#15196 = CARTESIAN_POINT('',(151.62132,-93.51794,1.485));
#15197 = VECTOR('',#15198,1.);
#15198 = DIRECTION('',(-0.316227766017,-0.948683298051,0.));
#15199 = ORIENTED_EDGE('',*,*,#15200,.T.);
#15200 = EDGE_CURVE('',#15193,#15201,#15203,.T.);
#15201 = VERTEX_POINT('',#15202);
#15202 = CARTESIAN_POINT('',(151.270934,-94.279941,1.485));
#15203 = CIRCLE('',#15204,5.080000743448E-02);
#15204 = AXIS2_PLACEMENT_3D('',#15205,#15206,#15207);
#15205 = CARTESIAN_POINT('',(151.31912683332,-94.26387577136,1.485));
#15206 = DIRECTION('',(-0.,0.,-1.));
#15207 = DIRECTION('',(0.948684244445,-0.31622492682,-0.));
#15208 = ORIENTED_EDGE('',*,*,#15209,.T.);
#15209 = EDGE_CURVE('',#15201,#15210,#15212,.T.);
#15210 = VERTEX_POINT('',#15211);
#15211 = CARTESIAN_POINT('',(151.016934,-93.51794,1.485));
#15212 = LINE('',#15213,#15214);
#15213 = CARTESIAN_POINT('',(151.270934,-94.279941,1.485));
#15214 = VECTOR('',#15215,1.);
#15215 = DIRECTION('',(-0.31622739252,0.948683422549,0.));
#15216 = ORIENTED_EDGE('',*,*,#15217,.T.);
#15217 = EDGE_CURVE('',#15210,#15218,#15220,.T.);
#15218 = VERTEX_POINT('',#15219);
#15219 = CARTESIAN_POINT('',(151.11332,-93.485812,1.485));
#15220 = CIRCLE('',#15221,5.079977701723E-02);
#15221 = AXIS2_PLACEMENT_3D('',#15222,#15223,#15224);
#15222 = CARTESIAN_POINT('',(151.06512699514,-93.50187598544,1.485));
#15223 = DIRECTION('',(0.,0.,-1.));
#15224 = DIRECTION('',(-0.948685171049,-0.316222146967,-0.));
#15225 = ORIENTED_EDGE('',*,*,#15226,.T.);
#15226 = EDGE_CURVE('',#15218,#15227,#15229,.T.);
#15227 = VERTEX_POINT('',#15228);
#15228 = CARTESIAN_POINT('',(151.319126,-94.103232,1.485));
#15229 = LINE('',#15230,#15231);
#15230 = CARTESIAN_POINT('',(151.11332,-93.485812,1.485));
#15231 = VECTOR('',#15232,1.);
#15232 = DIRECTION('',(0.316226844099,-0.948683605356,0.));
#15233 = ORIENTED_EDGE('',*,*,#15234,.T.);
#15234 = EDGE_CURVE('',#15227,#15182,#15235,.T.);
#15235 = LINE('',#15236,#15237);
#15236 = CARTESIAN_POINT('',(151.319126,-94.103232,1.485));
#15237 = VECTOR('',#15238,1.);
#15238 = DIRECTION('',(0.316229148889,0.948682837092,0.));
#15239 = PLANE('',#15240);
#15240 = AXIS2_PLACEMENT_3D('',#15241,#15242,#15243);
#15241 = CARTESIAN_POINT('',(0.,0.,1.485));
#15242 = DIRECTION('',(0.,0.,1.));
#15243 = DIRECTION('',(1.,0.,-0.));
#15244 = SHELL_BASED_SURFACE_MODEL('',(#15245));
#15245 = OPEN_SHELL('',(#15246));
#15246 = ADVANCED_FACE('',(#15247),#15308,.T.);
#15247 = FACE_BOUND('',#15248,.F.);
#15248 = EDGE_LOOP('',(#15249,#15260,#15268,#15277,#15285,#15294,#15302)
  );
#15249 = ORIENTED_EDGE('',*,*,#15250,.T.);
#15250 = EDGE_CURVE('',#15251,#15253,#15255,.T.);
#15251 = VERTEX_POINT('',#15252);
#15252 = CARTESIAN_POINT('',(153.922649,-93.485811,1.485));
#15253 = VERTEX_POINT('',#15254);
#15254 = CARTESIAN_POINT('',(154.019035,-93.51794,1.485));
#15255 = CIRCLE('',#15256,5.0799935131E-02);
#15256 = AXIS2_PLACEMENT_3D('',#15257,#15258,#15259);
#15257 = CARTESIAN_POINT('',(153.97084208002,-93.50187525993,1.485));
#15258 = DIRECTION('',(0.,0.,-1.));
#15259 = DIRECTION('',(-0.948683889021,0.316225993101,0.));
#15260 = ORIENTED_EDGE('',*,*,#15261,.T.);
#15261 = EDGE_CURVE('',#15253,#15262,#15264,.T.);
#15262 = VERTEX_POINT('',#15263);
#15263 = CARTESIAN_POINT('',(153.765035,-94.27994,1.485));
#15264 = LINE('',#15265,#15266);
#15265 = CARTESIAN_POINT('',(154.019035,-93.51794,1.485));
#15266 = VECTOR('',#15267,1.);
#15267 = DIRECTION('',(-0.316227766017,-0.948683298051,0.));
#15268 = ORIENTED_EDGE('',*,*,#15269,.T.);
#15269 = EDGE_CURVE('',#15262,#15270,#15272,.T.);
#15270 = VERTEX_POINT('',#15271);
#15271 = CARTESIAN_POINT('',(153.668649,-94.279941,1.485));
#15272 = CIRCLE('',#15273,5.08000074345E-02);
#15273 = AXIS2_PLACEMENT_3D('',#15274,#15275,#15276);
#15274 = CARTESIAN_POINT('',(153.71684183332,-94.26387577136,1.485));
#15275 = DIRECTION('',(-0.,0.,-1.));
#15276 = DIRECTION('',(0.948684244445,-0.31622492682,-0.));
#15277 = ORIENTED_EDGE('',*,*,#15278,.T.);
#15278 = EDGE_CURVE('',#15270,#15279,#15281,.T.);
#15279 = VERTEX_POINT('',#15280);
#15280 = CARTESIAN_POINT('',(153.414649,-93.51794,1.485));
#15281 = LINE('',#15282,#15283);
#15282 = CARTESIAN_POINT('',(153.668649,-94.279941,1.485));
#15283 = VECTOR('',#15284,1.);
#15284 = DIRECTION('',(-0.31622739252,0.948683422549,0.));
#15285 = ORIENTED_EDGE('',*,*,#15286,.T.);
#15286 = EDGE_CURVE('',#15279,#15287,#15289,.T.);
#15287 = VERTEX_POINT('',#15288);
#15288 = CARTESIAN_POINT('',(153.511035,-93.485812,1.485));
#15289 = CIRCLE('',#15290,5.079977701723E-02);
#15290 = AXIS2_PLACEMENT_3D('',#15291,#15292,#15293);
#15291 = CARTESIAN_POINT('',(153.46284199514,-93.50187598544,1.485));
#15292 = DIRECTION('',(0.,0.,-1.));
#15293 = DIRECTION('',(-0.948685171048,-0.316222146968,-0.));
#15294 = ORIENTED_EDGE('',*,*,#15295,.T.);
#15295 = EDGE_CURVE('',#15287,#15296,#15298,.T.);
#15296 = VERTEX_POINT('',#15297);
#15297 = CARTESIAN_POINT('',(153.716841,-94.103232,1.485));
#15298 = LINE('',#15299,#15300);
#15299 = CARTESIAN_POINT('',(153.511035,-93.485812,1.485));
#15300 = VECTOR('',#15301,1.);
#15301 = DIRECTION('',(0.316226844099,-0.948683605356,0.));
#15302 = ORIENTED_EDGE('',*,*,#15303,.T.);
#15303 = EDGE_CURVE('',#15296,#15251,#15304,.T.);
#15304 = LINE('',#15305,#15306);
#15305 = CARTESIAN_POINT('',(153.716841,-94.103232,1.485));
#15306 = VECTOR('',#15307,1.);
#15307 = DIRECTION('',(0.316229148889,0.948682837092,0.));
#15308 = PLANE('',#15309);
#15309 = AXIS2_PLACEMENT_3D('',#15310,#15311,#15312);
#15310 = CARTESIAN_POINT('',(0.,0.,1.485));
#15311 = DIRECTION('',(0.,0.,1.));
#15312 = DIRECTION('',(1.,0.,-0.));
#15313 = SHELL_BASED_SURFACE_MODEL('',(#15314));
#15314 = OPEN_SHELL('',(#15315));
#15315 = ADVANCED_FACE('',(#15316),#15426,.T.);
#15316 = FACE_BOUND('',#15317,.F.);
#15317 = EDGE_LOOP('',(#15318,#15329,#15337,#15345,#15353,#15361,#15369,
    #15378,#15386,#15395,#15403,#15411,#15420));
#15318 = ORIENTED_EDGE('',*,*,#15319,.T.);
#15319 = EDGE_CURVE('',#15320,#15322,#15324,.T.);
#15320 = VERTEX_POINT('',#15321);
#15321 = CARTESIAN_POINT('',(140.63514,-93.501876,1.485));
#15322 = VERTEX_POINT('',#15323);
#15323 = CARTESIAN_POINT('',(140.679533,-93.451482,1.485));
#15324 = CIRCLE('',#15325,5.080037623887E-02);
#15325 = AXIS2_PLACEMENT_3D('',#15326,#15327,#15328);
#15326 = CARTESIAN_POINT('',(140.68594037623,-93.50187667983,1.485));
#15327 = DIRECTION('',(0.,0.,-1.));
#15328 = DIRECTION('',(-0.99999999991,1.338250530642E-05,0.));
#15329 = ORIENTED_EDGE('',*,*,#15330,.T.);
#15330 = EDGE_CURVE('',#15322,#15331,#15333,.T.);
#15331 = VERTEX_POINT('',#15332);
#15332 = CARTESIAN_POINT('',(140.692224,-93.454943,1.485));
#15333 = LINE('',#15334,#15335);
#15334 = CARTESIAN_POINT('',(140.679533,-93.451482,1.485));
#15335 = VECTOR('',#15336,1.);
#15336 = DIRECTION('',(0.964767329758,-0.263104540879,0.));
#15337 = ORIENTED_EDGE('',*,*,#15338,.T.);
#15338 = EDGE_CURVE('',#15331,#15339,#15341,.T.);
#15339 = VERTEX_POINT('',#15340);
#15340 = CARTESIAN_POINT('',(140.70538,-93.454943,1.485));
#15341 = LINE('',#15342,#15343);
#15342 = CARTESIAN_POINT('',(140.692224,-93.454943,1.485));
#15343 = VECTOR('',#15344,1.);
#15344 = DIRECTION('',(1.,0.,0.));
#15345 = ORIENTED_EDGE('',*,*,#15346,.T.);
#15346 = EDGE_CURVE('',#15339,#15347,#15349,.T.);
#15347 = VERTEX_POINT('',#15348);
#15348 = CARTESIAN_POINT('',(140.730047,-93.476672,1.485));
#15349 = LINE('',#15350,#15351);
#15350 = CARTESIAN_POINT('',(140.70538,-93.454943,1.485));
#15351 = VECTOR('',#15352,1.);
#15352 = DIRECTION('',(0.750380909177,-0.661005666498,0.));
#15353 = ORIENTED_EDGE('',*,*,#15354,.T.);
#15354 = EDGE_CURVE('',#15347,#15355,#15357,.T.);
#15355 = VERTEX_POINT('',#15356);
#15356 = CARTESIAN_POINT('',(141.070569,-94.072585,1.485));
#15357 = LINE('',#15358,#15359);
#15358 = CARTESIAN_POINT('',(140.730047,-93.476672,1.485));
#15359 = VECTOR('',#15360,1.);
#15360 = DIRECTION('',(0.496139252171,-0.868242962802,0.));
#15361 = ORIENTED_EDGE('',*,*,#15362,.T.);
#15362 = EDGE_CURVE('',#15355,#15363,#15365,.T.);
#15363 = VERTEX_POINT('',#15364);
#15364 = CARTESIAN_POINT('',(141.070569,-93.501876,1.485));
#15365 = LINE('',#15366,#15367);
#15366 = CARTESIAN_POINT('',(141.070569,-94.072585,1.485));
#15367 = VECTOR('',#15368,1.);
#15368 = DIRECTION('',(0.,1.,0.));
#15369 = ORIENTED_EDGE('',*,*,#15370,.T.);
#15370 = EDGE_CURVE('',#15363,#15371,#15373,.T.);
#15371 = VERTEX_POINT('',#15372);
#15372 = CARTESIAN_POINT('',(141.172169,-93.501876,1.485));
#15373 = CIRCLE('',#15374,5.080000000044E-02);
#15374 = AXIS2_PLACEMENT_3D('',#15375,#15376,#15377);
#15375 = CARTESIAN_POINT('',(141.121369,-93.50187621212,1.485));
#15376 = DIRECTION('',(0.,0.,-1.));
#15377 = DIRECTION('',(-0.999999999991,4.175620759013E-06,0.));
#15378 = ORIENTED_EDGE('',*,*,#15379,.T.);
#15379 = EDGE_CURVE('',#15371,#15380,#15382,.T.);
#15380 = VERTEX_POINT('',#15381);
#15381 = CARTESIAN_POINT('',(141.172169,-94.263876,1.485));
#15382 = LINE('',#15383,#15384);
#15383 = CARTESIAN_POINT('',(141.172169,-93.501876,1.485));
#15384 = VECTOR('',#15385,1.);
#15385 = DIRECTION('',(0.,-1.,0.));
#15386 = ORIENTED_EDGE('',*,*,#15387,.T.);
#15387 = EDGE_CURVE('',#15380,#15388,#15390,.T.);
#15388 = VERTEX_POINT('',#15389);
#15389 = CARTESIAN_POINT('',(141.077262,-94.28908,1.485));
#15390 = CIRCLE('',#15391,5.080025464244E-02);
#15391 = AXIS2_PLACEMENT_3D('',#15392,#15393,#15394);
#15392 = CARTESIAN_POINT('',(141.12136874535,-94.26387561773,1.485));
#15393 = DIRECTION('',(-0.,0.,-1.));
#15394 = DIRECTION('',(0.999999999972,-7.52494693999E-06,-0.));
#15395 = ORIENTED_EDGE('',*,*,#15396,.T.);
#15396 = EDGE_CURVE('',#15388,#15397,#15399,.T.);
#15397 = VERTEX_POINT('',#15398);
#15398 = CARTESIAN_POINT('',(140.73674,-93.693167,1.485));
#15399 = LINE('',#15400,#15401);
#15400 = CARTESIAN_POINT('',(141.077262,-94.28908,1.485));
#15401 = VECTOR('',#15402,1.);
#15402 = DIRECTION('',(-0.496139252171,0.868242962802,0.));
#15403 = ORIENTED_EDGE('',*,*,#15404,.T.);
#15404 = EDGE_CURVE('',#15397,#15405,#15407,.T.);
#15405 = VERTEX_POINT('',#15406);
#15406 = CARTESIAN_POINT('',(140.73674,-94.263876,1.485));
#15407 = LINE('',#15408,#15409);
#15408 = CARTESIAN_POINT('',(140.73674,-93.693167,1.485));
#15409 = VECTOR('',#15410,1.);
#15410 = DIRECTION('',(0.,-1.,0.));
#15411 = ORIENTED_EDGE('',*,*,#15412,.T.);
#15412 = EDGE_CURVE('',#15405,#15413,#15415,.T.);
#15413 = VERTEX_POINT('',#15414);
#15414 = CARTESIAN_POINT('',(140.63514,-94.263876,1.485));
#15415 = CIRCLE('',#15416,5.080000000044E-02);
#15416 = AXIS2_PLACEMENT_3D('',#15417,#15418,#15419);
#15417 = CARTESIAN_POINT('',(140.68594,-94.26387578787,1.485));
#15418 = DIRECTION('',(-0.,0.,-1.));
#15419 = DIRECTION('',(0.999999999991,-4.175620759011E-06,-0.));
#15420 = ORIENTED_EDGE('',*,*,#15421,.T.);
#15421 = EDGE_CURVE('',#15413,#15320,#15422,.T.);
#15422 = LINE('',#15423,#15424);
#15423 = CARTESIAN_POINT('',(140.63514,-94.263876,1.485));
#15424 = VECTOR('',#15425,1.);
#15425 = DIRECTION('',(0.,1.,0.));
#15426 = PLANE('',#15427);
#15427 = AXIS2_PLACEMENT_3D('',#15428,#15429,#15430);
#15428 = CARTESIAN_POINT('',(0.,0.,1.485));
#15429 = DIRECTION('',(0.,0.,1.));
#15430 = DIRECTION('',(1.,0.,-0.));
#15431 = SHELL_BASED_SURFACE_MODEL('',(#15432));
#15432 = OPEN_SHELL('',(#15433));
#15433 = ADVANCED_FACE('',(#15434,#15511),#15588,.T.);
#15434 = FACE_BOUND('',#15435,.F.);
#15435 = EDGE_LOOP('',(#15436,#15447,#15455,#15463,#15472,#15480,#15489,
    #15497,#15505));
#15436 = ORIENTED_EDGE('',*,*,#15437,.T.);
#15437 = EDGE_CURVE('',#15438,#15440,#15442,.T.);
#15438 = VERTEX_POINT('',#15439);
#15439 = CARTESIAN_POINT('',(149.108409,-93.746725,1.485));
#15440 = VERTEX_POINT('',#15441);
#15441 = CARTESIAN_POINT('',(149.335274,-93.710439,1.485));
#15442 = CIRCLE('',#15443,0.273919191275);
#15443 = AXIS2_PLACEMENT_3D('',#15444,#15445,#15446);
#15444 = CARTESIAN_POINT('',(149.26111554768,-93.97412867992,1.485));
#15445 = DIRECTION('',(0.,0.,-1.));
#15446 = DIRECTION('',(-0.557487582278,0.830185277878,0.));
#15447 = ORIENTED_EDGE('',*,*,#15448,.T.);
#15448 = EDGE_CURVE('',#15440,#15449,#15451,.T.);
#15449 = VERTEX_POINT('',#15450);
#15450 = CARTESIAN_POINT('',(149.421049,-93.756241,1.485));
#15451 = LINE('',#15452,#15453);
#15452 = CARTESIAN_POINT('',(149.335274,-93.710439,1.485));
#15453 = VECTOR('',#15454,1.);
#15454 = DIRECTION('',(0.882116545319,-0.471031209661,0.));
#15455 = ORIENTED_EDGE('',*,*,#15456,.T.);
#15456 = EDGE_CURVE('',#15449,#15457,#15459,.T.);
#15457 = VERTEX_POINT('',#15458);
#15458 = CARTESIAN_POINT('',(149.466851,-93.80573,1.485));
#15459 = LINE('',#15460,#15461);
#15460 = CARTESIAN_POINT('',(149.421049,-93.756241,1.485));
#15461 = VECTOR('',#15462,1.);
#15462 = DIRECTION('',(0.679239156349,-0.733917003811,0.));
#15463 = ORIENTED_EDGE('',*,*,#15464,.T.);
#15464 = EDGE_CURVE('',#15457,#15465,#15467,.T.);
#15465 = VERTEX_POINT('',#15466);
#15466 = CARTESIAN_POINT('',(149.457335,-94.227226,1.485));
#15467 = CIRCLE('',#15468,0.383016342657);
#15468 = AXIS2_PLACEMENT_3D('',#15469,#15470,#15471);
#15469 = CARTESIAN_POINT('',(149.1423867875,-94.00926008021,1.485));
#15470 = DIRECTION('',(0.,0.,-1.));
#15471 = DIRECTION('',(0.847128898586,0.531387456739,0.));
#15472 = ORIENTED_EDGE('',*,*,#15473,.T.);
#15473 = EDGE_CURVE('',#15465,#15474,#15476,.T.);
#15474 = VERTEX_POINT('',#15475);
#15475 = CARTESIAN_POINT('',(149.407846,-94.273028,1.485));
#15476 = LINE('',#15477,#15478);
#15477 = CARTESIAN_POINT('',(149.457335,-94.227226,1.485));
#15478 = VECTOR('',#15479,1.);
#15479 = DIRECTION('',(-0.733917003811,-0.679239156349,0.));
#15480 = ORIENTED_EDGE('',*,*,#15481,.T.);
#15481 = EDGE_CURVE('',#15474,#15482,#15484,.T.);
#15482 = VERTEX_POINT('',#15483);
#15483 = CARTESIAN_POINT('',(149.010034,-94.130186,1.485));
#15484 = CIRCLE('',#15485,0.256909691593);
#15485 = AXIS2_PLACEMENT_3D('',#15486,#15487,#15488);
#15486 = CARTESIAN_POINT('',(149.2583052809,-94.06412571909,1.485));
#15487 = DIRECTION('',(-0.,0.,-1.));
#15488 = DIRECTION('',(0.582075040334,-0.813135073294,-0.));
#15489 = ORIENTED_EDGE('',*,*,#15490,.T.);
#15490 = EDGE_CURVE('',#15482,#15491,#15493,.T.);
#15491 = VERTEX_POINT('',#15492);
#15492 = CARTESIAN_POINT('',(149.010035,-93.889561,1.485));
#15493 = LINE('',#15494,#15495);
#15494 = CARTESIAN_POINT('',(149.010034,-94.130186,1.485));
#15495 = VECTOR('',#15496,1.);
#15496 = DIRECTION('',(4.155844145316E-06,0.999999999991,0.));
#15497 = ORIENTED_EDGE('',*,*,#15498,.T.);
#15498 = EDGE_CURVE('',#15491,#15499,#15501,.T.);
#15499 = VERTEX_POINT('',#15500);
#15500 = CARTESIAN_POINT('',(149.058921,-93.792527,1.485));
#15501 = LINE('',#15502,#15503);
#15502 = CARTESIAN_POINT('',(149.010035,-93.889561,1.485));
#15503 = VECTOR('',#15504,1.);
#15504 = DIRECTION('',(0.449928442561,0.893064609407,0.));
#15505 = ORIENTED_EDGE('',*,*,#15506,.T.);
#15506 = EDGE_CURVE('',#15499,#15438,#15507,.T.);
#15507 = LINE('',#15508,#15509);
#15508 = CARTESIAN_POINT('',(149.058921,-93.792527,1.485));
#15509 = VECTOR('',#15510,1.);
#15510 = DIRECTION('',(0.733910161689,0.679246549177,0.));
#15511 = FACE_BOUND('',#15512,.F.);
#15512 = EDGE_LOOP('',(#15513,#15524,#15532,#15540,#15549,#15557,#15566,
    #15574,#15582));
#15513 = ORIENTED_EDGE('',*,*,#15514,.T.);
#15514 = EDGE_CURVE('',#15515,#15517,#15519,.T.);
#15515 = VERTEX_POINT('',#15516);
#15516 = CARTESIAN_POINT('',(149.355036,-93.833912,1.485));
#15517 = VERTEX_POINT('',#15518);
#15518 = CARTESIAN_POINT('',(149.136592,-93.858539,1.485));
#15519 = CIRCLE('',#15520,0.157345399395);
#15520 = AXIS2_PLACEMENT_3D('',#15521,#15522,#15523);
#15521 = CARTESIAN_POINT('',(149.25842729812,-93.95810673995,1.485));
#15522 = DIRECTION('',(0.,0.,1.));
#15523 = DIRECTION('',(0.613991271703,0.789312813954,-0.));
#15524 = ORIENTED_EDGE('',*,*,#15525,.T.);
#15525 = EDGE_CURVE('',#15517,#15526,#15528,.T.);
#15526 = VERTEX_POINT('',#15527);
#15527 = CARTESIAN_POINT('',(149.109356,-93.913012,1.485));
#15528 = LINE('',#15529,#15530);
#15529 = CARTESIAN_POINT('',(149.136592,-93.858539,1.485));
#15530 = VECTOR('',#15531,1.);
#15531 = DIRECTION('',(-0.447207027607,-0.894430474916,0.));
#15532 = ORIENTED_EDGE('',*,*,#15533,.T.);
#15533 = EDGE_CURVE('',#15526,#15534,#15536,.T.);
#15534 = VERTEX_POINT('',#15535);
#15535 = CARTESIAN_POINT('',(149.109356,-94.106741,1.485));
#15536 = LINE('',#15537,#15538);
#15537 = CARTESIAN_POINT('',(149.109356,-93.913012,1.485));
#15538 = VECTOR('',#15539,1.);
#15539 = DIRECTION('',(0.,-1.,0.));
#15540 = ORIENTED_EDGE('',*,*,#15541,.T.);
#15541 = EDGE_CURVE('',#15534,#15542,#15544,.T.);
#15542 = VERTEX_POINT('',#15543);
#15543 = CARTESIAN_POINT('',(149.215692,-94.213076,1.485));
#15544 = CIRCLE('',#15545,0.149552067591);
#15545 = AXIS2_PLACEMENT_3D('',#15546,#15547,#15548);
#15546 = CARTESIAN_POINT('',(149.25393528069,-94.06849635965,1.485));
#15547 = DIRECTION('',(0.,0.,1.));
#15548 = DIRECTION('',(-0.966748792051,-0.25572792782,0.));
#15549 = ORIENTED_EDGE('',*,*,#15550,.T.);
#15550 = EDGE_CURVE('',#15542,#15551,#15553,.T.);
#15551 = VERTEX_POINT('',#15552);
#15552 = CARTESIAN_POINT('',(149.300564,-94.213076,1.485));
#15553 = LINE('',#15554,#15555);
#15554 = CARTESIAN_POINT('',(149.215692,-94.213076,1.485));
#15555 = VECTOR('',#15556,1.);
#15556 = DIRECTION('',(1.,0.,0.));
#15557 = ORIENTED_EDGE('',*,*,#15558,.T.);
#15558 = EDGE_CURVE('',#15551,#15559,#15561,.T.);
#15559 = VERTEX_POINT('',#15560);
#15560 = CARTESIAN_POINT('',(149.406899,-94.106741,1.485));
#15561 = CIRCLE('',#15562,0.149552854954);
#15562 = AXIS2_PLACEMENT_3D('',#15563,#15564,#15565);
#15563 = CARTESIAN_POINT('',(149.262319,-94.068496,1.485));
#15564 = DIRECTION('',(0.,0.,1.));
#15565 = DIRECTION('',(0.255728986328,-0.96674851205,0.));
#15566 = ORIENTED_EDGE('',*,*,#15567,.T.);
#15567 = EDGE_CURVE('',#15559,#15568,#15570,.T.);
#15568 = VERTEX_POINT('',#15569);
#15569 = CARTESIAN_POINT('',(149.406899,-93.913011,1.485));
#15570 = LINE('',#15571,#15572);
#15571 = CARTESIAN_POINT('',(149.406899,-94.106741,1.485));
#15572 = VECTOR('',#15573,1.);
#15573 = DIRECTION('',(0.,1.,0.));
#15574 = ORIENTED_EDGE('',*,*,#15575,.T.);
#15575 = EDGE_CURVE('',#15568,#15576,#15578,.T.);
#15576 = VERTEX_POINT('',#15577);
#15577 = CARTESIAN_POINT('',(149.379663,-93.858539,1.485));
#15578 = LINE('',#15579,#15580);
#15579 = CARTESIAN_POINT('',(149.406899,-93.913011,1.485));
#15580 = VECTOR('',#15581,1.);
#15581 = DIRECTION('',(-0.4472135955,0.894427191,0.));
#15582 = ORIENTED_EDGE('',*,*,#15583,.T.);
#15583 = EDGE_CURVE('',#15576,#15515,#15584,.T.);
#15584 = LINE('',#15585,#15586);
#15585 = CARTESIAN_POINT('',(149.379663,-93.858539,1.485));
#15586 = VECTOR('',#15587,1.);
#15587 = DIRECTION('',(-0.707106781186,0.707106781187,0.));
#15588 = PLANE('',#15589);
#15589 = AXIS2_PLACEMENT_3D('',#15590,#15591,#15592);
#15590 = CARTESIAN_POINT('',(0.,0.,1.485));
#15591 = DIRECTION('',(0.,0.,1.));
#15592 = DIRECTION('',(1.,0.,-0.));
#15593 = SHELL_BASED_SURFACE_MODEL('',(#15594));
#15594 = OPEN_SHELL('',(#15595));
#15595 = ADVANCED_FACE('',(#15596,#15721),#15823,.T.);
#15596 = FACE_BOUND('',#15597,.F.);
#15597 = EDGE_LOOP('',(#15598,#15609,#15617,#15625,#15633,#15642,#15650,
    #15658,#15666,#15674,#15682,#15690,#15698,#15707,#15715));
#15598 = ORIENTED_EDGE('',*,*,#15599,.T.);
#15599 = EDGE_CURVE('',#15600,#15602,#15604,.T.);
#15600 = VERTEX_POINT('',#15601);
#15601 = CARTESIAN_POINT('',(150.498123,-93.492725,1.485));
#15602 = VERTEX_POINT('',#15603);
#15603 = CARTESIAN_POINT('',(150.688702,-93.456439,1.485));
#15604 = CIRCLE('',#15605,0.212843039818);
#15605 = AXIS2_PLACEMENT_3D('',#15606,#15607,#15608);
#15606 = CARTESIAN_POINT('',(150.62884776768,-93.66069283833,1.485));
#15607 = DIRECTION('',(0.,0.,-1.));
#15608 = DIRECTION('',(-0.614183897176,0.789162936566,0.));
#15609 = ORIENTED_EDGE('',*,*,#15610,.T.);
#15610 = EDGE_CURVE('',#15602,#15611,#15613,.T.);
#15611 = VERTEX_POINT('',#15612);
#15612 = CARTESIAN_POINT('',(150.774477,-93.502241,1.485));
#15613 = LINE('',#15614,#15615);
#15614 = CARTESIAN_POINT('',(150.688702,-93.456439,1.485));
#15615 = VECTOR('',#15616,1.);
#15616 = DIRECTION('',(0.882116545319,-0.471031209661,0.));
#15617 = ORIENTED_EDGE('',*,*,#15618,.T.);
#15618 = EDGE_CURVE('',#15611,#15619,#15621,.T.);
#15619 = VERTEX_POINT('',#15620);
#15620 = CARTESIAN_POINT('',(150.820279,-93.55173,1.485));
#15621 = LINE('',#15622,#15623);
#15622 = CARTESIAN_POINT('',(150.774477,-93.502241,1.485));
#15623 = VECTOR('',#15624,1.);
#15624 = DIRECTION('',(0.679239156349,-0.733917003811,0.));
#15625 = ORIENTED_EDGE('',*,*,#15626,.T.);
#15626 = EDGE_CURVE('',#15619,#15627,#15629,.T.);
#15627 = VERTEX_POINT('',#15628);
#15628 = CARTESIAN_POINT('',(150.86041,-93.634698,1.485));
#15629 = LINE('',#15630,#15631);
#15630 = CARTESIAN_POINT('',(150.820279,-93.55173,1.485));
#15631 = VECTOR('',#15632,1.);
#15632 = DIRECTION('',(0.435430748185,-0.900222230083,0.));
#15633 = ORIENTED_EDGE('',*,*,#15634,.T.);
#15634 = EDGE_CURVE('',#15627,#15635,#15637,.T.);
#15635 = VERTEX_POINT('',#15636);
#15636 = CARTESIAN_POINT('',(150.856564,-94.141451,1.485));
#15637 = CIRCLE('',#15638,0.730363781494);
#15638 = AXIS2_PLACEMENT_3D('',#15639,#15640,#15641);
#15639 = CARTESIAN_POINT('',(150.17350460719,-93.88287582868,1.485));
#15640 = DIRECTION('',(0.,0.,-1.));
#15641 = DIRECTION('',(0.940497612574,0.339800295384,0.));
#15642 = ORIENTED_EDGE('',*,*,#15643,.T.);
#15643 = EDGE_CURVE('',#15635,#15644,#15646,.T.);
#15644 = VERTEX_POINT('',#15645);
#15645 = CARTESIAN_POINT('',(150.810763,-94.227226,1.485));
#15646 = LINE('',#15647,#15648);
#15647 = CARTESIAN_POINT('',(150.856564,-94.141451,1.485));
#15648 = VECTOR('',#15649,1.);
#15649 = DIRECTION('',(-0.47102320726,-0.882120818382,0.));
#15650 = ORIENTED_EDGE('',*,*,#15651,.T.);
#15651 = EDGE_CURVE('',#15644,#15652,#15654,.T.);
#15652 = VERTEX_POINT('',#15653);
#15653 = CARTESIAN_POINT('',(150.761274,-94.273028,1.485));
#15654 = LINE('',#15655,#15656);
#15655 = CARTESIAN_POINT('',(150.810763,-94.227226,1.485));
#15656 = VECTOR('',#15657,1.);
#15657 = DIRECTION('',(-0.733917003811,-0.679239156349,0.));
#15658 = ORIENTED_EDGE('',*,*,#15659,.T.);
#15659 = EDGE_CURVE('',#15652,#15660,#15662,.T.);
#15660 = VERTEX_POINT('',#15661);
#15661 = CARTESIAN_POINT('',(150.677437,-94.312397,1.485));
#15662 = LINE('',#15663,#15664);
#15663 = CARTESIAN_POINT('',(150.761274,-94.273028,1.485));
#15664 = VECTOR('',#15665,1.);
#15665 = DIRECTION('',(-0.905166587014,-0.425056995887,0.));
#15666 = ORIENTED_EDGE('',*,*,#15667,.T.);
#15667 = EDGE_CURVE('',#15660,#15668,#15670,.T.);
#15668 = VERTEX_POINT('',#15669);
#15669 = CARTESIAN_POINT('',(150.581959,-94.312397,1.485));
#15670 = LINE('',#15671,#15672);
#15671 = CARTESIAN_POINT('',(150.677437,-94.312397,1.485));
#15672 = VECTOR('',#15673,1.);
#15673 = DIRECTION('',(-1.,0.,0.));
#15674 = ORIENTED_EDGE('',*,*,#15675,.T.);
#15675 = EDGE_CURVE('',#15668,#15676,#15678,.T.);
#15676 = VERTEX_POINT('',#15677);
#15677 = CARTESIAN_POINT('',(150.484921,-94.263512,1.485));
#15678 = LINE('',#15679,#15680);
#15679 = CARTESIAN_POINT('',(150.581959,-94.312397,1.485));
#15680 = VECTOR('',#15681,1.);
#15681 = DIRECTION('',(-0.893075759534,0.449906309949,0.));
#15682 = ORIENTED_EDGE('',*,*,#15683,.T.);
#15683 = EDGE_CURVE('',#15676,#15684,#15686,.T.);
#15684 = VERTEX_POINT('',#15685);
#15685 = CARTESIAN_POINT('',(150.439119,-94.214023,1.485));
#15686 = LINE('',#15687,#15688);
#15687 = CARTESIAN_POINT('',(150.484921,-94.263512,1.485));
#15688 = VECTOR('',#15689,1.);
#15689 = DIRECTION('',(-0.679239156349,0.733917003811,0.));
#15690 = ORIENTED_EDGE('',*,*,#15691,.T.);
#15691 = EDGE_CURVE('',#15684,#15692,#15694,.T.);
#15692 = VERTEX_POINT('',#15693);
#15693 = CARTESIAN_POINT('',(150.398987,-94.131054,1.485));
#15694 = LINE('',#15695,#15696);
#15695 = CARTESIAN_POINT('',(150.439119,-94.214023,1.485));
#15696 = VECTOR('',#15697,1.);
#15697 = DIRECTION('',(-0.435435288022,0.900220034184,0.));
#15698 = ORIENTED_EDGE('',*,*,#15699,.T.);
#15699 = EDGE_CURVE('',#15692,#15700,#15702,.T.);
#15700 = VERTEX_POINT('',#15701);
#15701 = CARTESIAN_POINT('',(150.402833,-93.6243,1.485));
#15702 = CIRCLE('',#15703,0.730363705539);
#15703 = AXIS2_PLACEMENT_3D('',#15704,#15705,#15706);
#15704 = CARTESIAN_POINT('',(151.08589212696,-93.88287565903,1.485));
#15705 = DIRECTION('',(0.,0.,-1.));
#15706 = DIRECTION('',(-0.940497346392,-0.339801032121,-0.));
#15707 = ORIENTED_EDGE('',*,*,#15708,.T.);
#15708 = EDGE_CURVE('',#15700,#15709,#15711,.T.);
#15709 = VERTEX_POINT('',#15710);
#15710 = CARTESIAN_POINT('',(150.448635,-93.538527,1.485));
#15711 = LINE('',#15712,#15713);
#15712 = CARTESIAN_POINT('',(150.402833,-93.6243,1.485));
#15713 = VECTOR('',#15714,1.);
#15714 = DIRECTION('',(0.471039755952,0.882111981731,0.));
#15715 = ORIENTED_EDGE('',*,*,#15716,.T.);
#15716 = EDGE_CURVE('',#15709,#15600,#15717,.T.);
#15717 = LINE('',#15718,#15719);
#15718 = CARTESIAN_POINT('',(150.448635,-93.538527,1.485));
#15719 = VECTOR('',#15720,1.);
#15720 = DIRECTION('',(0.733910161689,0.679246549177,0.));
#15721 = FACE_BOUND('',#15722,.F.);
#15722 = EDGE_LOOP('',(#15723,#15734,#15742,#15750,#15759,#15767,#15775,
    #15784,#15792,#15800,#15809,#15817));
#15723 = ORIENTED_EDGE('',*,*,#15724,.T.);
#15724 = EDGE_CURVE('',#15725,#15727,#15729,.T.);
#15725 = VERTEX_POINT('',#15726);
#15726 = CARTESIAN_POINT('',(150.708464,-93.579912,1.485));
#15727 = VERTEX_POINT('',#15728);
#15728 = CARTESIAN_POINT('',(150.550933,-93.579912,1.485));
#15729 = CIRCLE('',#15730,0.119179931301);
#15730 = AXIS2_PLACEMENT_3D('',#15731,#15732,#15733);
#15731 = CARTESIAN_POINT('',(150.6296985,-93.66935389194,1.485));
#15732 = DIRECTION('',(0.,0.,1.));
#15733 = DIRECTION('',(0.660895665405,0.750477794107,-0.));
#15734 = ORIENTED_EDGE('',*,*,#15735,.T.);
#15735 = EDGE_CURVE('',#15727,#15736,#15738,.T.);
#15736 = VERTEX_POINT('',#15737);
#15737 = CARTESIAN_POINT('',(150.526306,-93.604539,1.485));
#15738 = LINE('',#15739,#15740);
#15739 = CARTESIAN_POINT('',(150.550933,-93.579912,1.485));
#15740 = VECTOR('',#15741,1.);
#15741 = DIRECTION('',(-0.707106781186,-0.707106781187,0.));
#15742 = ORIENTED_EDGE('',*,*,#15743,.T.);
#15743 = EDGE_CURVE('',#15736,#15744,#15746,.T.);
#15744 = VERTEX_POINT('',#15745);
#15745 = CARTESIAN_POINT('',(150.496199,-93.664752,1.485));
#15746 = LINE('',#15747,#15748);
#15747 = CARTESIAN_POINT('',(150.526306,-93.604539,1.485));
#15748 = VECTOR('',#15749,1.);
#15749 = DIRECTION('',(-0.447219537225,-0.894424220113,0.));
#15750 = ORIENTED_EDGE('',*,*,#15751,.T.);
#15751 = EDGE_CURVE('',#15744,#15752,#15754,.T.);
#15752 = VERTEX_POINT('',#15753);
#15753 = CARTESIAN_POINT('',(150.4962,-94.101001,1.485));
#15754 = CIRCLE('',#15755,0.627596855186);
#15755 = AXIS2_PLACEMENT_3D('',#15756,#15757,#15758);
#15756 = CARTESIAN_POINT('',(151.08467168722,-93.88287515106,1.485));
#15757 = DIRECTION('',(0.,0.,1.));
#15758 = DIRECTION('',(-0.937660350529,0.347552970129,0.));
#15759 = ORIENTED_EDGE('',*,*,#15760,.T.);
#15760 = EDGE_CURVE('',#15752,#15761,#15763,.T.);
#15761 = VERTEX_POINT('',#15762);
#15762 = CARTESIAN_POINT('',(150.526306,-94.161213,1.485));
#15763 = LINE('',#15764,#15765);
#15764 = CARTESIAN_POINT('',(150.4962,-94.101001,1.485));
#15765 = VECTOR('',#15766,1.);
#15766 = DIRECTION('',(0.4472135955,-0.894427191,0.));
#15767 = ORIENTED_EDGE('',*,*,#15768,.T.);
#15768 = EDGE_CURVE('',#15761,#15769,#15771,.T.);
#15769 = VERTEX_POINT('',#15770);
#15770 = CARTESIAN_POINT('',(150.550933,-94.18584,1.485));
#15771 = LINE('',#15772,#15773);
#15772 = CARTESIAN_POINT('',(150.526306,-94.161213,1.485));
#15773 = VECTOR('',#15774,1.);
#15774 = DIRECTION('',(0.707106781186,-0.707106781187,0.));
#15775 = ORIENTED_EDGE('',*,*,#15776,.T.);
#15776 = EDGE_CURVE('',#15769,#15777,#15779,.T.);
#15777 = VERTEX_POINT('',#15778);
#15778 = CARTESIAN_POINT('',(150.708464,-94.18584,1.485));
#15779 = CIRCLE('',#15780,0.119179931301);
#15780 = AXIS2_PLACEMENT_3D('',#15781,#15782,#15783);
#15781 = CARTESIAN_POINT('',(150.6296985,-94.09639810805,1.485));
#15782 = DIRECTION('',(0.,0.,1.));
#15783 = DIRECTION('',(-0.660895665406,-0.750477794107,0.));
#15784 = ORIENTED_EDGE('',*,*,#15785,.T.);
#15785 = EDGE_CURVE('',#15777,#15786,#15788,.T.);
#15786 = VERTEX_POINT('',#15787);
#15787 = CARTESIAN_POINT('',(150.733091,-94.161213,1.485));
#15788 = LINE('',#15789,#15790);
#15789 = CARTESIAN_POINT('',(150.708464,-94.18584,1.485));
#15790 = VECTOR('',#15791,1.);
#15791 = DIRECTION('',(0.707106781187,0.707106781186,0.));
#15792 = ORIENTED_EDGE('',*,*,#15793,.T.);
#15793 = EDGE_CURVE('',#15786,#15794,#15796,.T.);
#15794 = VERTEX_POINT('',#15795);
#15795 = CARTESIAN_POINT('',(150.763196,-94.101002,1.485));
#15796 = LINE('',#15797,#15798);
#15797 = CARTESIAN_POINT('',(150.733091,-94.161213,1.485));
#15798 = VECTOR('',#15799,1.);
#15799 = DIRECTION('',(0.447207653518,0.894430161966,0.));
#15800 = ORIENTED_EDGE('',*,*,#15801,.T.);
#15801 = EDGE_CURVE('',#15794,#15802,#15804,.T.);
#15802 = VERTEX_POINT('',#15803);
#15803 = CARTESIAN_POINT('',(150.763196,-93.664751,1.485));
#15804 = CIRCLE('',#15805,0.627576321587);
#15805 = AXIS2_PLACEMENT_3D('',#15806,#15807,#15808);
#15806 = CARTESIAN_POINT('',(150.17474608227,-93.8828765,1.485));
#15807 = DIRECTION('',(0.,-0.,1.));
#15808 = DIRECTION('',(0.937654748084,-0.347568084545,-0.));
#15809 = ORIENTED_EDGE('',*,*,#15810,.T.);
#15810 = EDGE_CURVE('',#15802,#15811,#15813,.T.);
#15811 = VERTEX_POINT('',#15812);
#15812 = CARTESIAN_POINT('',(150.733091,-93.604539,1.485));
#15813 = LINE('',#15814,#15815);
#15814 = CARTESIAN_POINT('',(150.763196,-93.664751,1.485));
#15815 = VECTOR('',#15816,1.);
#15816 = DIRECTION('',(-0.447201711675,0.894433132814,0.));
#15817 = ORIENTED_EDGE('',*,*,#15818,.T.);
#15818 = EDGE_CURVE('',#15811,#15725,#15819,.T.);
#15819 = LINE('',#15820,#15821);
#15820 = CARTESIAN_POINT('',(150.733091,-93.604539,1.485));
#15821 = VECTOR('',#15822,1.);
#15822 = DIRECTION('',(-0.707106781187,0.707106781187,0.));
#15823 = PLANE('',#15824);
#15824 = AXIS2_PLACEMENT_3D('',#15825,#15826,#15827);
#15825 = CARTESIAN_POINT('',(0.,0.,1.485));
#15826 = DIRECTION('',(0.,0.,1.));
#15827 = DIRECTION('',(1.,0.,-0.));
#15828 = SHELL_BASED_SURFACE_MODEL('',(#15829));
#15829 = OPEN_SHELL('',(#15830));
#15830 = ADVANCED_FACE('',(#15831,#15908),#15985,.T.);
#15831 = FACE_BOUND('',#15832,.F.);
#15832 = EDGE_LOOP('',(#15833,#15844,#15852,#15860,#15869,#15877,#15886,
    #15894,#15902));
#15833 = ORIENTED_EDGE('',*,*,#15834,.T.);
#15834 = EDGE_CURVE('',#15835,#15837,#15839,.T.);
#15835 = VERTEX_POINT('',#15836);
#15836 = CARTESIAN_POINT('',(154.238409,-93.746725,1.485));
#15837 = VERTEX_POINT('',#15838);
#15838 = CARTESIAN_POINT('',(154.465274,-93.710439,1.485));
#15839 = CIRCLE('',#15840,0.273919191275);
#15840 = AXIS2_PLACEMENT_3D('',#15841,#15842,#15843);
#15841 = CARTESIAN_POINT('',(154.39111554768,-93.97412867992,1.485));
#15842 = DIRECTION('',(0.,0.,-1.));
#15843 = DIRECTION('',(-0.557487582278,0.830185277878,0.));
#15844 = ORIENTED_EDGE('',*,*,#15845,.T.);
#15845 = EDGE_CURVE('',#15837,#15846,#15848,.T.);
#15846 = VERTEX_POINT('',#15847);
#15847 = CARTESIAN_POINT('',(154.551049,-93.756241,1.485));
#15848 = LINE('',#15849,#15850);
#15849 = CARTESIAN_POINT('',(154.465274,-93.710439,1.485));
#15850 = VECTOR('',#15851,1.);
#15851 = DIRECTION('',(0.882116545319,-0.471031209661,0.));
#15852 = ORIENTED_EDGE('',*,*,#15853,.T.);
#15853 = EDGE_CURVE('',#15846,#15854,#15856,.T.);
#15854 = VERTEX_POINT('',#15855);
#15855 = CARTESIAN_POINT('',(154.596851,-93.80573,1.485));
#15856 = LINE('',#15857,#15858);
#15857 = CARTESIAN_POINT('',(154.551049,-93.756241,1.485));
#15858 = VECTOR('',#15859,1.);
#15859 = DIRECTION('',(0.679239156349,-0.733917003811,0.));
#15860 = ORIENTED_EDGE('',*,*,#15861,.T.);
#15861 = EDGE_CURVE('',#15854,#15862,#15864,.T.);
#15862 = VERTEX_POINT('',#15863);
#15863 = CARTESIAN_POINT('',(154.587335,-94.227226,1.485));
#15864 = CIRCLE('',#15865,0.383016342657);
#15865 = AXIS2_PLACEMENT_3D('',#15866,#15867,#15868);
#15866 = CARTESIAN_POINT('',(154.2723867875,-94.00926008021,1.485));
#15867 = DIRECTION('',(0.,0.,-1.));
#15868 = DIRECTION('',(0.847128898586,0.531387456739,0.));
#15869 = ORIENTED_EDGE('',*,*,#15870,.T.);
#15870 = EDGE_CURVE('',#15862,#15871,#15873,.T.);
#15871 = VERTEX_POINT('',#15872);
#15872 = CARTESIAN_POINT('',(154.537846,-94.273028,1.485));
#15873 = LINE('',#15874,#15875);
#15874 = CARTESIAN_POINT('',(154.587335,-94.227226,1.485));
#15875 = VECTOR('',#15876,1.);
#15876 = DIRECTION('',(-0.733917003811,-0.679239156349,0.));
#15877 = ORIENTED_EDGE('',*,*,#15878,.T.);
#15878 = EDGE_CURVE('',#15871,#15879,#15881,.T.);
#15879 = VERTEX_POINT('',#15880);
#15880 = CARTESIAN_POINT('',(154.140034,-94.130186,1.485));
#15881 = CIRCLE('',#15882,0.256909691593);
#15882 = AXIS2_PLACEMENT_3D('',#15883,#15884,#15885);
#15883 = CARTESIAN_POINT('',(154.3883052809,-94.06412571909,1.485));
#15884 = DIRECTION('',(-0.,0.,-1.));
#15885 = DIRECTION('',(0.582075040334,-0.813135073294,-0.));
#15886 = ORIENTED_EDGE('',*,*,#15887,.T.);
#15887 = EDGE_CURVE('',#15879,#15888,#15890,.T.);
#15888 = VERTEX_POINT('',#15889);
#15889 = CARTESIAN_POINT('',(154.140035,-93.889561,1.485));
#15890 = LINE('',#15891,#15892);
#15891 = CARTESIAN_POINT('',(154.140034,-94.130186,1.485));
#15892 = VECTOR('',#15893,1.);
#15893 = DIRECTION('',(4.155844145316E-06,0.999999999991,0.));
#15894 = ORIENTED_EDGE('',*,*,#15895,.T.);
#15895 = EDGE_CURVE('',#15888,#15896,#15898,.T.);
#15896 = VERTEX_POINT('',#15897);
#15897 = CARTESIAN_POINT('',(154.188921,-93.792527,1.485));
#15898 = LINE('',#15899,#15900);
#15899 = CARTESIAN_POINT('',(154.140035,-93.889561,1.485));
#15900 = VECTOR('',#15901,1.);
#15901 = DIRECTION('',(0.449928442561,0.893064609407,0.));
#15902 = ORIENTED_EDGE('',*,*,#15903,.T.);
#15903 = EDGE_CURVE('',#15896,#15835,#15904,.T.);
#15904 = LINE('',#15905,#15906);
#15905 = CARTESIAN_POINT('',(154.188921,-93.792527,1.485));
#15906 = VECTOR('',#15907,1.);
#15907 = DIRECTION('',(0.733910161689,0.679246549177,0.));
#15908 = FACE_BOUND('',#15909,.F.);
#15909 = EDGE_LOOP('',(#15910,#15921,#15929,#15937,#15946,#15954,#15963,
    #15971,#15979));
#15910 = ORIENTED_EDGE('',*,*,#15911,.T.);
#15911 = EDGE_CURVE('',#15912,#15914,#15916,.T.);
#15912 = VERTEX_POINT('',#15913);
#15913 = CARTESIAN_POINT('',(154.485036,-93.833912,1.485));
#15914 = VERTEX_POINT('',#15915);
#15915 = CARTESIAN_POINT('',(154.266592,-93.858539,1.485));
#15916 = CIRCLE('',#15917,0.157345399395);
#15917 = AXIS2_PLACEMENT_3D('',#15918,#15919,#15920);
#15918 = CARTESIAN_POINT('',(154.38842729812,-93.95810673995,1.485));
#15919 = DIRECTION('',(0.,0.,1.));
#15920 = DIRECTION('',(0.613991271703,0.789312813954,-0.));
#15921 = ORIENTED_EDGE('',*,*,#15922,.T.);
#15922 = EDGE_CURVE('',#15914,#15923,#15925,.T.);
#15923 = VERTEX_POINT('',#15924);
#15924 = CARTESIAN_POINT('',(154.239356,-93.913012,1.485));
#15925 = LINE('',#15926,#15927);
#15926 = CARTESIAN_POINT('',(154.266592,-93.858539,1.485));
#15927 = VECTOR('',#15928,1.);
#15928 = DIRECTION('',(-0.447207027607,-0.894430474916,0.));
#15929 = ORIENTED_EDGE('',*,*,#15930,.T.);
#15930 = EDGE_CURVE('',#15923,#15931,#15933,.T.);
#15931 = VERTEX_POINT('',#15932);
#15932 = CARTESIAN_POINT('',(154.239356,-94.106741,1.485));
#15933 = LINE('',#15934,#15935);
#15934 = CARTESIAN_POINT('',(154.239356,-93.913012,1.485));
#15935 = VECTOR('',#15936,1.);
#15936 = DIRECTION('',(0.,-1.,0.));
#15937 = ORIENTED_EDGE('',*,*,#15938,.T.);
#15938 = EDGE_CURVE('',#15931,#15939,#15941,.T.);
#15939 = VERTEX_POINT('',#15940);
#15940 = CARTESIAN_POINT('',(154.345692,-94.213076,1.485));
#15941 = CIRCLE('',#15942,0.149552067591);
#15942 = AXIS2_PLACEMENT_3D('',#15943,#15944,#15945);
#15943 = CARTESIAN_POINT('',(154.38393528069,-94.06849635965,1.485));
#15944 = DIRECTION('',(0.,0.,1.));
#15945 = DIRECTION('',(-0.966748792051,-0.25572792782,0.));
#15946 = ORIENTED_EDGE('',*,*,#15947,.T.);
#15947 = EDGE_CURVE('',#15939,#15948,#15950,.T.);
#15948 = VERTEX_POINT('',#15949);
#15949 = CARTESIAN_POINT('',(154.430564,-94.213076,1.485));
#15950 = LINE('',#15951,#15952);
#15951 = CARTESIAN_POINT('',(154.345692,-94.213076,1.485));
#15952 = VECTOR('',#15953,1.);
#15953 = DIRECTION('',(1.,0.,0.));
#15954 = ORIENTED_EDGE('',*,*,#15955,.T.);
#15955 = EDGE_CURVE('',#15948,#15956,#15958,.T.);
#15956 = VERTEX_POINT('',#15957);
#15957 = CARTESIAN_POINT('',(154.536899,-94.106741,1.485));
#15958 = CIRCLE('',#15959,0.149552854954);
#15959 = AXIS2_PLACEMENT_3D('',#15960,#15961,#15962);
#15960 = CARTESIAN_POINT('',(154.392319,-94.068496,1.485));
#15961 = DIRECTION('',(0.,0.,1.));
#15962 = DIRECTION('',(0.255728986328,-0.96674851205,0.));
#15963 = ORIENTED_EDGE('',*,*,#15964,.T.);
#15964 = EDGE_CURVE('',#15956,#15965,#15967,.T.);
#15965 = VERTEX_POINT('',#15966);
#15966 = CARTESIAN_POINT('',(154.536899,-93.913011,1.485));
#15967 = LINE('',#15968,#15969);
#15968 = CARTESIAN_POINT('',(154.536899,-94.106741,1.485));
#15969 = VECTOR('',#15970,1.);
#15970 = DIRECTION('',(0.,1.,0.));
#15971 = ORIENTED_EDGE('',*,*,#15972,.T.);
#15972 = EDGE_CURVE('',#15965,#15973,#15975,.T.);
#15973 = VERTEX_POINT('',#15974);
#15974 = CARTESIAN_POINT('',(154.509663,-93.858539,1.485));
#15975 = LINE('',#15976,#15977);
#15976 = CARTESIAN_POINT('',(154.536899,-93.913011,1.485));
#15977 = VECTOR('',#15978,1.);
#15978 = DIRECTION('',(-0.4472135955,0.894427191,0.));
#15979 = ORIENTED_EDGE('',*,*,#15980,.T.);
#15980 = EDGE_CURVE('',#15973,#15912,#15981,.T.);
#15981 = LINE('',#15982,#15983);
#15982 = CARTESIAN_POINT('',(154.509663,-93.858539,1.485));
#15983 = VECTOR('',#15984,1.);
#15984 = DIRECTION('',(-0.707106781186,0.707106781187,0.));
#15985 = PLANE('',#15986);
#15986 = AXIS2_PLACEMENT_3D('',#15987,#15988,#15989);
#15987 = CARTESIAN_POINT('',(0.,0.,1.485));
#15988 = DIRECTION('',(0.,0.,1.));
#15989 = DIRECTION('',(1.,0.,-0.));
#15990 = SHELL_BASED_SURFACE_MODEL('',(#15991));
#15991 = OPEN_SHELL('',(#15992));
#15992 = ADVANCED_FACE('',(#15993),#16037,.T.);
#15993 = FACE_BOUND('',#15994,.F.);
#15994 = EDGE_LOOP('',(#15995,#16006,#16014,#16023,#16031));
#15995 = ORIENTED_EDGE('',*,*,#15996,.T.);
#15996 = EDGE_CURVE('',#15997,#15999,#16001,.T.);
#15997 = VERTEX_POINT('',#15998);
#15998 = CARTESIAN_POINT('',(138.30448,-93.736436,1.485));
#15999 = VERTEX_POINT('',#16000);
#16000 = CARTESIAN_POINT('',(138.402213,-93.755876,1.485));
#16001 = CIRCLE('',#16002,5.079993118246E-02);
#16002 = AXIS2_PLACEMENT_3D('',#16003,#16004,#16005);
#16003 = CARTESIAN_POINT('',(138.35141306881,-93.75587616613,1.485));
#16004 = DIRECTION('',(0.,0.,-1.));
#16005 = DIRECTION('',(-0.923880558995,0.382680954204,0.));
#16006 = ORIENTED_EDGE('',*,*,#16007,.T.);
#16007 = EDGE_CURVE('',#15999,#16008,#16010,.T.);
#16008 = VERTEX_POINT('',#16009);
#16009 = CARTESIAN_POINT('',(138.402213,-94.263876,1.485));
#16010 = LINE('',#16011,#16012);
#16011 = CARTESIAN_POINT('',(138.402213,-93.755876,1.485));
#16012 = VECTOR('',#16013,1.);
#16013 = DIRECTION('',(0.,-1.,0.));
#16014 = ORIENTED_EDGE('',*,*,#16015,.T.);
#16015 = EDGE_CURVE('',#16008,#16016,#16018,.T.);
#16016 = VERTEX_POINT('',#16017);
#16017 = CARTESIAN_POINT('',(138.300613,-94.263876,1.485));
#16018 = CIRCLE('',#16019,5.080000000044E-02);
#16019 = AXIS2_PLACEMENT_3D('',#16020,#16021,#16022);
#16020 = CARTESIAN_POINT('',(138.351413,-94.26387578787,1.485));
#16021 = DIRECTION('',(-0.,0.,-1.));
#16022 = DIRECTION('',(0.999999999991,-4.175620479269E-06,-0.));
#16023 = ORIENTED_EDGE('',*,*,#16024,.T.);
#16024 = EDGE_CURVE('',#16016,#16025,#16027,.T.);
#16025 = VERTEX_POINT('',#16026);
#16026 = CARTESIAN_POINT('',(138.300613,-93.755876,1.485));
#16027 = LINE('',#16028,#16029);
#16028 = CARTESIAN_POINT('',(138.300613,-94.263876,1.485));
#16029 = VECTOR('',#16030,1.);
#16030 = DIRECTION('',(0.,1.,0.));
#16031 = ORIENTED_EDGE('',*,*,#16032,.T.);
#16032 = EDGE_CURVE('',#16025,#15997,#16033,.T.);
#16033 = LINE('',#16034,#16035);
#16034 = CARTESIAN_POINT('',(138.300613,-93.755876,1.485));
#16035 = VECTOR('',#16036,1.);
#16036 = DIRECTION('',(0.195097290094,0.980783894341,0.));
#16037 = PLANE('',#16038);
#16038 = AXIS2_PLACEMENT_3D('',#16039,#16040,#16041);
#16039 = CARTESIAN_POINT('',(0.,0.,1.485));
#16040 = DIRECTION('',(0.,0.,1.));
#16041 = DIRECTION('',(1.,0.,-0.));
#16042 = SHELL_BASED_SURFACE_MODEL('',(#16043));
#16043 = OPEN_SHELL('',(#16044));
#16044 = ADVANCED_FACE('',(#16045),#16202,.T.);
#16045 = FACE_BOUND('',#16046,.F.);
#16046 = EDGE_LOOP('',(#16047,#16058,#16066,#16074,#16082,#16090,#16098,
    #16106,#16114,#16122,#16131,#16139,#16147,#16155,#16163,#16171,
    #16179,#16187,#16196));
#16047 = ORIENTED_EDGE('',*,*,#16048,.T.);
#16048 = EDGE_CURVE('',#16049,#16051,#16053,.T.);
#16049 = VERTEX_POINT('',#16050);
#16050 = CARTESIAN_POINT('',(138.66347,-93.755876,1.485));
#16051 = VERTEX_POINT('',#16052);
#16052 = CARTESIAN_POINT('',(138.73371,-93.708943,1.485));
#16053 = CIRCLE('',#16054,5.080023117892E-02);
#16054 = AXIS2_PLACEMENT_3D('',#16055,#16056,#16057);
#16055 = CARTESIAN_POINT('',(138.71427023117,-93.7558765581,1.485));
#16056 = DIRECTION('',(0.,0.,-1.));
#16057 = DIRECTION('',(-0.99999999994,1.098616400781E-05,0.));
#16058 = ORIENTED_EDGE('',*,*,#16059,.T.);
#16059 = EDGE_CURVE('',#16051,#16060,#16062,.T.);
#16060 = VERTEX_POINT('',#16061);
#16061 = CARTESIAN_POINT('',(138.75694,-93.732173,1.485));
#16062 = LINE('',#16063,#16064);
#16063 = CARTESIAN_POINT('',(138.73371,-93.708943,1.485));
#16064 = VECTOR('',#16065,1.);
#16065 = DIRECTION('',(0.707106781186,-0.707106781187,0.));
#16066 = ORIENTED_EDGE('',*,*,#16067,.T.);
#16067 = EDGE_CURVE('',#16060,#16068,#16070,.T.);
#16068 = VERTEX_POINT('',#16069);
#16069 = CARTESIAN_POINT('',(138.819525,-93.705204,1.485));
#16070 = LINE('',#16071,#16072);
#16071 = CARTESIAN_POINT('',(138.75694,-93.732173,1.485));
#16072 = VECTOR('',#16073,1.);
#16073 = DIRECTION('',(0.918362982904,0.395739095405,0.));
#16074 = ORIENTED_EDGE('',*,*,#16075,.T.);
#16075 = EDGE_CURVE('',#16068,#16076,#16078,.T.);
#16076 = VERTEX_POINT('',#16077);
#16077 = CARTESIAN_POINT('',(138.934479,-93.705572,1.485));
#16078 = LINE('',#16079,#16080);
#16079 = CARTESIAN_POINT('',(138.819525,-93.705204,1.485));
#16080 = VECTOR('',#16081,1.);
#16081 = DIRECTION('',(0.999994875941,-3.201264108731E-03,0.));
#16082 = ORIENTED_EDGE('',*,*,#16083,.T.);
#16083 = EDGE_CURVE('',#16076,#16084,#16086,.T.);
#16084 = VERTEX_POINT('',#16085);
#16085 = CARTESIAN_POINT('',(138.954702,-93.710439,1.485));
#16086 = LINE('',#16087,#16088);
#16087 = CARTESIAN_POINT('',(138.934479,-93.705572,1.485));
#16088 = VECTOR('',#16089,1.);
#16089 = DIRECTION('',(0.972240044487,-0.233985674554,0.));
#16090 = ORIENTED_EDGE('',*,*,#16091,.T.);
#16091 = EDGE_CURVE('',#16084,#16092,#16094,.T.);
#16092 = VERTEX_POINT('',#16093);
#16093 = CARTESIAN_POINT('',(139.040065,-93.756652,1.485));
#16094 = LINE('',#16095,#16096);
#16095 = CARTESIAN_POINT('',(138.954702,-93.710439,1.485));
#16096 = VECTOR('',#16097,1.);
#16097 = DIRECTION('',(0.879401060629,-0.476081688962,0.));
#16098 = ORIENTED_EDGE('',*,*,#16099,.T.);
#16099 = EDGE_CURVE('',#16092,#16100,#16102,.T.);
#16100 = VERTEX_POINT('',#16101);
#16101 = CARTESIAN_POINT('',(139.087775,-93.845293,1.485));
#16102 = LINE('',#16103,#16104);
#16103 = CARTESIAN_POINT('',(139.040065,-93.756652,1.485));
#16104 = VECTOR('',#16105,1.);
#16105 = DIRECTION('',(0.473947571708,-0.880553064427,0.));
#16106 = ORIENTED_EDGE('',*,*,#16107,.T.);
#16107 = EDGE_CURVE('',#16100,#16108,#16110,.T.);
#16108 = VERTEX_POINT('',#16109);
#16109 = CARTESIAN_POINT('',(139.091642,-93.864733,1.485));
#16110 = LINE('',#16111,#16112);
#16111 = CARTESIAN_POINT('',(139.087775,-93.845293,1.485));
#16112 = VECTOR('',#16113,1.);
#16113 = DIRECTION('',(0.195097290094,-0.980783894341,0.));
#16114 = ORIENTED_EDGE('',*,*,#16115,.T.);
#16115 = EDGE_CURVE('',#16108,#16116,#16118,.T.);
#16116 = VERTEX_POINT('',#16117);
#16117 = CARTESIAN_POINT('',(139.091642,-94.263876,1.485));
#16118 = LINE('',#16119,#16120);
#16119 = CARTESIAN_POINT('',(139.091642,-93.864733,1.485));
#16120 = VECTOR('',#16121,1.);
#16121 = DIRECTION('',(0.,-1.,0.));
#16122 = ORIENTED_EDGE('',*,*,#16123,.T.);
#16123 = EDGE_CURVE('',#16116,#16124,#16126,.T.);
#16124 = VERTEX_POINT('',#16125);
#16125 = CARTESIAN_POINT('',(138.990042,-94.263876,1.485));
#16126 = CIRCLE('',#16127,5.080000000045E-02);
#16127 = AXIS2_PLACEMENT_3D('',#16128,#16129,#16130);
#16128 = CARTESIAN_POINT('',(139.040842,-94.26387578787,1.485));
#16129 = DIRECTION('',(-0.,0.,-1.));
#16130 = DIRECTION('',(0.999999999991,-4.175620759011E-06,-0.));
#16131 = ORIENTED_EDGE('',*,*,#16132,.T.);
#16132 = EDGE_CURVE('',#16124,#16133,#16135,.T.);
#16133 = VERTEX_POINT('',#16134);
#16134 = CARTESIAN_POINT('',(138.990042,-93.876726,1.485));
#16135 = LINE('',#16136,#16137);
#16136 = CARTESIAN_POINT('',(138.990042,-94.263876,1.485));
#16137 = VECTOR('',#16138,1.);
#16138 = DIRECTION('',(0.,1.,0.));
#16139 = ORIENTED_EDGE('',*,*,#16140,.T.);
#16140 = EDGE_CURVE('',#16133,#16141,#16143,.T.);
#16141 = VERTEX_POINT('',#16142);
#16142 = CARTESIAN_POINT('',(138.966691,-93.830025,1.485));
#16143 = LINE('',#16144,#16145);
#16144 = CARTESIAN_POINT('',(138.990042,-93.876726,1.485));
#16145 = VECTOR('',#16146,1.);
#16146 = DIRECTION('',(-0.447221256333,0.894423360542,0.));
#16147 = ORIENTED_EDGE('',*,*,#16148,.T.);
#16148 = EDGE_CURVE('',#16141,#16149,#16151,.T.);
#16149 = VERTEX_POINT('',#16150);
#16150 = CARTESIAN_POINT('',(138.919992,-93.806676,1.485));
#16151 = LINE('',#16152,#16153);
#16152 = CARTESIAN_POINT('',(138.966691,-93.830025,1.485));
#16153 = VECTOR('',#16154,1.);
#16154 = DIRECTION('',(-0.894431021589,0.44720593424,0.));
#16155 = ORIENTED_EDGE('',*,*,#16156,.T.);
#16156 = EDGE_CURVE('',#16149,#16157,#16159,.T.);
#16157 = VERTEX_POINT('',#16158);
#16158 = CARTESIAN_POINT('',(138.83512,-93.806676,1.485));
#16159 = LINE('',#16160,#16161);
#16160 = CARTESIAN_POINT('',(138.919992,-93.806676,1.485));
#16161 = VECTOR('',#16162,1.);
#16162 = DIRECTION('',(-1.,0.,0.));
#16163 = ORIENTED_EDGE('',*,*,#16164,.T.);
#16164 = EDGE_CURVE('',#16157,#16165,#16167,.T.);
#16165 = VERTEX_POINT('',#16166);
#16166 = CARTESIAN_POINT('',(138.780647,-93.833912,1.485));
#16167 = LINE('',#16168,#16169);
#16168 = CARTESIAN_POINT('',(138.83512,-93.806676,1.485));
#16169 = VECTOR('',#16170,1.);
#16170 = DIRECTION('',(-0.894430474916,-0.447207027607,0.));
#16171 = ORIENTED_EDGE('',*,*,#16172,.T.);
#16172 = EDGE_CURVE('',#16165,#16173,#16175,.T.);
#16173 = VERTEX_POINT('',#16174);
#16174 = CARTESIAN_POINT('',(138.76507,-93.84949,1.485));
#16175 = LINE('',#16176,#16177);
#16176 = CARTESIAN_POINT('',(138.780647,-93.833912,1.485));
#16177 = VECTOR('',#16178,1.);
#16178 = DIRECTION('',(-0.707084084408,-0.707129477237,0.));
#16179 = ORIENTED_EDGE('',*,*,#16180,.T.);
#16180 = EDGE_CURVE('',#16173,#16181,#16183,.T.);
#16181 = VERTEX_POINT('',#16182);
#16182 = CARTESIAN_POINT('',(138.76507,-94.263876,1.485));
#16183 = LINE('',#16184,#16185);
#16184 = CARTESIAN_POINT('',(138.76507,-93.84949,1.485));
#16185 = VECTOR('',#16186,1.);
#16186 = DIRECTION('',(0.,-1.,0.));
#16187 = ORIENTED_EDGE('',*,*,#16188,.T.);
#16188 = EDGE_CURVE('',#16181,#16189,#16191,.T.);
#16189 = VERTEX_POINT('',#16190);
#16190 = CARTESIAN_POINT('',(138.66347,-94.263876,1.485));
#16191 = CIRCLE('',#16192,5.080000000045E-02);
#16192 = AXIS2_PLACEMENT_3D('',#16193,#16194,#16195);
#16193 = CARTESIAN_POINT('',(138.71427,-94.26387578787,1.485));
#16194 = DIRECTION('',(-0.,0.,-1.));
#16195 = DIRECTION('',(0.999999999991,-4.175620759011E-06,-0.));
#16196 = ORIENTED_EDGE('',*,*,#16197,.T.);
#16197 = EDGE_CURVE('',#16189,#16049,#16198,.T.);
#16198 = LINE('',#16199,#16200);
#16199 = CARTESIAN_POINT('',(138.66347,-94.263876,1.485));
#16200 = VECTOR('',#16201,1.);
#16201 = DIRECTION('',(0.,1.,0.));
#16202 = PLANE('',#16203);
#16203 = AXIS2_PLACEMENT_3D('',#16204,#16205,#16206);
#16204 = CARTESIAN_POINT('',(0.,0.,1.485));
#16205 = DIRECTION('',(0.,0.,1.));
#16206 = DIRECTION('',(1.,0.,-0.));
#16207 = SHELL_BASED_SURFACE_MODEL('',(#16208));
#16208 = OPEN_SHELL('',(#16209));
#16209 = ADVANCED_FACE('',(#16210),#16320,.T.);
#16210 = FACE_BOUND('',#16211,.F.);
#16211 = EDGE_LOOP('',(#16212,#16223,#16231,#16239,#16248,#16256,#16264,
    #16273,#16281,#16289,#16298,#16306,#16314));
#16212 = ORIENTED_EDGE('',*,*,#16213,.T.);
#16213 = EDGE_CURVE('',#16214,#16216,#16218,.T.);
#16214 = VERTEX_POINT('',#16215);
#16215 = CARTESIAN_POINT('',(152.871623,-93.663865,1.485));
#16216 = VERTEX_POINT('',#16217);
#16217 = CARTESIAN_POINT('',(152.969356,-93.683305,1.485));
#16218 = CIRCLE('',#16219,5.079993118248E-02);
#16219 = AXIS2_PLACEMENT_3D('',#16220,#16221,#16222);
#16220 = CARTESIAN_POINT('',(152.91855606881,-93.68330516613,1.485));
#16221 = DIRECTION('',(0.,0.,-1.));
#16222 = DIRECTION('',(-0.923880558995,0.382680954204,0.));
#16223 = ORIENTED_EDGE('',*,*,#16224,.T.);
#16224 = EDGE_CURVE('',#16216,#16225,#16227,.T.);
#16225 = VERTEX_POINT('',#16226);
#16226 = CARTESIAN_POINT('',(152.969356,-93.922791,1.485));
#16227 = LINE('',#16228,#16229);
#16228 = CARTESIAN_POINT('',(152.969356,-93.683305,1.485));
#16229 = VECTOR('',#16230,1.);
#16230 = DIRECTION('',(0.,-1.,0.));
#16231 = ORIENTED_EDGE('',*,*,#16232,.T.);
#16232 = EDGE_CURVE('',#16225,#16233,#16235,.T.);
#16233 = VERTEX_POINT('',#16234);
#16234 = CARTESIAN_POINT('',(153.208842,-93.922791,1.485));
#16235 = LINE('',#16236,#16237);
#16236 = CARTESIAN_POINT('',(152.969356,-93.922791,1.485));
#16237 = VECTOR('',#16238,1.);
#16238 = DIRECTION('',(1.,0.,0.));
#16239 = ORIENTED_EDGE('',*,*,#16240,.T.);
#16240 = EDGE_CURVE('',#16233,#16241,#16243,.T.);
#16241 = VERTEX_POINT('',#16242);
#16242 = CARTESIAN_POINT('',(153.208842,-94.024391,1.485));
#16243 = CIRCLE('',#16244,5.080000000045E-02);
#16244 = AXIS2_PLACEMENT_3D('',#16245,#16246,#16247);
#16245 = CARTESIAN_POINT('',(153.20884178787,-93.973591,1.485));
#16246 = DIRECTION('',(0.,0.,-1.));
#16247 = DIRECTION('',(4.175621318494E-06,0.999999999991,0.));
#16248 = ORIENTED_EDGE('',*,*,#16249,.T.);
#16249 = EDGE_CURVE('',#16241,#16250,#16252,.T.);
#16250 = VERTEX_POINT('',#16251);
#16251 = CARTESIAN_POINT('',(152.969356,-94.024391,1.485));
#16252 = LINE('',#16253,#16254);
#16253 = CARTESIAN_POINT('',(153.208842,-94.024391,1.485));
#16254 = VECTOR('',#16255,1.);
#16255 = DIRECTION('',(-1.,0.,0.));
#16256 = ORIENTED_EDGE('',*,*,#16257,.T.);
#16257 = EDGE_CURVE('',#16250,#16258,#16260,.T.);
#16258 = VERTEX_POINT('',#16259);
#16259 = CARTESIAN_POINT('',(152.969356,-94.263876,1.485));
#16260 = LINE('',#16261,#16262);
#16261 = CARTESIAN_POINT('',(152.969356,-94.024391,1.485));
#16262 = VECTOR('',#16263,1.);
#16263 = DIRECTION('',(0.,-1.,0.));
#16264 = ORIENTED_EDGE('',*,*,#16265,.T.);
#16265 = EDGE_CURVE('',#16258,#16266,#16268,.T.);
#16266 = VERTEX_POINT('',#16267);
#16267 = CARTESIAN_POINT('',(152.867756,-94.263876,1.485));
#16268 = CIRCLE('',#16269,5.080000000044E-02);
#16269 = AXIS2_PLACEMENT_3D('',#16270,#16271,#16272);
#16270 = CARTESIAN_POINT('',(152.918556,-94.26387578787,1.485));
#16271 = DIRECTION('',(-0.,0.,-1.));
#16272 = DIRECTION('',(0.999999999991,-4.175620759011E-06,-0.));
#16273 = ORIENTED_EDGE('',*,*,#16274,.T.);
#16274 = EDGE_CURVE('',#16266,#16275,#16277,.T.);
#16275 = VERTEX_POINT('',#16276);
#16276 = CARTESIAN_POINT('',(152.867756,-94.024391,1.485));
#16277 = LINE('',#16278,#16279);
#16278 = CARTESIAN_POINT('',(152.867756,-94.263876,1.485));
#16279 = VECTOR('',#16280,1.);
#16280 = DIRECTION('',(0.,1.,0.));
#16281 = ORIENTED_EDGE('',*,*,#16282,.T.);
#16282 = EDGE_CURVE('',#16275,#16283,#16285,.T.);
#16283 = VERTEX_POINT('',#16284);
#16284 = CARTESIAN_POINT('',(152.62827,-94.024391,1.485));
#16285 = LINE('',#16286,#16287);
#16286 = CARTESIAN_POINT('',(152.867756,-94.024391,1.485));
#16287 = VECTOR('',#16288,1.);
#16288 = DIRECTION('',(-1.,0.,0.));
#16289 = ORIENTED_EDGE('',*,*,#16290,.T.);
#16290 = EDGE_CURVE('',#16283,#16291,#16293,.T.);
#16291 = VERTEX_POINT('',#16292);
#16292 = CARTESIAN_POINT('',(152.62827,-93.922791,1.485));
#16293 = CIRCLE('',#16294,5.080000000045E-02);
#16294 = AXIS2_PLACEMENT_3D('',#16295,#16296,#16297);
#16295 = CARTESIAN_POINT('',(152.62827021212,-93.973591,1.485));
#16296 = DIRECTION('',(0.,0.,-1.));
#16297 = DIRECTION('',(-4.175621318494E-06,-0.999999999991,-0.));
#16298 = ORIENTED_EDGE('',*,*,#16299,.T.);
#16299 = EDGE_CURVE('',#16291,#16300,#16302,.T.);
#16300 = VERTEX_POINT('',#16301);
#16301 = CARTESIAN_POINT('',(152.867756,-93.922791,1.485));
#16302 = LINE('',#16303,#16304);
#16303 = CARTESIAN_POINT('',(152.62827,-93.922791,1.485));
#16304 = VECTOR('',#16305,1.);
#16305 = DIRECTION('',(1.,0.,0.));
#16306 = ORIENTED_EDGE('',*,*,#16307,.T.);
#16307 = EDGE_CURVE('',#16300,#16308,#16310,.T.);
#16308 = VERTEX_POINT('',#16309);
#16309 = CARTESIAN_POINT('',(152.867756,-93.683305,1.485));
#16310 = LINE('',#16311,#16312);
#16311 = CARTESIAN_POINT('',(152.867756,-93.922791,1.485));
#16312 = VECTOR('',#16313,1.);
#16313 = DIRECTION('',(0.,1.,0.));
#16314 = ORIENTED_EDGE('',*,*,#16315,.T.);
#16315 = EDGE_CURVE('',#16308,#16214,#16316,.T.);
#16316 = LINE('',#16317,#16318);
#16317 = CARTESIAN_POINT('',(152.867756,-93.683305,1.485));
#16318 = VECTOR('',#16319,1.);
#16319 = DIRECTION('',(0.195097290093,0.980783894341,0.));
#16320 = PLANE('',#16321);
#16321 = AXIS2_PLACEMENT_3D('',#16322,#16323,#16324);
#16322 = CARTESIAN_POINT('',(0.,0.,1.485));
#16323 = DIRECTION('',(0.,0.,1.));
#16324 = DIRECTION('',(1.,0.,-0.));
#16325 = SHELL_BASED_SURFACE_MODEL('',(#16326));
#16326 = OPEN_SHELL('',(#16327));
#16327 = ADVANCED_FACE('',(#16328),#16364,.T.);
#16328 = FACE_BOUND('',#16329,.F.);
#16329 = EDGE_LOOP('',(#16330,#16341,#16349,#16358));
#16330 = ORIENTED_EDGE('',*,*,#16331,.T.);
#16331 = EDGE_CURVE('',#16332,#16334,#16336,.T.);
#16332 = VERTEX_POINT('',#16333);
#16333 = CARTESIAN_POINT('',(147.49827,-94.024391,1.485));
#16334 = VERTEX_POINT('',#16335);
#16335 = CARTESIAN_POINT('',(147.49827,-93.922791,1.485));
#16336 = CIRCLE('',#16337,5.080000000045E-02);
#16337 = AXIS2_PLACEMENT_3D('',#16338,#16339,#16340);
#16338 = CARTESIAN_POINT('',(147.49827021212,-93.973591,1.485));
#16339 = DIRECTION('',(0.,0.,-1.));
#16340 = DIRECTION('',(-4.175621318494E-06,-0.999999999991,-0.));
#16341 = ORIENTED_EDGE('',*,*,#16342,.T.);
#16342 = EDGE_CURVE('',#16334,#16343,#16345,.T.);
#16343 = VERTEX_POINT('',#16344);
#16344 = CARTESIAN_POINT('',(148.078842,-93.922791,1.485));
#16345 = LINE('',#16346,#16347);
#16346 = CARTESIAN_POINT('',(147.49827,-93.922791,1.485));
#16347 = VECTOR('',#16348,1.);
#16348 = DIRECTION('',(1.,0.,0.));
#16349 = ORIENTED_EDGE('',*,*,#16350,.T.);
#16350 = EDGE_CURVE('',#16343,#16351,#16353,.T.);
#16351 = VERTEX_POINT('',#16352);
#16352 = CARTESIAN_POINT('',(148.078842,-94.024391,1.485));
#16353 = CIRCLE('',#16354,5.080000000045E-02);
#16354 = AXIS2_PLACEMENT_3D('',#16355,#16356,#16357);
#16355 = CARTESIAN_POINT('',(148.07884178787,-93.973591,1.485));
#16356 = DIRECTION('',(0.,0.,-1.));
#16357 = DIRECTION('',(4.175621318494E-06,0.999999999991,0.));
#16358 = ORIENTED_EDGE('',*,*,#16359,.T.);
#16359 = EDGE_CURVE('',#16351,#16332,#16360,.T.);
#16360 = LINE('',#16361,#16362);
#16361 = CARTESIAN_POINT('',(148.078842,-94.024391,1.485));
#16362 = VECTOR('',#16363,1.);
#16363 = DIRECTION('',(-1.,0.,0.));
#16364 = PLANE('',#16365);
#16365 = AXIS2_PLACEMENT_3D('',#16366,#16367,#16368);
#16366 = CARTESIAN_POINT('',(0.,0.,1.485));
#16367 = DIRECTION('',(0.,0.,1.));
#16368 = DIRECTION('',(1.,0.,-0.));
#16369 = SHELL_BASED_SURFACE_MODEL('',(#16370));
#16370 = OPEN_SHELL('',(#16371));
#16371 = ADVANCED_FACE('',(#16372),#16455,.T.);
#16372 = FACE_BOUND('',#16373,.F.);
#16373 = EDGE_LOOP('',(#16374,#16385,#16393,#16401,#16409,#16417,#16425,
    #16433,#16441,#16449));
#16374 = ORIENTED_EDGE('',*,*,#16375,.T.);
#16375 = EDGE_CURVE('',#16376,#16378,#16380,.T.);
#16376 = VERTEX_POINT('',#16377);
#16377 = CARTESIAN_POINT('',(138.315492,-93.465955,1.485));
#16378 = VERTEX_POINT('',#16379);
#16379 = CARTESIAN_POINT('',(138.387334,-93.465955,1.485));
#16380 = CIRCLE('',#16381,5.080049169356E-02);
#16381 = AXIS2_PLACEMENT_3D('',#16382,#16383,#16384);
#16382 = CARTESIAN_POINT('',(138.351413,-93.50187674432,1.485));
#16383 = DIRECTION('',(0.,0.,-1.));
#16384 = DIRECTION('',(-0.707099455192,0.707114107105,0.));
#16385 = ORIENTED_EDGE('',*,*,#16386,.T.);
#16386 = EDGE_CURVE('',#16378,#16387,#16389,.T.);
#16387 = VERTEX_POINT('',#16388);
#16388 = CARTESIAN_POINT('',(138.434632,-93.518722,1.485));
#16389 = LINE('',#16390,#16391);
#16390 = CARTESIAN_POINT('',(138.387334,-93.465955,1.485));
#16391 = VECTOR('',#16392,1.);
#16392 = DIRECTION('',(0.667464080084,-0.744641995725,0.));
#16393 = ORIENTED_EDGE('',*,*,#16394,.T.);
#16394 = EDGE_CURVE('',#16387,#16395,#16397,.T.);
#16395 = VERTEX_POINT('',#16396);
#16396 = CARTESIAN_POINT('',(138.434632,-93.557603,1.485));
#16397 = LINE('',#16398,#16399);
#16398 = CARTESIAN_POINT('',(138.434632,-93.518722,1.485));
#16399 = VECTOR('',#16400,1.);
#16400 = DIRECTION('',(0.,-1.,0.));
#16401 = ORIENTED_EDGE('',*,*,#16402,.T.);
#16402 = EDGE_CURVE('',#16395,#16403,#16405,.T.);
#16403 = VERTEX_POINT('',#16404);
#16404 = CARTESIAN_POINT('',(138.387334,-93.610369,1.485));
#16405 = LINE('',#16406,#16407);
#16406 = CARTESIAN_POINT('',(138.434632,-93.557603,1.485));
#16407 = VECTOR('',#16408,1.);
#16408 = DIRECTION('',(-0.667471094044,-0.744635708663,0.));
#16409 = ORIENTED_EDGE('',*,*,#16410,.T.);
#16410 = EDGE_CURVE('',#16403,#16411,#16413,.T.);
#16411 = VERTEX_POINT('',#16412);
#16412 = CARTESIAN_POINT('',(138.370853,-93.621381,1.485));
#16413 = LINE('',#16414,#16415);
#16414 = CARTESIAN_POINT('',(138.387334,-93.610369,1.485));
#16415 = VECTOR('',#16416,1.);
#16416 = DIRECTION('',(-0.831475488211,-0.555561439001,0.));
#16417 = ORIENTED_EDGE('',*,*,#16418,.T.);
#16418 = EDGE_CURVE('',#16411,#16419,#16421,.T.);
#16419 = VERTEX_POINT('',#16420);
#16420 = CARTESIAN_POINT('',(138.331972,-93.621381,1.485));
#16421 = LINE('',#16422,#16423);
#16422 = CARTESIAN_POINT('',(138.370853,-93.621381,1.485));
#16423 = VECTOR('',#16424,1.);
#16424 = DIRECTION('',(-1.,0.,0.));
#16425 = ORIENTED_EDGE('',*,*,#16426,.T.);
#16426 = EDGE_CURVE('',#16419,#16427,#16429,.T.);
#16427 = VERTEX_POINT('',#16428);
#16428 = CARTESIAN_POINT('',(138.279206,-93.574083,1.485));
#16429 = LINE('',#16430,#16431);
#16430 = CARTESIAN_POINT('',(138.331972,-93.621381,1.485));
#16431 = VECTOR('',#16432,1.);
#16432 = DIRECTION('',(-0.744635708663,0.667471094044,0.));
#16433 = ORIENTED_EDGE('',*,*,#16434,.T.);
#16434 = EDGE_CURVE('',#16427,#16435,#16437,.T.);
#16435 = VERTEX_POINT('',#16436);
#16436 = CARTESIAN_POINT('',(138.268194,-93.557602,1.485));
#16437 = LINE('',#16438,#16439);
#16438 = CARTESIAN_POINT('',(138.279206,-93.574083,1.485));
#16439 = VECTOR('',#16440,1.);
#16440 = DIRECTION('',(-0.555561439001,0.831475488211,0.));
#16441 = ORIENTED_EDGE('',*,*,#16442,.T.);
#16442 = EDGE_CURVE('',#16435,#16443,#16445,.T.);
#16443 = VERTEX_POINT('',#16444);
#16444 = CARTESIAN_POINT('',(138.268195,-93.518721,1.485));
#16445 = LINE('',#16446,#16447);
#16446 = CARTESIAN_POINT('',(138.268194,-93.557602,1.485));
#16447 = VECTOR('',#16448,1.);
#16448 = DIRECTION('',(2.571950302576E-05,0.999999999669,0.));
#16449 = ORIENTED_EDGE('',*,*,#16450,.T.);
#16450 = EDGE_CURVE('',#16443,#16376,#16451,.T.);
#16451 = LINE('',#16452,#16453);
#16452 = CARTESIAN_POINT('',(138.268195,-93.518721,1.485));
#16453 = VECTOR('',#16454,1.);
#16454 = DIRECTION('',(0.667463269059,0.744642722692,0.));
#16455 = PLANE('',#16456);
#16456 = AXIS2_PLACEMENT_3D('',#16457,#16458,#16459);
#16457 = CARTESIAN_POINT('',(0.,0.,1.485));
#16458 = DIRECTION('',(0.,0.,1.));
#16459 = DIRECTION('',(1.,0.,-0.));
#16460 = SHELL_BASED_SURFACE_MODEL('',(#16461));
#16461 = OPEN_SHELL('',(#16462));
#16462 = ADVANCED_FACE('',(#16463,#16533),#16567,.T.);
#16463 = FACE_BOUND('',#16464,.F.);
#16464 = EDGE_LOOP('',(#16465,#16476,#16484,#16493,#16501,#16510,#16518,
    #16527));
#16465 = ORIENTED_EDGE('',*,*,#16466,.T.);
#16466 = EDGE_CURVE('',#16467,#16469,#16471,.T.);
#16467 = VERTEX_POINT('',#16468);
#16468 = CARTESIAN_POINT('',(135.67567,-92.33747,1.485));
#16469 = VERTEX_POINT('',#16470);
#16470 = CARTESIAN_POINT('',(135.72567,-92.28747,1.485));
#16471 = CIRCLE('',#16472,5.000014378934E-02);
#16472 = AXIS2_PLACEMENT_3D('',#16473,#16474,#16475);
#16473 = CARTESIAN_POINT('',(135.72567014378,-92.33747014378,1.485));
#16474 = DIRECTION('',(0.,0.,-1.));
#16475 = DIRECTION('',(-0.999999999996,2.875774470716E-06,0.));
#16476 = ORIENTED_EDGE('',*,*,#16477,.T.);
#16477 = EDGE_CURVE('',#16469,#16478,#16480,.T.);
#16478 = VERTEX_POINT('',#16479);
#16479 = CARTESIAN_POINT('',(155.72567,-92.28747,1.485));
#16480 = LINE('',#16481,#16482);
#16481 = CARTESIAN_POINT('',(135.72567,-92.28747,1.485));
#16482 = VECTOR('',#16483,1.);
#16483 = DIRECTION('',(1.,0.,0.));
#16484 = ORIENTED_EDGE('',*,*,#16485,.T.);
#16485 = EDGE_CURVE('',#16478,#16486,#16488,.T.);
#16486 = VERTEX_POINT('',#16487);
#16487 = CARTESIAN_POINT('',(155.77567,-92.33747,1.485));
#16488 = CIRCLE('',#16489,5.000014378936E-02);
#16489 = AXIS2_PLACEMENT_3D('',#16490,#16491,#16492);
#16490 = CARTESIAN_POINT('',(155.72566985621,-92.33747014378,1.485));
#16491 = DIRECTION('',(0.,0.,-1.));
#16492 = DIRECTION('',(2.875775323364E-06,0.999999999996,0.));
#16493 = ORIENTED_EDGE('',*,*,#16494,.T.);
#16494 = EDGE_CURVE('',#16486,#16495,#16497,.T.);
#16495 = VERTEX_POINT('',#16496);
#16496 = CARTESIAN_POINT('',(155.77567,-102.63747,1.485));
#16497 = LINE('',#16498,#16499);
#16498 = CARTESIAN_POINT('',(155.77567,-92.33747,1.485));
#16499 = VECTOR('',#16500,1.);
#16500 = DIRECTION('',(0.,-1.,0.));
#16501 = ORIENTED_EDGE('',*,*,#16502,.T.);
#16502 = EDGE_CURVE('',#16495,#16503,#16505,.T.);
#16503 = VERTEX_POINT('',#16504);
#16504 = CARTESIAN_POINT('',(155.72567,-102.68747,1.485));
#16505 = CIRCLE('',#16506,5.000014378937E-02);
#16506 = AXIS2_PLACEMENT_3D('',#16507,#16508,#16509);
#16507 = CARTESIAN_POINT('',(155.72566985621,-102.6374698562,1.485));
#16508 = DIRECTION('',(0.,0.,-1.));
#16509 = DIRECTION('',(0.999999999996,-2.875774470714E-06,0.));
#16510 = ORIENTED_EDGE('',*,*,#16511,.T.);
#16511 = EDGE_CURVE('',#16503,#16512,#16514,.T.);
#16512 = VERTEX_POINT('',#16513);
#16513 = CARTESIAN_POINT('',(135.72567,-102.68747,1.485));
#16514 = LINE('',#16515,#16516);
#16515 = CARTESIAN_POINT('',(155.72567,-102.68747,1.485));
#16516 = VECTOR('',#16517,1.);
#16517 = DIRECTION('',(-1.,0.,0.));
#16518 = ORIENTED_EDGE('',*,*,#16519,.T.);
#16519 = EDGE_CURVE('',#16512,#16520,#16522,.T.);
#16520 = VERTEX_POINT('',#16521);
#16521 = CARTESIAN_POINT('',(135.67567,-102.63747,1.485));
#16522 = CIRCLE('',#16523,5.00001437894E-02);
#16523 = AXIS2_PLACEMENT_3D('',#16524,#16525,#16526);
#16524 = CARTESIAN_POINT('',(135.72567014378,-102.6374698562,1.485));
#16525 = DIRECTION('',(0.,0.,-1.));
#16526 = DIRECTION('',(-2.875775323361E-06,-0.999999999996,-0.));
#16527 = ORIENTED_EDGE('',*,*,#16528,.T.);
#16528 = EDGE_CURVE('',#16520,#16467,#16529,.T.);
#16529 = LINE('',#16530,#16531);
#16530 = CARTESIAN_POINT('',(135.67567,-102.63747,1.485));
#16531 = VECTOR('',#16532,1.);
#16532 = DIRECTION('',(0.,1.,0.));
#16533 = FACE_BOUND('',#16534,.F.);
#16534 = EDGE_LOOP('',(#16535,#16545,#16553,#16561));
#16535 = ORIENTED_EDGE('',*,*,#16536,.T.);
#16536 = EDGE_CURVE('',#16537,#16539,#16541,.T.);
#16537 = VERTEX_POINT('',#16538);
#16538 = CARTESIAN_POINT('',(155.67567,-102.58747,1.485));
#16539 = VERTEX_POINT('',#16540);
#16540 = CARTESIAN_POINT('',(155.67567,-92.38747,1.485));
#16541 = LINE('',#16542,#16543);
#16542 = CARTESIAN_POINT('',(155.67567,-102.58747,1.485));
#16543 = VECTOR('',#16544,1.);
#16544 = DIRECTION('',(0.,1.,0.));
#16545 = ORIENTED_EDGE('',*,*,#16546,.T.);
#16546 = EDGE_CURVE('',#16539,#16547,#16549,.T.);
#16547 = VERTEX_POINT('',#16548);
#16548 = CARTESIAN_POINT('',(135.77567,-92.38747,1.485));
#16549 = LINE('',#16550,#16551);
#16550 = CARTESIAN_POINT('',(155.67567,-92.38747,1.485));
#16551 = VECTOR('',#16552,1.);
#16552 = DIRECTION('',(-1.,0.,0.));
#16553 = ORIENTED_EDGE('',*,*,#16554,.T.);
#16554 = EDGE_CURVE('',#16547,#16555,#16557,.T.);
#16555 = VERTEX_POINT('',#16556);
#16556 = CARTESIAN_POINT('',(135.77567,-102.58747,1.485));
#16557 = LINE('',#16558,#16559);
#16558 = CARTESIAN_POINT('',(135.77567,-92.38747,1.485));
#16559 = VECTOR('',#16560,1.);
#16560 = DIRECTION('',(0.,-1.,0.));
#16561 = ORIENTED_EDGE('',*,*,#16562,.T.);
#16562 = EDGE_CURVE('',#16555,#16537,#16563,.T.);
#16563 = LINE('',#16564,#16565);
#16564 = CARTESIAN_POINT('',(135.77567,-102.58747,1.485));
#16565 = VECTOR('',#16566,1.);
#16566 = DIRECTION('',(1.,0.,0.));
#16567 = PLANE('',#16568);
#16568 = AXIS2_PLACEMENT_3D('',#16569,#16570,#16571);
#16569 = CARTESIAN_POINT('',(0.,0.,1.485));
#16570 = DIRECTION('',(0.,0.,1.));
#16571 = DIRECTION('',(1.,0.,-0.));
#16572 = SHELL_BASED_SURFACE_MODEL('',(#16573));
#16573 = OPEN_SHELL('',(#16574));
#16574 = ADVANCED_FACE('',(#16575),#16619,.T.);
#16575 = FACE_BOUND('',#16576,.F.);
#16576 = EDGE_LOOP('',(#16577,#16588,#16596,#16605,#16613));
#16577 = ORIENTED_EDGE('',*,*,#16578,.T.);
#16578 = EDGE_CURVE('',#16579,#16581,#16583,.T.);
#16579 = VERTEX_POINT('',#16580);
#16580 = CARTESIAN_POINT('',(130.484567,-95.590787,1.485));
#16581 = VERTEX_POINT('',#16582);
#16582 = CARTESIAN_POINT('',(130.6,-95.613748,1.485));
#16583 = CIRCLE('',#16584,6.000007318647E-02);
#16584 = AXIS2_PLACEMENT_3D('',#16585,#16586,#16587);
#16585 = CARTESIAN_POINT('',(130.53999992681,-95.61374782331,1.485));
#16586 = DIRECTION('',(0.,0.,-1.));
#16587 = DIRECTION('',(-0.923880986637,0.382679921777,0.));
#16588 = ORIENTED_EDGE('',*,*,#16589,.T.);
#16589 = EDGE_CURVE('',#16581,#16590,#16592,.T.);
#16590 = VERTEX_POINT('',#16591);
#16591 = CARTESIAN_POINT('',(130.6,-98.386252,1.485));
#16592 = LINE('',#16593,#16594);
#16593 = CARTESIAN_POINT('',(130.6,-95.613748,1.485));
#16594 = VECTOR('',#16595,1.);
#16595 = DIRECTION('',(0.,-1.,0.));
#16596 = ORIENTED_EDGE('',*,*,#16597,.T.);
#16597 = EDGE_CURVE('',#16590,#16598,#16600,.T.);
#16598 = VERTEX_POINT('',#16599);
#16599 = CARTESIAN_POINT('',(130.48,-98.386252,1.485));
#16600 = CIRCLE('',#16601,6.000000000042E-02);
#16601 = AXIS2_PLACEMENT_3D('',#16602,#16603,#16604);
#16602 = CARTESIAN_POINT('',(130.54,-98.38625222558,1.485));
#16603 = DIRECTION('',(0.,0.,-1.));
#16604 = DIRECTION('',(0.999999999993,3.759794490531E-06,0.));
#16605 = ORIENTED_EDGE('',*,*,#16606,.T.);
#16606 = EDGE_CURVE('',#16598,#16607,#16609,.T.);
#16607 = VERTEX_POINT('',#16608);
#16608 = CARTESIAN_POINT('',(130.48,-95.613748,1.485));
#16609 = LINE('',#16610,#16611);
#16610 = CARTESIAN_POINT('',(130.48,-98.386252,1.485));
#16611 = VECTOR('',#16612,1.);
#16612 = DIRECTION('',(0.,1.,0.));
#16613 = ORIENTED_EDGE('',*,*,#16614,.T.);
#16614 = EDGE_CURVE('',#16607,#16579,#16615,.T.);
#16615 = LINE('',#16616,#16617);
#16616 = CARTESIAN_POINT('',(130.48,-95.613748,1.485));
#16617 = VECTOR('',#16618,1.);
#16618 = DIRECTION('',(0.195081000118,0.980787134598,0.));
#16619 = PLANE('',#16620);
#16620 = AXIS2_PLACEMENT_3D('',#16621,#16622,#16623);
#16621 = CARTESIAN_POINT('',(0.,0.,1.485));
#16622 = DIRECTION('',(0.,0.,1.));
#16623 = DIRECTION('',(1.,0.,-0.));
#16624 = SHELL_BASED_SURFACE_MODEL('',(#16625));
#16625 = OPEN_SHELL('',(#16626));
#16626 = ADVANCED_FACE('',(#16627),#16671,.T.);
#16627 = FACE_BOUND('',#16628,.F.);
#16628 = EDGE_LOOP('',(#16629,#16640,#16648,#16657,#16665));
#16629 = ORIENTED_EDGE('',*,*,#16630,.T.);
#16630 = EDGE_CURVE('',#16631,#16633,#16635,.T.);
#16631 = VERTEX_POINT('',#16632);
#16632 = CARTESIAN_POINT('',(133.904567,-95.590787,1.485));
#16633 = VERTEX_POINT('',#16634);
#16634 = CARTESIAN_POINT('',(134.02,-95.613748,1.485));
#16635 = CIRCLE('',#16636,6.000007318648E-02);
#16636 = AXIS2_PLACEMENT_3D('',#16637,#16638,#16639);
#16637 = CARTESIAN_POINT('',(133.95999992681,-95.61374782331,1.485));
#16638 = DIRECTION('',(0.,0.,-1.));
#16639 = DIRECTION('',(-0.923880986637,0.382679921777,0.));
#16640 = ORIENTED_EDGE('',*,*,#16641,.T.);
#16641 = EDGE_CURVE('',#16633,#16642,#16644,.T.);
#16642 = VERTEX_POINT('',#16643);
#16643 = CARTESIAN_POINT('',(134.02,-98.386252,1.485));
#16644 = LINE('',#16645,#16646);
#16645 = CARTESIAN_POINT('',(134.02,-95.613748,1.485));
#16646 = VECTOR('',#16647,1.);
#16647 = DIRECTION('',(0.,-1.,0.));
#16648 = ORIENTED_EDGE('',*,*,#16649,.T.);
#16649 = EDGE_CURVE('',#16642,#16650,#16652,.T.);
#16650 = VERTEX_POINT('',#16651);
#16651 = CARTESIAN_POINT('',(133.9,-98.386252,1.485));
#16652 = CIRCLE('',#16653,6.000000000042E-02);
#16653 = AXIS2_PLACEMENT_3D('',#16654,#16655,#16656);
#16654 = CARTESIAN_POINT('',(133.96,-98.38625222558,1.485));
#16655 = DIRECTION('',(0.,0.,-1.));
#16656 = DIRECTION('',(0.999999999993,3.759794253685E-06,0.));
#16657 = ORIENTED_EDGE('',*,*,#16658,.T.);
#16658 = EDGE_CURVE('',#16650,#16659,#16661,.T.);
#16659 = VERTEX_POINT('',#16660);
#16660 = CARTESIAN_POINT('',(133.9,-95.613748,1.485));
#16661 = LINE('',#16662,#16663);
#16662 = CARTESIAN_POINT('',(133.9,-98.386252,1.485));
#16663 = VECTOR('',#16664,1.);
#16664 = DIRECTION('',(0.,1.,0.));
#16665 = ORIENTED_EDGE('',*,*,#16666,.T.);
#16666 = EDGE_CURVE('',#16659,#16631,#16667,.T.);
#16667 = LINE('',#16668,#16669);
#16668 = CARTESIAN_POINT('',(133.9,-95.613748,1.485));
#16669 = VECTOR('',#16670,1.);
#16670 = DIRECTION('',(0.195081000117,0.980787134598,0.));
#16671 = PLANE('',#16672);
#16672 = AXIS2_PLACEMENT_3D('',#16673,#16674,#16675);
#16673 = CARTESIAN_POINT('',(0.,0.,1.485));
#16674 = DIRECTION('',(0.,0.,1.));
#16675 = DIRECTION('',(1.,0.,-0.));
#16676 = SHELL_BASED_SURFACE_MODEL('',(#16677));
#16677 = OPEN_SHELL('',(#16678));
#16678 = ADVANCED_FACE('',(#16679),#16756,.T.);
#16679 = FACE_BOUND('',#16680,.F.);
#16680 = EDGE_LOOP('',(#16681,#16692,#16700,#16709,#16717,#16726,#16734,
    #16742,#16750));
#16681 = ORIENTED_EDGE('',*,*,#16682,.T.);
#16682 = EDGE_CURVE('',#16683,#16685,#16687,.T.);
#16683 = VERTEX_POINT('',#16684);
#16684 = CARTESIAN_POINT('',(132.663151,-97.104306,1.485));
#16685 = VERTEX_POINT('',#16686);
#16686 = CARTESIAN_POINT('',(132.779819,-97.166666,1.485));
#16687 = CIRCLE('',#16688,7.500000000003E-02);
#16688 = AXIS2_PLACEMENT_3D('',#16689,#16690,#16691);
#16689 = CARTESIAN_POINT('',(132.704819,-97.16666606555,1.485));
#16690 = DIRECTION('',(0.,0.,-1.));
#16691 = DIRECTION('',(-0.555573333333,0.831467540731,0.));
#16692 = ORIENTED_EDGE('',*,*,#16693,.T.);
#16693 = EDGE_CURVE('',#16685,#16694,#16696,.T.);
#16694 = VERTEX_POINT('',#16695);
#16695 = CARTESIAN_POINT('',(132.778378,-97.657488,1.485));
#16696 = LINE('',#16697,#16698);
#16697 = CARTESIAN_POINT('',(132.779819,-97.166666,1.485));
#16698 = VECTOR('',#16699,1.);
#16699 = DIRECTION('',(-2.935878566407E-03,-0.999995690299,0.));
#16700 = ORIENTED_EDGE('',*,*,#16701,.T.);
#16701 = EDGE_CURVE('',#16694,#16702,#16704,.T.);
#16702 = VERTEX_POINT('',#16703);
#16703 = CARTESIAN_POINT('',(132.704819,-97.717856,1.485));
#16704 = CIRCLE('',#16705,7.500074938988E-02);
#16705 = AXIS2_PLACEMENT_3D('',#16706,#16707,#16708);
#16706 = CARTESIAN_POINT('',(132.70481853389,-97.64285525061,1.485));
#16707 = DIRECTION('',(0.,0.,-1.));
#16708 = DIRECTION('',(0.980783081614,-0.195101375752,0.));
#16709 = ORIENTED_EDGE('',*,*,#16710,.T.);
#16710 = EDGE_CURVE('',#16702,#16711,#16713,.T.);
#16711 = VERTEX_POINT('',#16712);
#16712 = CARTESIAN_POINT('',(131.690187,-97.716415,1.485));
#16713 = LINE('',#16714,#16715);
#16714 = CARTESIAN_POINT('',(132.704819,-97.717856,1.485));
#16715 = VECTOR('',#16716,1.);
#16716 = DIRECTION('',(-0.99999899149,1.420217918158E-03,0.));
#16717 = ORIENTED_EDGE('',*,*,#16718,.T.);
#16718 = EDGE_CURVE('',#16711,#16719,#16721,.T.);
#16719 = VERTEX_POINT('',#16720);
#16720 = CARTESIAN_POINT('',(131.704819,-97.567856,1.485));
#16721 = CIRCLE('',#16722,7.500006711463E-02);
#16722 = AXIS2_PLACEMENT_3D('',#16723,#16724,#16725);
#16723 = CARTESIAN_POINT('',(131.70481893288,-97.64285606711,1.485));
#16724 = DIRECTION('',(0.,0.,-1.));
#16725 = DIRECTION('',(-0.195092263891,-0.980784894138,-0.));
#16726 = ORIENTED_EDGE('',*,*,#16727,.T.);
#16727 = EDGE_CURVE('',#16719,#16728,#16730,.T.);
#16728 = VERTEX_POINT('',#16729);
#16729 = CARTESIAN_POINT('',(132.629819,-97.567856,1.485));
#16730 = LINE('',#16731,#16732);
#16731 = CARTESIAN_POINT('',(131.704819,-97.567856,1.485));
#16732 = VECTOR('',#16733,1.);
#16733 = DIRECTION('',(1.,0.,0.));
#16734 = ORIENTED_EDGE('',*,*,#16735,.T.);
#16735 = EDGE_CURVE('',#16728,#16736,#16738,.T.);
#16736 = VERTEX_POINT('',#16737);
#16737 = CARTESIAN_POINT('',(132.63126,-97.152034,1.485));
#16738 = LINE('',#16739,#16740);
#16739 = CARTESIAN_POINT('',(132.629819,-97.567856,1.485));
#16740 = VECTOR('',#16741,1.);
#16741 = DIRECTION('',(3.465404301528E-03,0.999993995468,0.));
#16742 = ORIENTED_EDGE('',*,*,#16743,.T.);
#16743 = EDGE_CURVE('',#16736,#16744,#16746,.T.);
#16744 = VERTEX_POINT('',#16745);
#16745 = CARTESIAN_POINT('',(132.642459,-97.124998,1.485));
#16746 = LINE('',#16747,#16748);
#16747 = CARTESIAN_POINT('',(132.63126,-97.152034,1.485));
#16748 = VECTOR('',#16749,1.);
#16749 = DIRECTION('',(0.38269282806,0.923875640631,0.));
#16750 = ORIENTED_EDGE('',*,*,#16751,.T.);
#16751 = EDGE_CURVE('',#16744,#16683,#16752,.T.);
#16752 = LINE('',#16753,#16754);
#16753 = CARTESIAN_POINT('',(132.642459,-97.124998,1.485));
#16754 = VECTOR('',#16755,1.);
#16755 = DIRECTION('',(0.707106781186,0.707106781187,0.));
#16756 = PLANE('',#16757);
#16757 = AXIS2_PLACEMENT_3D('',#16758,#16759,#16760);
#16758 = CARTESIAN_POINT('',(0.,0.,1.485));
#16759 = DIRECTION('',(0.,0.,1.));
#16760 = DIRECTION('',(1.,0.,-0.));
#16761 = SHELL_BASED_SURFACE_MODEL('',(#16762));
#16762 = OPEN_SHELL('',(#16763));
#16763 = ADVANCED_FACE('',(#16764),#16898,.T.);
#16764 = FACE_BOUND('',#16765,.F.);
#16765 = EDGE_LOOP('',(#16766,#16777,#16785,#16794,#16802,#16810,#16818,
    #16826,#16835,#16843,#16851,#16859,#16868,#16876,#16884,#16892));
#16766 = ORIENTED_EDGE('',*,*,#16767,.T.);
#16767 = EDGE_CURVE('',#16768,#16770,#16772,.T.);
#16768 = VERTEX_POINT('',#16769);
#16769 = CARTESIAN_POINT('',(132.663151,-96.247163,1.485));
#16770 = VERTEX_POINT('',#16771);
#16771 = CARTESIAN_POINT('',(132.779819,-96.309523,1.485));
#16772 = CIRCLE('',#16773,7.500000000004E-02);
#16773 = AXIS2_PLACEMENT_3D('',#16774,#16775,#16776);
#16774 = CARTESIAN_POINT('',(132.704819,-96.30952306555,1.485));
#16775 = DIRECTION('',(0.,0.,-1.));
#16776 = DIRECTION('',(-0.555573333333,0.831467540731,0.));
#16777 = ORIENTED_EDGE('',*,*,#16778,.T.);
#16778 = EDGE_CURVE('',#16770,#16779,#16781,.T.);
#16779 = VERTEX_POINT('',#16780);
#16780 = CARTESIAN_POINT('',(132.778378,-96.895583,1.485));
#16781 = LINE('',#16782,#16783);
#16782 = CARTESIAN_POINT('',(132.779819,-96.309523,1.485));
#16783 = VECTOR('',#16784,1.);
#16784 = DIRECTION('',(-2.45878518261E-03,-0.999996977183,0.));
#16785 = ORIENTED_EDGE('',*,*,#16786,.T.);
#16786 = EDGE_CURVE('',#16779,#16787,#16789,.T.);
#16787 = VERTEX_POINT('',#16788);
#16788 = CARTESIAN_POINT('',(132.629819,-96.880951,1.485));
#16789 = CIRCLE('',#16790,7.500006711464E-02);
#16790 = AXIS2_PLACEMENT_3D('',#16791,#16792,#16793);
#16791 = CARTESIAN_POINT('',(132.70481906711,-96.88095106711,1.485));
#16792 = DIRECTION('',(-0.,0.,-1.));
#16793 = DIRECTION('',(0.980784894138,-0.195092263891,-0.));
#16794 = ORIENTED_EDGE('',*,*,#16795,.T.);
#16795 = EDGE_CURVE('',#16787,#16796,#16798,.T.);
#16796 = VERTEX_POINT('',#16797);
#16797 = CARTESIAN_POINT('',(132.629819,-96.670237,1.485));
#16798 = LINE('',#16799,#16800);
#16799 = CARTESIAN_POINT('',(132.629819,-96.880951,1.485));
#16800 = VECTOR('',#16801,1.);
#16801 = DIRECTION('',(0.,1.,0.));
#16802 = ORIENTED_EDGE('',*,*,#16803,.T.);
#16803 = EDGE_CURVE('',#16796,#16804,#16806,.T.);
#16804 = VERTEX_POINT('',#16805);
#16805 = CARTESIAN_POINT('',(131.933504,-96.670237,1.485));
#16806 = LINE('',#16807,#16808);
#16807 = CARTESIAN_POINT('',(132.629819,-96.670237,1.485));
#16808 = VECTOR('',#16809,1.);
#16809 = DIRECTION('',(-1.,0.,0.));
#16810 = ORIENTED_EDGE('',*,*,#16811,.T.);
#16811 = EDGE_CURVE('',#16804,#16812,#16814,.T.);
#16812 = VERTEX_POINT('',#16813);
#16813 = CARTESIAN_POINT('',(132.006033,-96.745877,1.485));
#16814 = LINE('',#16815,#16816);
#16815 = CARTESIAN_POINT('',(131.933504,-96.670237,1.485));
#16816 = VECTOR('',#16817,1.);
#16817 = DIRECTION('',(0.692107619701,-0.72179432164,0.));
#16818 = ORIENTED_EDGE('',*,*,#16819,.T.);
#16819 = EDGE_CURVE('',#16812,#16820,#16822,.T.);
#16820 = VERTEX_POINT('',#16821);
#16821 = CARTESIAN_POINT('',(132.06287,-96.861141,1.485));
#16822 = LINE('',#16823,#16824);
#16823 = CARTESIAN_POINT('',(132.006033,-96.745877,1.485));
#16824 = VECTOR('',#16825,1.);
#16825 = DIRECTION('',(0.442257930733,-0.896887909777,0.));
#16826 = ORIENTED_EDGE('',*,*,#16827,.T.);
#16827 = EDGE_CURVE('',#16820,#16828,#16830,.T.);
#16828 = VERTEX_POINT('',#16829);
#16829 = CARTESIAN_POINT('',(131.923451,-96.914492,1.485));
#16830 = CIRCLE('',#16831,7.500029440469E-02);
#16831 = AXIS2_PLACEMENT_3D('',#16832,#16833,#16834);
#16832 = CARTESIAN_POINT('',(131.99053305397,-96.88095035132,1.485));
#16833 = DIRECTION('',(0.,0.,-1.));
#16834 = DIRECTION('',(0.964488827732,0.264123647522,0.));
#16835 = ORIENTED_EDGE('',*,*,#16836,.T.);
#16836 = EDGE_CURVE('',#16828,#16837,#16839,.T.);
#16837 = VERTEX_POINT('',#16838);
#16838 = CARTESIAN_POINT('',(131.881275,-96.83014,1.485));
#16839 = LINE('',#16840,#16841);
#16840 = CARTESIAN_POINT('',(131.923451,-96.914492,1.485));
#16841 = VECTOR('',#16842,1.);
#16842 = DIRECTION('',(-0.4472135955,0.894427191,0.));
#16843 = ORIENTED_EDGE('',*,*,#16844,.T.);
#16844 = EDGE_CURVE('',#16837,#16845,#16847,.T.);
#16845 = VERTEX_POINT('',#16846);
#16846 = CARTESIAN_POINT('',(131.799894,-96.748759,1.485));
#16847 = LINE('',#16848,#16849);
#16848 = CARTESIAN_POINT('',(131.881275,-96.83014,1.485));
#16849 = VECTOR('',#16850,1.);
#16850 = DIRECTION('',(-0.707106781187,0.707106781187,0.));
#16851 = ORIENTED_EDGE('',*,*,#16852,.T.);
#16852 = EDGE_CURVE('',#16845,#16853,#16855,.T.);
#16853 = VERTEX_POINT('',#16854);
#16854 = CARTESIAN_POINT('',(131.651841,-96.648325,1.485));
#16855 = LINE('',#16856,#16857);
#16856 = CARTESIAN_POINT('',(131.799894,-96.748759,1.485));
#16857 = VECTOR('',#16858,1.);
#16858 = DIRECTION('',(-0.827555069925,0.561384544,0.));
#16859 = ORIENTED_EDGE('',*,*,#16860,.T.);
#16860 = EDGE_CURVE('',#16853,#16861,#16863,.T.);
#16861 = VERTEX_POINT('',#16862);
#16862 = CARTESIAN_POINT('',(131.704819,-96.520237,1.485));
#16863 = CIRCLE('',#16864,7.499993751712E-02);
#16864 = AXIS2_PLACEMENT_3D('',#16865,#16866,#16867);
#16865 = CARTESIAN_POINT('',(131.70481880902,-96.59523693751,1.485));
#16866 = DIRECTION('',(0.,0.,-1.));
#16867 = DIRECTION('',(-0.706371375515,-0.707841422815,-0.));
#16868 = ORIENTED_EDGE('',*,*,#16869,.T.);
#16869 = EDGE_CURVE('',#16861,#16870,#16872,.T.);
#16870 = VERTEX_POINT('',#16871);
#16871 = CARTESIAN_POINT('',(132.629819,-96.520237,1.485));
#16872 = LINE('',#16873,#16874);
#16873 = CARTESIAN_POINT('',(131.704819,-96.520237,1.485));
#16874 = VECTOR('',#16875,1.);
#16875 = DIRECTION('',(1.,0.,0.));
#16876 = ORIENTED_EDGE('',*,*,#16877,.T.);
#16877 = EDGE_CURVE('',#16870,#16878,#16880,.T.);
#16878 = VERTEX_POINT('',#16879);
#16879 = CARTESIAN_POINT('',(132.63126,-96.294891,1.485));
#16880 = LINE('',#16881,#16882);
#16881 = CARTESIAN_POINT('',(132.629819,-96.520237,1.485));
#16882 = VECTOR('',#16883,1.);
#16883 = DIRECTION('',(6.394480216655E-03,0.999979555102,0.));
#16884 = ORIENTED_EDGE('',*,*,#16885,.T.);
#16885 = EDGE_CURVE('',#16878,#16886,#16888,.T.);
#16886 = VERTEX_POINT('',#16887);
#16887 = CARTESIAN_POINT('',(132.642459,-96.267855,1.485));
#16888 = LINE('',#16889,#16890);
#16889 = CARTESIAN_POINT('',(132.63126,-96.294891,1.485));
#16890 = VECTOR('',#16891,1.);
#16891 = DIRECTION('',(0.38269282806,0.923875640631,0.));
#16892 = ORIENTED_EDGE('',*,*,#16893,.T.);
#16893 = EDGE_CURVE('',#16886,#16768,#16894,.T.);
#16894 = LINE('',#16895,#16896);
#16895 = CARTESIAN_POINT('',(132.642459,-96.267855,1.485));
#16896 = VECTOR('',#16897,1.);
#16897 = DIRECTION('',(0.707106781187,0.707106781187,0.));
#16898 = PLANE('',#16899);
#16899 = AXIS2_PLACEMENT_3D('',#16900,#16901,#16902);
#16900 = CARTESIAN_POINT('',(0.,0.,1.485));
#16901 = DIRECTION('',(0.,0.,1.));
#16902 = DIRECTION('',(1.,0.,-0.));
#16903 = ( GEOMETRIC_REPRESENTATION_CONTEXT(3) 
GLOBAL_UNCERTAINTY_ASSIGNED_CONTEXT((#16907)) 
GLOBAL_UNIT_ASSIGNED_CONTEXT((#16904,#16905,#16906)) 
REPRESENTATION_CONTEXT('Context #1',
  '3D Context with UNIT and UNCERTAINTY') );
#16904 = ( LENGTH_UNIT() NAMED_UNIT(*) SI_UNIT(.MILLI.,.METRE.) );
#16905 = ( NAMED_UNIT(*) PLANE_ANGLE_UNIT() SI_UNIT($,.RADIAN.) );
#16906 = ( NAMED_UNIT(*) SI_UNIT($,.STERADIAN.) SOLID_ANGLE_UNIT() );
#16907 = UNCERTAINTY_MEASURE_WITH_UNIT(LENGTH_MEASURE(1.E-07),#16904,
  'distance_accuracy_value','confusion accuracy');
#16908 = CONTEXT_DEPENDENT_SHAPE_REPRESENTATION(#16909,#16911);
#16909 = ( REPRESENTATION_RELATIONSHIP('','',#14192,#10) 
REPRESENTATION_RELATIONSHIP_WITH_TRANSFORMATION(#16910) 
SHAPE_REPRESENTATION_RELATIONSHIP() );
#16910 = ITEM_DEFINED_TRANSFORMATION('','',#11,#39);
#16911 = PRODUCT_DEFINITION_SHAPE('Placement','Placement of an item',
  #16912);
#16912 = NEXT_ASSEMBLY_USAGE_OCCURRENCE('13','=>[0:1:1:8]','',#5,#14187,
  $);
#16913 = PRODUCT_RELATED_PRODUCT_CATEGORY('part',$,(#14189));
#16914 = SHAPE_DEFINITION_REPRESENTATION(#16915,#16921);
#16915 = PRODUCT_DEFINITION_SHAPE('','',#16916);
#16916 = PRODUCT_DEFINITION('design','',#16917,#16920);
#16917 = PRODUCT_DEFINITION_FORMATION('','',#16918);
#16918 = PRODUCT('DCDC_Adapter_soldermask','DCDC_Adapter_soldermask','',
  (#16919));
#16919 = PRODUCT_CONTEXT('',#2,'mechanical');
#16920 = PRODUCT_DEFINITION_CONTEXT('part definition',#2,'design');
#16921 = SHAPE_REPRESENTATION('',(#11,#16922,#17564),#18066);
#16922 = SHELL_BASED_SURFACE_MODEL('',(#16923));
#16923 = OPEN_SHELL('',(#16924));
#16924 = ADVANCED_FACE('',(#16925,#17059,#17095,#17131,#17167,#17203,
    #17239,#17309,#17345,#17381,#17417,#17453,#17489),#17559,.T.);
#16925 = FACE_BOUND('',#16926,.F.);
#16926 = EDGE_LOOP('',(#16927,#16938,#16946,#16954,#16962,#16971,#16979,
    #16987,#16995,#17004,#17012,#17020,#17028,#17037,#17045,#17053));
#16927 = ORIENTED_EDGE('',*,*,#16928,.T.);
#16928 = EDGE_CURVE('',#16929,#16931,#16933,.T.);
#16929 = VERTEX_POINT('',#16930);
#16930 = CARTESIAN_POINT('',(129.752407,-92.651746,1.46));
#16931 = VERTEX_POINT('',#16932);
#16932 = CARTESIAN_POINT('',(130.651746,-91.752407,1.46));
#16933 = CIRCLE('',#16934,1.00242103302);
#16934 = AXIS2_PLACEMENT_3D('',#16935,#16936,#16937);
#16935 = CARTESIAN_POINT('',(130.75000104269,-92.75000104269,1.46));
#16936 = DIRECTION('',(0.,0.,-1.));
#16937 = DIRECTION('',(-0.995184667756,9.801773851572E-02,0.));
#16938 = ORIENTED_EDGE('',*,*,#16939,.T.);
#16939 = EDGE_CURVE('',#16931,#16940,#16942,.T.);
#16940 = VERTEX_POINT('',#16941);
#16941 = CARTESIAN_POINT('',(130.75,-91.75,1.46));
#16942 = LINE('',#16943,#16944);
#16943 = CARTESIAN_POINT('',(130.651746,-91.752407,1.46));
#16944 = VECTOR('',#16945,1.);
#16945 = DIRECTION('',(0.999700065598,2.449038266025E-02,0.));
#16946 = ORIENTED_EDGE('',*,*,#16947,.T.);
#16947 = EDGE_CURVE('',#16940,#16948,#16950,.T.);
#16948 = VERTEX_POINT('',#16949);
#16949 = CARTESIAN_POINT('',(156.25,-91.75,1.46));
#16950 = LINE('',#16951,#16952);
#16951 = CARTESIAN_POINT('',(130.75,-91.75,1.46));
#16952 = VECTOR('',#16953,1.);
#16953 = DIRECTION('',(1.,0.,0.));
#16954 = ORIENTED_EDGE('',*,*,#16955,.T.);
#16955 = EDGE_CURVE('',#16948,#16956,#16958,.T.);
#16956 = VERTEX_POINT('',#16957);
#16957 = CARTESIAN_POINT('',(156.348254,-91.752407,1.46));
#16958 = LINE('',#16959,#16960);
#16959 = CARTESIAN_POINT('',(156.25,-91.75,1.46));
#16960 = VECTOR('',#16961,1.);
#16961 = DIRECTION('',(0.999700065598,-2.449038266025E-02,0.));
#16962 = ORIENTED_EDGE('',*,*,#16963,.T.);
#16963 = EDGE_CURVE('',#16956,#16964,#16966,.T.);
#16964 = VERTEX_POINT('',#16965);
#16965 = CARTESIAN_POINT('',(157.247593,-92.651746,1.46));
#16966 = CIRCLE('',#16967,1.00242103302);
#16967 = AXIS2_PLACEMENT_3D('',#16968,#16969,#16970);
#16968 = CARTESIAN_POINT('',(156.2499989573,-92.75000104269,1.46));
#16969 = DIRECTION('',(0.,0.,-1.));
#16970 = DIRECTION('',(9.80177385157E-02,0.995184667756,0.));
#16971 = ORIENTED_EDGE('',*,*,#16972,.T.);
#16972 = EDGE_CURVE('',#16964,#16973,#16975,.T.);
#16973 = VERTEX_POINT('',#16974);
#16974 = CARTESIAN_POINT('',(157.25,-92.75,1.46));
#16975 = LINE('',#16976,#16977);
#16976 = CARTESIAN_POINT('',(157.247593,-92.651746,1.46));
#16977 = VECTOR('',#16978,1.);
#16978 = DIRECTION('',(2.449038266025E-02,-0.999700065598,0.));
#16979 = ORIENTED_EDGE('',*,*,#16980,.T.);
#16980 = EDGE_CURVE('',#16973,#16981,#16983,.T.);
#16981 = VERTEX_POINT('',#16982);
#16982 = CARTESIAN_POINT('',(157.25,-102.25,1.46));
#16983 = LINE('',#16984,#16985);
#16984 = CARTESIAN_POINT('',(157.25,-92.75,1.46));
#16985 = VECTOR('',#16986,1.);
#16986 = DIRECTION('',(0.,-1.,0.));
#16987 = ORIENTED_EDGE('',*,*,#16988,.T.);
#16988 = EDGE_CURVE('',#16981,#16989,#16991,.T.);
#16989 = VERTEX_POINT('',#16990);
#16990 = CARTESIAN_POINT('',(157.247593,-102.348254,1.46));
#16991 = LINE('',#16992,#16993);
#16992 = CARTESIAN_POINT('',(157.25,-102.25,1.46));
#16993 = VECTOR('',#16994,1.);
#16994 = DIRECTION('',(-2.449038266025E-02,-0.999700065598,0.));
#16995 = ORIENTED_EDGE('',*,*,#16996,.T.);
#16996 = EDGE_CURVE('',#16989,#16997,#16999,.T.);
#16997 = VERTEX_POINT('',#16998);
#16998 = CARTESIAN_POINT('',(156.348254,-103.247593,1.46));
#16999 = CIRCLE('',#17000,1.00242103302);
#17000 = AXIS2_PLACEMENT_3D('',#17001,#17002,#17003);
#17001 = CARTESIAN_POINT('',(156.2499989573,-102.2499989573,1.46));
#17002 = DIRECTION('',(0.,0.,-1.));
#17003 = DIRECTION('',(0.995184667756,-9.801773851572E-02,0.));
#17004 = ORIENTED_EDGE('',*,*,#17005,.T.);
#17005 = EDGE_CURVE('',#16997,#17006,#17008,.T.);
#17006 = VERTEX_POINT('',#17007);
#17007 = CARTESIAN_POINT('',(156.25,-103.25,1.46));
#17008 = LINE('',#17009,#17010);
#17009 = CARTESIAN_POINT('',(156.348254,-103.247593,1.46));
#17010 = VECTOR('',#17011,1.);
#17011 = DIRECTION('',(-0.999700065598,-2.449038266025E-02,0.));
#17012 = ORIENTED_EDGE('',*,*,#17013,.T.);
#17013 = EDGE_CURVE('',#17006,#17014,#17016,.T.);
#17014 = VERTEX_POINT('',#17015);
#17015 = CARTESIAN_POINT('',(130.75,-103.25,1.46));
#17016 = LINE('',#17017,#17018);
#17017 = CARTESIAN_POINT('',(156.25,-103.25,1.46));
#17018 = VECTOR('',#17019,1.);
#17019 = DIRECTION('',(-1.,0.,0.));
#17020 = ORIENTED_EDGE('',*,*,#17021,.T.);
#17021 = EDGE_CURVE('',#17014,#17022,#17024,.T.);
#17022 = VERTEX_POINT('',#17023);
#17023 = CARTESIAN_POINT('',(130.651746,-103.247593,1.46));
#17024 = LINE('',#17025,#17026);
#17025 = CARTESIAN_POINT('',(130.75,-103.25,1.46));
#17026 = VECTOR('',#17027,1.);
#17027 = DIRECTION('',(-0.999700065598,2.449038266025E-02,0.));
#17028 = ORIENTED_EDGE('',*,*,#17029,.T.);
#17029 = EDGE_CURVE('',#17022,#17030,#17032,.T.);
#17030 = VERTEX_POINT('',#17031);
#17031 = CARTESIAN_POINT('',(129.752407,-102.348254,1.46));
#17032 = CIRCLE('',#17033,1.00242103302);
#17033 = AXIS2_PLACEMENT_3D('',#17034,#17035,#17036);
#17034 = CARTESIAN_POINT('',(130.75000104269,-102.2499989573,1.46));
#17035 = DIRECTION('',(0.,0.,-1.));
#17036 = DIRECTION('',(-9.80177385157E-02,-0.995184667756,-0.));
#17037 = ORIENTED_EDGE('',*,*,#17038,.T.);
#17038 = EDGE_CURVE('',#17030,#17039,#17041,.T.);
#17039 = VERTEX_POINT('',#17040);
#17040 = CARTESIAN_POINT('',(129.75,-102.25,1.46));
#17041 = LINE('',#17042,#17043);
#17042 = CARTESIAN_POINT('',(129.752407,-102.348254,1.46));
#17043 = VECTOR('',#17044,1.);
#17044 = DIRECTION('',(-2.449038266025E-02,0.999700065598,0.));
#17045 = ORIENTED_EDGE('',*,*,#17046,.T.);
#17046 = EDGE_CURVE('',#17039,#17047,#17049,.T.);
#17047 = VERTEX_POINT('',#17048);
#17048 = CARTESIAN_POINT('',(129.75,-92.75,1.46));
#17049 = LINE('',#17050,#17051);
#17050 = CARTESIAN_POINT('',(129.75,-102.25,1.46));
#17051 = VECTOR('',#17052,1.);
#17052 = DIRECTION('',(0.,1.,0.));
#17053 = ORIENTED_EDGE('',*,*,#17054,.T.);
#17054 = EDGE_CURVE('',#17047,#16929,#17055,.T.);
#17055 = LINE('',#17056,#17057);
#17056 = CARTESIAN_POINT('',(129.75,-92.75,1.46));
#17057 = VECTOR('',#17058,1.);
#17058 = DIRECTION('',(2.449038266025E-02,0.999700065598,0.));
#17059 = FACE_BOUND('',#17060,.F.);
#17060 = EDGE_LOOP('',(#17061,#17072,#17080,#17089));
#17061 = ORIENTED_EDGE('',*,*,#17062,.T.);
#17062 = EDGE_CURVE('',#17063,#17065,#17067,.T.);
#17063 = VERTEX_POINT('',#17064);
#17064 = CARTESIAN_POINT('',(134.81,-99.35,1.46));
#17065 = VERTEX_POINT('',#17066);
#17066 = CARTESIAN_POINT('',(136.41,-99.35,1.46));
#17067 = CIRCLE('',#17068,0.8);
#17068 = AXIS2_PLACEMENT_3D('',#17069,#17070,#17071);
#17069 = CARTESIAN_POINT('',(135.61,-99.350000247,1.46));
#17070 = DIRECTION('',(0.,0.,1.));
#17071 = DIRECTION('',(-1.,3.087522770784E-07,-0.));
#17072 = ORIENTED_EDGE('',*,*,#17073,.T.);
#17073 = EDGE_CURVE('',#17065,#17074,#17076,.T.);
#17074 = VERTEX_POINT('',#17075);
#17075 = CARTESIAN_POINT('',(136.41,-98.65,1.46));
#17076 = LINE('',#17077,#17078);
#17077 = CARTESIAN_POINT('',(136.41,-99.35,1.46));
#17078 = VECTOR('',#17079,1.);
#17079 = DIRECTION('',(0.,1.,0.));
#17080 = ORIENTED_EDGE('',*,*,#17081,.T.);
#17081 = EDGE_CURVE('',#17074,#17082,#17084,.T.);
#17082 = VERTEX_POINT('',#17083);
#17083 = CARTESIAN_POINT('',(134.81,-98.65,1.46));
#17084 = CIRCLE('',#17085,0.8);
#17085 = AXIS2_PLACEMENT_3D('',#17086,#17087,#17088);
#17086 = CARTESIAN_POINT('',(135.61,-98.65000041093,1.46));
#17087 = DIRECTION('',(0.,0.,1.));
#17088 = DIRECTION('',(1.,5.136701375363E-07,-0.));
#17089 = ORIENTED_EDGE('',*,*,#17090,.T.);
#17090 = EDGE_CURVE('',#17082,#17063,#17091,.T.);
#17091 = LINE('',#17092,#17093);
#17092 = CARTESIAN_POINT('',(134.81,-98.65,1.46));
#17093 = VECTOR('',#17094,1.);
#17094 = DIRECTION('',(0.,-1.,0.));
#17095 = FACE_BOUND('',#17096,.F.);
#17096 = EDGE_LOOP('',(#17097,#17108,#17116,#17125));
#17097 = ORIENTED_EDGE('',*,*,#17098,.T.);
#17098 = EDGE_CURVE('',#17099,#17101,#17103,.T.);
#17099 = VERTEX_POINT('',#17100);
#17100 = CARTESIAN_POINT('',(137.35,-99.35,1.46));
#17101 = VERTEX_POINT('',#17102);
#17102 = CARTESIAN_POINT('',(138.95,-99.35,1.46));
#17103 = CIRCLE('',#17104,0.8);
#17104 = AXIS2_PLACEMENT_3D('',#17105,#17106,#17107);
#17105 = CARTESIAN_POINT('',(138.15,-99.350000247,1.46));
#17106 = DIRECTION('',(0.,0.,1.));
#17107 = DIRECTION('',(-1.,3.087522948419E-07,-0.));
#17108 = ORIENTED_EDGE('',*,*,#17109,.T.);
#17109 = EDGE_CURVE('',#17101,#17110,#17112,.T.);
#17110 = VERTEX_POINT('',#17111);
#17111 = CARTESIAN_POINT('',(138.95,-98.65,1.46));
#17112 = LINE('',#17113,#17114);
#17113 = CARTESIAN_POINT('',(138.95,-99.35,1.46));
#17114 = VECTOR('',#17115,1.);
#17115 = DIRECTION('',(0.,1.,0.));
#17116 = ORIENTED_EDGE('',*,*,#17117,.T.);
#17117 = EDGE_CURVE('',#17110,#17118,#17120,.T.);
#17118 = VERTEX_POINT('',#17119);
#17119 = CARTESIAN_POINT('',(137.35,-98.65,1.46));
#17120 = CIRCLE('',#17121,0.8);
#17121 = AXIS2_PLACEMENT_3D('',#17122,#17123,#17124);
#17122 = CARTESIAN_POINT('',(138.15,-98.65000041093,1.46));
#17123 = DIRECTION('',(0.,0.,1.));
#17124 = DIRECTION('',(1.,5.136701197727E-07,-0.));
#17125 = ORIENTED_EDGE('',*,*,#17126,.T.);
#17126 = EDGE_CURVE('',#17118,#17099,#17127,.T.);
#17127 = LINE('',#17128,#17129);
#17128 = CARTESIAN_POINT('',(137.35,-98.65,1.46));
#17129 = VECTOR('',#17130,1.);
#17130 = DIRECTION('',(0.,-1.,0.));
#17131 = FACE_BOUND('',#17132,.F.);
#17132 = EDGE_LOOP('',(#17133,#17144,#17152,#17161));
#17133 = ORIENTED_EDGE('',*,*,#17134,.T.);
#17134 = EDGE_CURVE('',#17135,#17137,#17139,.T.);
#17135 = VERTEX_POINT('',#17136);
#17136 = CARTESIAN_POINT('',(147.51,-99.35,1.46));
#17137 = VERTEX_POINT('',#17138);
#17138 = CARTESIAN_POINT('',(149.11,-99.35,1.46));
#17139 = CIRCLE('',#17140,0.8);
#17140 = AXIS2_PLACEMENT_3D('',#17141,#17142,#17143);
#17141 = CARTESIAN_POINT('',(148.31,-99.350000247,1.46));
#17142 = DIRECTION('',(0.,0.,1.));
#17143 = DIRECTION('',(-1.,3.087522593148E-07,-0.));
#17144 = ORIENTED_EDGE('',*,*,#17145,.T.);
#17145 = EDGE_CURVE('',#17137,#17146,#17148,.T.);
#17146 = VERTEX_POINT('',#17147);
#17147 = CARTESIAN_POINT('',(149.11,-98.65,1.46));
#17148 = LINE('',#17149,#17150);
#17149 = CARTESIAN_POINT('',(149.11,-99.35,1.46));
#17150 = VECTOR('',#17151,1.);
#17151 = DIRECTION('',(0.,1.,0.));
#17152 = ORIENTED_EDGE('',*,*,#17153,.T.);
#17153 = EDGE_CURVE('',#17146,#17154,#17156,.T.);
#17154 = VERTEX_POINT('',#17155);
#17155 = CARTESIAN_POINT('',(147.51,-98.65,1.46));
#17156 = CIRCLE('',#17157,0.8);
#17157 = AXIS2_PLACEMENT_3D('',#17158,#17159,#17160);
#17158 = CARTESIAN_POINT('',(148.31,-98.65000041093,1.46));
#17159 = DIRECTION('',(0.,0.,1.));
#17160 = DIRECTION('',(1.,5.136702085905E-07,-0.));
#17161 = ORIENTED_EDGE('',*,*,#17162,.T.);
#17162 = EDGE_CURVE('',#17154,#17135,#17163,.T.);
#17163 = LINE('',#17164,#17165);
#17164 = CARTESIAN_POINT('',(147.51,-98.65,1.46));
#17165 = VECTOR('',#17166,1.);
#17166 = DIRECTION('',(0.,-1.,0.));
#17167 = FACE_BOUND('',#17168,.F.);
#17168 = EDGE_LOOP('',(#17169,#17180,#17188,#17197));
#17169 = ORIENTED_EDGE('',*,*,#17170,.T.);
#17170 = EDGE_CURVE('',#17171,#17173,#17175,.T.);
#17171 = VERTEX_POINT('',#17172);
#17172 = CARTESIAN_POINT('',(150.05,-99.35,1.46));
#17173 = VERTEX_POINT('',#17174);
#17174 = CARTESIAN_POINT('',(151.65,-99.35,1.46));
#17175 = CIRCLE('',#17176,0.8);
#17176 = AXIS2_PLACEMENT_3D('',#17177,#17178,#17179);
#17177 = CARTESIAN_POINT('',(150.85,-99.350000247,1.46));
#17178 = DIRECTION('',(0.,0.,1.));
#17179 = DIRECTION('',(-1.,3.087522770784E-07,-0.));
#17180 = ORIENTED_EDGE('',*,*,#17181,.T.);
#17181 = EDGE_CURVE('',#17173,#17182,#17184,.T.);
#17182 = VERTEX_POINT('',#17183);
#17183 = CARTESIAN_POINT('',(151.65,-98.65,1.46));
#17184 = LINE('',#17185,#17186);
#17185 = CARTESIAN_POINT('',(151.65,-99.35,1.46));
#17186 = VECTOR('',#17187,1.);
#17187 = DIRECTION('',(0.,1.,0.));
#17188 = ORIENTED_EDGE('',*,*,#17189,.T.);
#17189 = EDGE_CURVE('',#17182,#17190,#17192,.T.);
#17190 = VERTEX_POINT('',#17191);
#17191 = CARTESIAN_POINT('',(150.05,-98.65,1.46));
#17192 = CIRCLE('',#17193,0.8);
#17193 = AXIS2_PLACEMENT_3D('',#17194,#17195,#17196);
#17194 = CARTESIAN_POINT('',(150.85,-98.65000041093,1.46));
#17195 = DIRECTION('',(0.,0.,1.));
#17196 = DIRECTION('',(1.,5.13670190827E-07,-0.));
#17197 = ORIENTED_EDGE('',*,*,#17198,.T.);
#17198 = EDGE_CURVE('',#17190,#17171,#17199,.T.);
#17199 = LINE('',#17200,#17201);
#17200 = CARTESIAN_POINT('',(150.05,-98.65,1.46));
#17201 = VECTOR('',#17202,1.);
#17202 = DIRECTION('',(0.,-1.,0.));
#17203 = FACE_BOUND('',#17204,.F.);
#17204 = EDGE_LOOP('',(#17205,#17216,#17224,#17233));
#17205 = ORIENTED_EDGE('',*,*,#17206,.T.);
#17206 = EDGE_CURVE('',#17207,#17209,#17211,.T.);
#17207 = VERTEX_POINT('',#17208);
#17208 = CARTESIAN_POINT('',(152.59,-99.35,1.46));
#17209 = VERTEX_POINT('',#17210);
#17210 = CARTESIAN_POINT('',(154.19,-99.35,1.46));
#17211 = CIRCLE('',#17212,0.8);
#17212 = AXIS2_PLACEMENT_3D('',#17213,#17214,#17215);
#17213 = CARTESIAN_POINT('',(153.39,-99.350000247,1.46));
#17214 = DIRECTION('',(0.,0.,1.));
#17215 = DIRECTION('',(-1.,3.087522948419E-07,-0.));
#17216 = ORIENTED_EDGE('',*,*,#17217,.T.);
#17217 = EDGE_CURVE('',#17209,#17218,#17220,.T.);
#17218 = VERTEX_POINT('',#17219);
#17219 = CARTESIAN_POINT('',(154.19,-98.65,1.46));
#17220 = LINE('',#17221,#17222);
#17221 = CARTESIAN_POINT('',(154.19,-99.35,1.46));
#17222 = VECTOR('',#17223,1.);
#17223 = DIRECTION('',(0.,1.,0.));
#17224 = ORIENTED_EDGE('',*,*,#17225,.T.);
#17225 = EDGE_CURVE('',#17218,#17226,#17228,.T.);
#17226 = VERTEX_POINT('',#17227);
#17227 = CARTESIAN_POINT('',(152.59,-98.65,1.46));
#17228 = CIRCLE('',#17229,0.8);
#17229 = AXIS2_PLACEMENT_3D('',#17230,#17231,#17232);
#17230 = CARTESIAN_POINT('',(153.39,-98.65000041093,1.46));
#17231 = DIRECTION('',(0.,0.,1.));
#17232 = DIRECTION('',(1.,5.136701197727E-07,-0.));
#17233 = ORIENTED_EDGE('',*,*,#17234,.T.);
#17234 = EDGE_CURVE('',#17226,#17207,#17235,.T.);
#17235 = LINE('',#17236,#17237);
#17236 = CARTESIAN_POINT('',(152.59,-98.65,1.46));
#17237 = VECTOR('',#17238,1.);
#17238 = DIRECTION('',(0.,-1.,0.));
#17239 = FACE_BOUND('',#17240,.F.);
#17240 = EDGE_LOOP('',(#17241,#17252,#17260,#17269,#17277,#17286,#17294,
    #17303));
#17241 = ORIENTED_EDGE('',*,*,#17242,.T.);
#17242 = EDGE_CURVE('',#17243,#17245,#17247,.T.);
#17243 = VERTEX_POINT('',#17244);
#17244 = CARTESIAN_POINT('',(133.95,-98.825,1.46));
#17245 = VERTEX_POINT('',#17246);
#17246 = CARTESIAN_POINT('',(133.7,-98.575,1.46));
#17247 = CIRCLE('',#17248,0.249998959685);
#17248 = AXIS2_PLACEMENT_3D('',#17249,#17250,#17251);
#17249 = CARTESIAN_POINT('',(133.70000104031,-98.82499895968,1.46));
#17250 = DIRECTION('',(0.,0.,1.));
#17251 = DIRECTION('',(0.999999999991,-4.161285893911E-06,0.));
#17252 = ORIENTED_EDGE('',*,*,#17253,.T.);
#17253 = EDGE_CURVE('',#17245,#17254,#17256,.T.);
#17254 = VERTEX_POINT('',#17255);
#17255 = CARTESIAN_POINT('',(130.8,-98.575,1.46));
#17256 = LINE('',#17257,#17258);
#17257 = CARTESIAN_POINT('',(133.7,-98.575,1.46));
#17258 = VECTOR('',#17259,1.);
#17259 = DIRECTION('',(-1.,0.,0.));
#17260 = ORIENTED_EDGE('',*,*,#17261,.T.);
#17261 = EDGE_CURVE('',#17254,#17262,#17264,.T.);
#17262 = VERTEX_POINT('',#17263);
#17263 = CARTESIAN_POINT('',(130.55,-98.825,1.46));
#17264 = CIRCLE('',#17265,0.249998959685);
#17265 = AXIS2_PLACEMENT_3D('',#17266,#17267,#17268);
#17266 = CARTESIAN_POINT('',(130.79999895968,-98.82499895968,1.46));
#17267 = DIRECTION('',(0.,0.,1.));
#17268 = DIRECTION('',(4.161285950754E-06,0.999999999991,-0.));
#17269 = ORIENTED_EDGE('',*,*,#17270,.T.);
#17270 = EDGE_CURVE('',#17262,#17271,#17273,.T.);
#17271 = VERTEX_POINT('',#17272);
#17272 = CARTESIAN_POINT('',(130.55,-99.625,1.46));
#17273 = LINE('',#17274,#17275);
#17274 = CARTESIAN_POINT('',(130.55,-98.825,1.46));
#17275 = VECTOR('',#17276,1.);
#17276 = DIRECTION('',(0.,-1.,0.));
#17277 = ORIENTED_EDGE('',*,*,#17278,.T.);
#17278 = EDGE_CURVE('',#17271,#17279,#17281,.T.);
#17279 = VERTEX_POINT('',#17280);
#17280 = CARTESIAN_POINT('',(130.8,-99.875,1.46));
#17281 = CIRCLE('',#17282,0.249998959685);
#17282 = AXIS2_PLACEMENT_3D('',#17283,#17284,#17285);
#17283 = CARTESIAN_POINT('',(130.79999895968,-99.62500104031,1.46));
#17284 = DIRECTION('',(0.,0.,1.));
#17285 = DIRECTION('',(-0.999999999991,4.161285950754E-06,0.));
#17286 = ORIENTED_EDGE('',*,*,#17287,.T.);
#17287 = EDGE_CURVE('',#17279,#17288,#17290,.T.);
#17288 = VERTEX_POINT('',#17289);
#17289 = CARTESIAN_POINT('',(133.7,-99.875,1.46));
#17290 = LINE('',#17291,#17292);
#17291 = CARTESIAN_POINT('',(130.8,-99.875,1.46));
#17292 = VECTOR('',#17293,1.);
#17293 = DIRECTION('',(1.,0.,0.));
#17294 = ORIENTED_EDGE('',*,*,#17295,.T.);
#17295 = EDGE_CURVE('',#17288,#17296,#17298,.T.);
#17296 = VERTEX_POINT('',#17297);
#17297 = CARTESIAN_POINT('',(133.95,-99.625,1.46));
#17298 = CIRCLE('',#17299,0.249998959685);
#17299 = AXIS2_PLACEMENT_3D('',#17300,#17301,#17302);
#17300 = CARTESIAN_POINT('',(133.70000104031,-99.62500104031,1.46));
#17301 = DIRECTION('',(0.,0.,1.));
#17302 = DIRECTION('',(-4.161285950754E-06,-0.999999999991,0.));
#17303 = ORIENTED_EDGE('',*,*,#17304,.T.);
#17304 = EDGE_CURVE('',#17296,#17243,#17305,.T.);
#17305 = LINE('',#17306,#17307);
#17306 = CARTESIAN_POINT('',(133.95,-99.625,1.46));
#17307 = VECTOR('',#17308,1.);
#17308 = DIRECTION('',(0.,1.,0.));
#17309 = FACE_BOUND('',#17310,.F.);
#17310 = EDGE_LOOP('',(#17311,#17322,#17330,#17339));
#17311 = ORIENTED_EDGE('',*,*,#17312,.T.);
#17312 = EDGE_CURVE('',#17313,#17315,#17317,.T.);
#17313 = VERTEX_POINT('',#17314);
#17314 = CARTESIAN_POINT('',(137.25567,-96.08747,1.46));
#17315 = VERTEX_POINT('',#17316);
#17316 = CARTESIAN_POINT('',(138.95567,-96.08747,1.46));
#17317 = CIRCLE('',#17318,0.85);
#17318 = AXIS2_PLACEMENT_3D('',#17319,#17320,#17321);
#17319 = CARTESIAN_POINT('',(138.10567,-96.08747002475,1.46));
#17320 = DIRECTION('',(0.,0.,1.));
#17321 = DIRECTION('',(-1.,2.911877693216E-08,-0.));
#17322 = ORIENTED_EDGE('',*,*,#17323,.T.);
#17323 = EDGE_CURVE('',#17315,#17324,#17326,.T.);
#17324 = VERTEX_POINT('',#17325);
#17325 = CARTESIAN_POINT('',(138.95567,-95.48747,1.46));
#17326 = LINE('',#17327,#17328);
#17327 = CARTESIAN_POINT('',(138.95567,-96.08747,1.46));
#17328 = VECTOR('',#17329,1.);
#17329 = DIRECTION('',(0.,1.,0.));
#17330 = ORIENTED_EDGE('',*,*,#17331,.T.);
#17331 = EDGE_CURVE('',#17324,#17332,#17334,.T.);
#17332 = VERTEX_POINT('',#17333);
#17333 = CARTESIAN_POINT('',(137.25567,-95.48747,1.46));
#17334 = CIRCLE('',#17335,0.85);
#17335 = AXIS2_PLACEMENT_3D('',#17336,#17337,#17338);
#17336 = CARTESIAN_POINT('',(138.10567,-95.48747036604,1.46));
#17337 = DIRECTION('',(0.,0.,1.));
#17338 = DIRECTION('',(1.,4.306456576962E-07,-0.));
#17339 = ORIENTED_EDGE('',*,*,#17340,.T.);
#17340 = EDGE_CURVE('',#17332,#17313,#17341,.T.);
#17341 = LINE('',#17342,#17343);
#17342 = CARTESIAN_POINT('',(137.25567,-95.48747,1.46));
#17343 = VECTOR('',#17344,1.);
#17344 = DIRECTION('',(0.,-1.,0.));
#17345 = FACE_BOUND('',#17346,.F.);
#17346 = EDGE_LOOP('',(#17347,#17358,#17366,#17375));
#17347 = ORIENTED_EDGE('',*,*,#17348,.T.);
#17348 = EDGE_CURVE('',#17349,#17351,#17353,.T.);
#17349 = VERTEX_POINT('',#17350);
#17350 = CARTESIAN_POINT('',(139.79567,-96.08747,1.46));
#17351 = VERTEX_POINT('',#17352);
#17352 = CARTESIAN_POINT('',(141.49567,-96.08747,1.46));
#17353 = CIRCLE('',#17354,0.85);
#17354 = AXIS2_PLACEMENT_3D('',#17355,#17356,#17357);
#17355 = CARTESIAN_POINT('',(140.64567,-96.08747002475,1.46));
#17356 = DIRECTION('',(0.,0.,1.));
#17357 = DIRECTION('',(-1.,2.911877693216E-08,-0.));
#17358 = ORIENTED_EDGE('',*,*,#17359,.T.);
#17359 = EDGE_CURVE('',#17351,#17360,#17362,.T.);
#17360 = VERTEX_POINT('',#17361);
#17361 = CARTESIAN_POINT('',(141.49567,-95.48747,1.46));
#17362 = LINE('',#17363,#17364);
#17363 = CARTESIAN_POINT('',(141.49567,-96.08747,1.46));
#17364 = VECTOR('',#17365,1.);
#17365 = DIRECTION('',(0.,1.,0.));
#17366 = ORIENTED_EDGE('',*,*,#17367,.T.);
#17367 = EDGE_CURVE('',#17360,#17368,#17370,.T.);
#17368 = VERTEX_POINT('',#17369);
#17369 = CARTESIAN_POINT('',(139.79567,-95.48747,1.46));
#17370 = CIRCLE('',#17371,0.85);
#17371 = AXIS2_PLACEMENT_3D('',#17372,#17373,#17374);
#17372 = CARTESIAN_POINT('',(140.64567,-95.48747036604,1.46));
#17373 = DIRECTION('',(0.,0.,1.));
#17374 = DIRECTION('',(1.,4.306456075402E-07,-0.));
#17375 = ORIENTED_EDGE('',*,*,#17376,.T.);
#17376 = EDGE_CURVE('',#17368,#17349,#17377,.T.);
#17377 = LINE('',#17378,#17379);
#17378 = CARTESIAN_POINT('',(139.79567,-95.48747,1.46));
#17379 = VECTOR('',#17380,1.);
#17380 = DIRECTION('',(0.,-1.,0.));
#17381 = FACE_BOUND('',#17382,.F.);
#17382 = EDGE_LOOP('',(#17383,#17394,#17402,#17411));
#17383 = ORIENTED_EDGE('',*,*,#17384,.T.);
#17384 = EDGE_CURVE('',#17385,#17387,#17389,.T.);
#17385 = VERTEX_POINT('',#17386);
#17386 = CARTESIAN_POINT('',(147.41567,-96.08747,1.46));
#17387 = VERTEX_POINT('',#17388);
#17388 = CARTESIAN_POINT('',(149.11567,-96.08747,1.46));
#17389 = CIRCLE('',#17390,0.85);
#17390 = AXIS2_PLACEMENT_3D('',#17391,#17392,#17393);
#17391 = CARTESIAN_POINT('',(148.26567,-96.08747002475,1.46));
#17392 = DIRECTION('',(0.,0.,1.));
#17393 = DIRECTION('',(-1.,2.911877693216E-08,-0.));
#17394 = ORIENTED_EDGE('',*,*,#17395,.T.);
#17395 = EDGE_CURVE('',#17387,#17396,#17398,.T.);
#17396 = VERTEX_POINT('',#17397);
#17397 = CARTESIAN_POINT('',(149.11567,-95.48747,1.46));
#17398 = LINE('',#17399,#17400);
#17399 = CARTESIAN_POINT('',(149.11567,-96.08747,1.46));
#17400 = VECTOR('',#17401,1.);
#17401 = DIRECTION('',(0.,1.,0.));
#17402 = ORIENTED_EDGE('',*,*,#17403,.T.);
#17403 = EDGE_CURVE('',#17396,#17404,#17406,.T.);
#17404 = VERTEX_POINT('',#17405);
#17405 = CARTESIAN_POINT('',(147.41567,-95.48747,1.46));
#17406 = CIRCLE('',#17407,0.85);
#17407 = AXIS2_PLACEMENT_3D('',#17408,#17409,#17410);
#17408 = CARTESIAN_POINT('',(148.26567,-95.48747036604,1.46));
#17409 = DIRECTION('',(0.,0.,1.));
#17410 = DIRECTION('',(1.,4.306456576962E-07,-0.));
#17411 = ORIENTED_EDGE('',*,*,#17412,.T.);
#17412 = EDGE_CURVE('',#17404,#17385,#17413,.T.);
#17413 = LINE('',#17414,#17415);
#17414 = CARTESIAN_POINT('',(147.41567,-95.48747,1.46));
#17415 = VECTOR('',#17416,1.);
#17416 = DIRECTION('',(0.,-1.,0.));
#17417 = FACE_BOUND('',#17418,.F.);
#17418 = EDGE_LOOP('',(#17419,#17430,#17438,#17447));
#17419 = ORIENTED_EDGE('',*,*,#17420,.T.);
#17420 = EDGE_CURVE('',#17421,#17423,#17425,.T.);
#17421 = VERTEX_POINT('',#17422);
#17422 = CARTESIAN_POINT('',(149.95567,-96.08747,1.46));
#17423 = VERTEX_POINT('',#17424);
#17424 = CARTESIAN_POINT('',(151.65567,-96.08747,1.46));
#17425 = CIRCLE('',#17426,0.85);
#17426 = AXIS2_PLACEMENT_3D('',#17427,#17428,#17429);
#17427 = CARTESIAN_POINT('',(150.80567,-96.08747002475,1.46));
#17428 = DIRECTION('',(0.,0.,1.));
#17429 = DIRECTION('',(-1.,2.911877693216E-08,-0.));
#17430 = ORIENTED_EDGE('',*,*,#17431,.T.);
#17431 = EDGE_CURVE('',#17423,#17432,#17434,.T.);
#17432 = VERTEX_POINT('',#17433);
#17433 = CARTESIAN_POINT('',(151.65567,-95.48747,1.46));
#17434 = LINE('',#17435,#17436);
#17435 = CARTESIAN_POINT('',(151.65567,-96.08747,1.46));
#17436 = VECTOR('',#17437,1.);
#17437 = DIRECTION('',(0.,1.,0.));
#17438 = ORIENTED_EDGE('',*,*,#17439,.T.);
#17439 = EDGE_CURVE('',#17432,#17440,#17442,.T.);
#17440 = VERTEX_POINT('',#17441);
#17441 = CARTESIAN_POINT('',(149.95567,-95.48747,1.46));
#17442 = CIRCLE('',#17443,0.85);
#17443 = AXIS2_PLACEMENT_3D('',#17444,#17445,#17446);
#17444 = CARTESIAN_POINT('',(150.80567,-95.48747036604,1.46));
#17445 = DIRECTION('',(0.,0.,1.));
#17446 = DIRECTION('',(1.,4.306455908216E-07,-0.));
#17447 = ORIENTED_EDGE('',*,*,#17448,.T.);
#17448 = EDGE_CURVE('',#17440,#17421,#17449,.T.);
#17449 = LINE('',#17450,#17451);
#17450 = CARTESIAN_POINT('',(149.95567,-95.48747,1.46));
#17451 = VECTOR('',#17452,1.);
#17452 = DIRECTION('',(0.,-1.,0.));
#17453 = FACE_BOUND('',#17454,.F.);
#17454 = EDGE_LOOP('',(#17455,#17466,#17474,#17483));
#17455 = ORIENTED_EDGE('',*,*,#17456,.T.);
#17456 = EDGE_CURVE('',#17457,#17459,#17461,.T.);
#17457 = VERTEX_POINT('',#17458);
#17458 = CARTESIAN_POINT('',(152.49567,-96.08747,1.46));
#17459 = VERTEX_POINT('',#17460);
#17460 = CARTESIAN_POINT('',(154.19567,-96.08747,1.46));
#17461 = CIRCLE('',#17462,0.85);
#17462 = AXIS2_PLACEMENT_3D('',#17463,#17464,#17465);
#17463 = CARTESIAN_POINT('',(153.34567,-96.08747002475,1.46));
#17464 = DIRECTION('',(0.,0.,1.));
#17465 = DIRECTION('',(-1.,2.911874349486E-08,-0.));
#17466 = ORIENTED_EDGE('',*,*,#17467,.T.);
#17467 = EDGE_CURVE('',#17459,#17468,#17470,.T.);
#17468 = VERTEX_POINT('',#17469);
#17469 = CARTESIAN_POINT('',(154.19567,-95.48747,1.46));
#17470 = LINE('',#17471,#17472);
#17471 = CARTESIAN_POINT('',(154.19567,-96.08747,1.46));
#17472 = VECTOR('',#17473,1.);
#17473 = DIRECTION('',(0.,1.,0.));
#17474 = ORIENTED_EDGE('',*,*,#17475,.T.);
#17475 = EDGE_CURVE('',#17468,#17476,#17478,.T.);
#17476 = VERTEX_POINT('',#17477);
#17477 = CARTESIAN_POINT('',(152.49567,-95.48747,1.46));
#17478 = CIRCLE('',#17479,0.85);
#17479 = AXIS2_PLACEMENT_3D('',#17480,#17481,#17482);
#17480 = CARTESIAN_POINT('',(153.34567,-95.48747036604,1.46));
#17481 = DIRECTION('',(0.,0.,1.));
#17482 = DIRECTION('',(1.,4.306456744148E-07,-0.));
#17483 = ORIENTED_EDGE('',*,*,#17484,.T.);
#17484 = EDGE_CURVE('',#17476,#17457,#17485,.T.);
#17485 = LINE('',#17486,#17487);
#17486 = CARTESIAN_POINT('',(152.49567,-95.48747,1.46));
#17487 = VECTOR('',#17488,1.);
#17488 = DIRECTION('',(0.,-1.,0.));
#17489 = FACE_BOUND('',#17490,.F.);
#17490 = EDGE_LOOP('',(#17491,#17502,#17510,#17519,#17527,#17536,#17544,
    #17553));
#17491 = ORIENTED_EDGE('',*,*,#17492,.T.);
#17492 = EDGE_CURVE('',#17493,#17495,#17497,.T.);
#17493 = VERTEX_POINT('',#17494);
#17494 = CARTESIAN_POINT('',(133.95,-94.375,1.46));
#17495 = VERTEX_POINT('',#17496);
#17496 = CARTESIAN_POINT('',(133.7,-94.125,1.46));
#17497 = CIRCLE('',#17498,0.249998959685);
#17498 = AXIS2_PLACEMENT_3D('',#17499,#17500,#17501);
#17499 = CARTESIAN_POINT('',(133.70000104031,-94.37499895968,1.46));
#17500 = DIRECTION('',(0.,0.,1.));
#17501 = DIRECTION('',(0.999999999991,-4.161285950754E-06,0.));
#17502 = ORIENTED_EDGE('',*,*,#17503,.T.);
#17503 = EDGE_CURVE('',#17495,#17504,#17506,.T.);
#17504 = VERTEX_POINT('',#17505);
#17505 = CARTESIAN_POINT('',(130.8,-94.125,1.46));
#17506 = LINE('',#17507,#17508);
#17507 = CARTESIAN_POINT('',(133.7,-94.125,1.46));
#17508 = VECTOR('',#17509,1.);
#17509 = DIRECTION('',(-1.,0.,0.));
#17510 = ORIENTED_EDGE('',*,*,#17511,.T.);
#17511 = EDGE_CURVE('',#17504,#17512,#17514,.T.);
#17512 = VERTEX_POINT('',#17513);
#17513 = CARTESIAN_POINT('',(130.55,-94.375,1.46));
#17514 = CIRCLE('',#17515,0.249998959685);
#17515 = AXIS2_PLACEMENT_3D('',#17516,#17517,#17518);
#17516 = CARTESIAN_POINT('',(130.79999895968,-94.37499895968,1.46));
#17517 = DIRECTION('',(0.,0.,1.));
#17518 = DIRECTION('',(4.161285950754E-06,0.999999999991,-0.));
#17519 = ORIENTED_EDGE('',*,*,#17520,.T.);
#17520 = EDGE_CURVE('',#17512,#17521,#17523,.T.);
#17521 = VERTEX_POINT('',#17522);
#17522 = CARTESIAN_POINT('',(130.55,-95.175,1.46));
#17523 = LINE('',#17524,#17525);
#17524 = CARTESIAN_POINT('',(130.55,-94.375,1.46));
#17525 = VECTOR('',#17526,1.);
#17526 = DIRECTION('',(0.,-1.,0.));
#17527 = ORIENTED_EDGE('',*,*,#17528,.T.);
#17528 = EDGE_CURVE('',#17521,#17529,#17531,.T.);
#17529 = VERTEX_POINT('',#17530);
#17530 = CARTESIAN_POINT('',(130.8,-95.425,1.46));
#17531 = CIRCLE('',#17532,0.249998959685);
#17532 = AXIS2_PLACEMENT_3D('',#17533,#17534,#17535);
#17533 = CARTESIAN_POINT('',(130.79999895968,-95.17500104031,1.46));
#17534 = DIRECTION('',(0.,0.,1.));
#17535 = DIRECTION('',(-0.999999999991,4.161285893911E-06,0.));
#17536 = ORIENTED_EDGE('',*,*,#17537,.T.);
#17537 = EDGE_CURVE('',#17529,#17538,#17540,.T.);
#17538 = VERTEX_POINT('',#17539);
#17539 = CARTESIAN_POINT('',(133.7,-95.425,1.46));
#17540 = LINE('',#17541,#17542);
#17541 = CARTESIAN_POINT('',(130.8,-95.425,1.46));
#17542 = VECTOR('',#17543,1.);
#17543 = DIRECTION('',(1.,0.,0.));
#17544 = ORIENTED_EDGE('',*,*,#17545,.T.);
#17545 = EDGE_CURVE('',#17538,#17546,#17548,.T.);
#17546 = VERTEX_POINT('',#17547);
#17547 = CARTESIAN_POINT('',(133.95,-95.175,1.46));
#17548 = CIRCLE('',#17549,0.249998959685);
#17549 = AXIS2_PLACEMENT_3D('',#17550,#17551,#17552);
#17550 = CARTESIAN_POINT('',(133.70000104031,-95.17500104031,1.46));
#17551 = DIRECTION('',(0.,0.,1.));
#17552 = DIRECTION('',(-4.161285950754E-06,-0.999999999991,0.));
#17553 = ORIENTED_EDGE('',*,*,#17554,.T.);
#17554 = EDGE_CURVE('',#17546,#17493,#17555,.T.);
#17555 = LINE('',#17556,#17557);
#17556 = CARTESIAN_POINT('',(133.95,-95.175,1.46));
#17557 = VECTOR('',#17558,1.);
#17558 = DIRECTION('',(0.,1.,0.));
#17559 = PLANE('',#17560);
#17560 = AXIS2_PLACEMENT_3D('',#17561,#17562,#17563);
#17561 = CARTESIAN_POINT('',(0.,0.,1.46));
#17562 = DIRECTION('',(0.,0.,1.));
#17563 = DIRECTION('',(1.,0.,-0.));
#17564 = SHELL_BASED_SURFACE_MODEL('',(#17565));
#17565 = OPEN_SHELL('',(#17566));
#17566 = ADVANCED_FACE('',(#17567,#17701,#17737,#17773,#17809,#17845,
    #17881,#17917,#17953,#17989,#18025),#18061,.T.);
#17567 = FACE_BOUND('',#17568,.T.);
#17568 = EDGE_LOOP('',(#17569,#17580,#17588,#17596,#17604,#17613,#17621,
    #17629,#17637,#17646,#17654,#17662,#17670,#17679,#17687,#17695));
#17569 = ORIENTED_EDGE('',*,*,#17570,.T.);
#17570 = EDGE_CURVE('',#17571,#17573,#17575,.T.);
#17571 = VERTEX_POINT('',#17572);
#17572 = CARTESIAN_POINT('',(129.752407,-92.651746,-5.E-02));
#17573 = VERTEX_POINT('',#17574);
#17574 = CARTESIAN_POINT('',(130.651746,-91.752407,-5.E-02));
#17575 = CIRCLE('',#17576,1.00242103302);
#17576 = AXIS2_PLACEMENT_3D('',#17577,#17578,#17579);
#17577 = CARTESIAN_POINT('',(130.75000104269,-92.75000104269,-5.E-02));
#17578 = DIRECTION('',(0.,0.,-1.));
#17579 = DIRECTION('',(-0.995184667756,9.801773851572E-02,0.));
#17580 = ORIENTED_EDGE('',*,*,#17581,.T.);
#17581 = EDGE_CURVE('',#17573,#17582,#17584,.T.);
#17582 = VERTEX_POINT('',#17583);
#17583 = CARTESIAN_POINT('',(130.75,-91.75,-5.E-02));
#17584 = LINE('',#17585,#17586);
#17585 = CARTESIAN_POINT('',(130.651746,-91.752407,-5.E-02));
#17586 = VECTOR('',#17587,1.);
#17587 = DIRECTION('',(0.999700065598,2.449038266025E-02,0.));
#17588 = ORIENTED_EDGE('',*,*,#17589,.T.);
#17589 = EDGE_CURVE('',#17582,#17590,#17592,.T.);
#17590 = VERTEX_POINT('',#17591);
#17591 = CARTESIAN_POINT('',(156.25,-91.75,-5.E-02));
#17592 = LINE('',#17593,#17594);
#17593 = CARTESIAN_POINT('',(130.75,-91.75,-5.E-02));
#17594 = VECTOR('',#17595,1.);
#17595 = DIRECTION('',(1.,0.,0.));
#17596 = ORIENTED_EDGE('',*,*,#17597,.T.);
#17597 = EDGE_CURVE('',#17590,#17598,#17600,.T.);
#17598 = VERTEX_POINT('',#17599);
#17599 = CARTESIAN_POINT('',(156.348254,-91.752407,-5.E-02));
#17600 = LINE('',#17601,#17602);
#17601 = CARTESIAN_POINT('',(156.25,-91.75,-5.E-02));
#17602 = VECTOR('',#17603,1.);
#17603 = DIRECTION('',(0.999700065598,-2.449038266025E-02,0.));
#17604 = ORIENTED_EDGE('',*,*,#17605,.T.);
#17605 = EDGE_CURVE('',#17598,#17606,#17608,.T.);
#17606 = VERTEX_POINT('',#17607);
#17607 = CARTESIAN_POINT('',(157.247593,-92.651746,-5.E-02));
#17608 = CIRCLE('',#17609,1.00242103302);
#17609 = AXIS2_PLACEMENT_3D('',#17610,#17611,#17612);
#17610 = CARTESIAN_POINT('',(156.2499989573,-92.75000104269,-5.E-02));
#17611 = DIRECTION('',(0.,0.,-1.));
#17612 = DIRECTION('',(9.80177385157E-02,0.995184667756,0.));
#17613 = ORIENTED_EDGE('',*,*,#17614,.T.);
#17614 = EDGE_CURVE('',#17606,#17615,#17617,.T.);
#17615 = VERTEX_POINT('',#17616);
#17616 = CARTESIAN_POINT('',(157.25,-92.75,-5.E-02));
#17617 = LINE('',#17618,#17619);
#17618 = CARTESIAN_POINT('',(157.247593,-92.651746,-5.E-02));
#17619 = VECTOR('',#17620,1.);
#17620 = DIRECTION('',(2.449038266025E-02,-0.999700065598,0.));
#17621 = ORIENTED_EDGE('',*,*,#17622,.T.);
#17622 = EDGE_CURVE('',#17615,#17623,#17625,.T.);
#17623 = VERTEX_POINT('',#17624);
#17624 = CARTESIAN_POINT('',(157.25,-102.25,-5.E-02));
#17625 = LINE('',#17626,#17627);
#17626 = CARTESIAN_POINT('',(157.25,-92.75,-5.E-02));
#17627 = VECTOR('',#17628,1.);
#17628 = DIRECTION('',(0.,-1.,0.));
#17629 = ORIENTED_EDGE('',*,*,#17630,.T.);
#17630 = EDGE_CURVE('',#17623,#17631,#17633,.T.);
#17631 = VERTEX_POINT('',#17632);
#17632 = CARTESIAN_POINT('',(157.247593,-102.348254,-5.E-02));
#17633 = LINE('',#17634,#17635);
#17634 = CARTESIAN_POINT('',(157.25,-102.25,-5.E-02));
#17635 = VECTOR('',#17636,1.);
#17636 = DIRECTION('',(-2.449038266025E-02,-0.999700065598,0.));
#17637 = ORIENTED_EDGE('',*,*,#17638,.T.);
#17638 = EDGE_CURVE('',#17631,#17639,#17641,.T.);
#17639 = VERTEX_POINT('',#17640);
#17640 = CARTESIAN_POINT('',(156.348254,-103.247593,-5.E-02));
#17641 = CIRCLE('',#17642,1.00242103302);
#17642 = AXIS2_PLACEMENT_3D('',#17643,#17644,#17645);
#17643 = CARTESIAN_POINT('',(156.2499989573,-102.2499989573,-5.E-02));
#17644 = DIRECTION('',(0.,0.,-1.));
#17645 = DIRECTION('',(0.995184667756,-9.801773851572E-02,0.));
#17646 = ORIENTED_EDGE('',*,*,#17647,.T.);
#17647 = EDGE_CURVE('',#17639,#17648,#17650,.T.);
#17648 = VERTEX_POINT('',#17649);
#17649 = CARTESIAN_POINT('',(156.25,-103.25,-5.E-02));
#17650 = LINE('',#17651,#17652);
#17651 = CARTESIAN_POINT('',(156.348254,-103.247593,-5.E-02));
#17652 = VECTOR('',#17653,1.);
#17653 = DIRECTION('',(-0.999700065598,-2.449038266025E-02,0.));
#17654 = ORIENTED_EDGE('',*,*,#17655,.T.);
#17655 = EDGE_CURVE('',#17648,#17656,#17658,.T.);
#17656 = VERTEX_POINT('',#17657);
#17657 = CARTESIAN_POINT('',(130.75,-103.25,-5.E-02));
#17658 = LINE('',#17659,#17660);
#17659 = CARTESIAN_POINT('',(156.25,-103.25,-5.E-02));
#17660 = VECTOR('',#17661,1.);
#17661 = DIRECTION('',(-1.,0.,0.));
#17662 = ORIENTED_EDGE('',*,*,#17663,.T.);
#17663 = EDGE_CURVE('',#17656,#17664,#17666,.T.);
#17664 = VERTEX_POINT('',#17665);
#17665 = CARTESIAN_POINT('',(130.651746,-103.247593,-5.E-02));
#17666 = LINE('',#17667,#17668);
#17667 = CARTESIAN_POINT('',(130.75,-103.25,-5.E-02));
#17668 = VECTOR('',#17669,1.);
#17669 = DIRECTION('',(-0.999700065598,2.449038266025E-02,0.));
#17670 = ORIENTED_EDGE('',*,*,#17671,.T.);
#17671 = EDGE_CURVE('',#17664,#17672,#17674,.T.);
#17672 = VERTEX_POINT('',#17673);
#17673 = CARTESIAN_POINT('',(129.752407,-102.348254,-5.E-02));
#17674 = CIRCLE('',#17675,1.00242103302);
#17675 = AXIS2_PLACEMENT_3D('',#17676,#17677,#17678);
#17676 = CARTESIAN_POINT('',(130.75000104269,-102.2499989573,-5.E-02));
#17677 = DIRECTION('',(0.,0.,-1.));
#17678 = DIRECTION('',(-9.80177385157E-02,-0.995184667756,-0.));
#17679 = ORIENTED_EDGE('',*,*,#17680,.T.);
#17680 = EDGE_CURVE('',#17672,#17681,#17683,.T.);
#17681 = VERTEX_POINT('',#17682);
#17682 = CARTESIAN_POINT('',(129.75,-102.25,-5.E-02));
#17683 = LINE('',#17684,#17685);
#17684 = CARTESIAN_POINT('',(129.752407,-102.348254,-5.E-02));
#17685 = VECTOR('',#17686,1.);
#17686 = DIRECTION('',(-2.449038266025E-02,0.999700065598,0.));
#17687 = ORIENTED_EDGE('',*,*,#17688,.T.);
#17688 = EDGE_CURVE('',#17681,#17689,#17691,.T.);
#17689 = VERTEX_POINT('',#17690);
#17690 = CARTESIAN_POINT('',(129.75,-92.75,-5.E-02));
#17691 = LINE('',#17692,#17693);
#17692 = CARTESIAN_POINT('',(129.75,-102.25,-5.E-02));
#17693 = VECTOR('',#17694,1.);
#17694 = DIRECTION('',(0.,1.,0.));
#17695 = ORIENTED_EDGE('',*,*,#17696,.T.);
#17696 = EDGE_CURVE('',#17689,#17571,#17697,.T.);
#17697 = LINE('',#17698,#17699);
#17698 = CARTESIAN_POINT('',(129.75,-92.75,-5.E-02));
#17699 = VECTOR('',#17700,1.);
#17700 = DIRECTION('',(2.449038266025E-02,0.999700065598,0.));
#17701 = FACE_BOUND('',#17702,.T.);
#17702 = EDGE_LOOP('',(#17703,#17714,#17722,#17731));
#17703 = ORIENTED_EDGE('',*,*,#17704,.T.);
#17704 = EDGE_CURVE('',#17705,#17707,#17709,.T.);
#17705 = VERTEX_POINT('',#17706);
#17706 = CARTESIAN_POINT('',(134.81,-99.35,-5.E-02));
#17707 = VERTEX_POINT('',#17708);
#17708 = CARTESIAN_POINT('',(136.41,-99.35,-5.E-02));
#17709 = CIRCLE('',#17710,0.8);
#17710 = AXIS2_PLACEMENT_3D('',#17711,#17712,#17713);
#17711 = CARTESIAN_POINT('',(135.61,-99.350000247,-5.E-02));
#17712 = DIRECTION('',(0.,0.,1.));
#17713 = DIRECTION('',(-1.,3.087522770784E-07,-0.));
#17714 = ORIENTED_EDGE('',*,*,#17715,.T.);
#17715 = EDGE_CURVE('',#17707,#17716,#17718,.T.);
#17716 = VERTEX_POINT('',#17717);
#17717 = CARTESIAN_POINT('',(136.41,-98.65,-5.E-02));
#17718 = LINE('',#17719,#17720);
#17719 = CARTESIAN_POINT('',(136.41,-99.35,-5.E-02));
#17720 = VECTOR('',#17721,1.);
#17721 = DIRECTION('',(0.,1.,0.));
#17722 = ORIENTED_EDGE('',*,*,#17723,.T.);
#17723 = EDGE_CURVE('',#17716,#17724,#17726,.T.);
#17724 = VERTEX_POINT('',#17725);
#17725 = CARTESIAN_POINT('',(134.81,-98.65,-5.E-02));
#17726 = CIRCLE('',#17727,0.8);
#17727 = AXIS2_PLACEMENT_3D('',#17728,#17729,#17730);
#17728 = CARTESIAN_POINT('',(135.61,-98.65000041093,-5.E-02));
#17729 = DIRECTION('',(0.,0.,1.));
#17730 = DIRECTION('',(1.,5.136701375363E-07,-0.));
#17731 = ORIENTED_EDGE('',*,*,#17732,.T.);
#17732 = EDGE_CURVE('',#17724,#17705,#17733,.T.);
#17733 = LINE('',#17734,#17735);
#17734 = CARTESIAN_POINT('',(134.81,-98.65,-5.E-02));
#17735 = VECTOR('',#17736,1.);
#17736 = DIRECTION('',(0.,-1.,0.));
#17737 = FACE_BOUND('',#17738,.T.);
#17738 = EDGE_LOOP('',(#17739,#17750,#17758,#17767));
#17739 = ORIENTED_EDGE('',*,*,#17740,.T.);
#17740 = EDGE_CURVE('',#17741,#17743,#17745,.T.);
#17741 = VERTEX_POINT('',#17742);
#17742 = CARTESIAN_POINT('',(137.35,-99.35,-5.E-02));
#17743 = VERTEX_POINT('',#17744);
#17744 = CARTESIAN_POINT('',(138.95,-99.35,-5.E-02));
#17745 = CIRCLE('',#17746,0.8);
#17746 = AXIS2_PLACEMENT_3D('',#17747,#17748,#17749);
#17747 = CARTESIAN_POINT('',(138.15,-99.350000247,-5.E-02));
#17748 = DIRECTION('',(0.,0.,1.));
#17749 = DIRECTION('',(-1.,3.087522948419E-07,-0.));
#17750 = ORIENTED_EDGE('',*,*,#17751,.T.);
#17751 = EDGE_CURVE('',#17743,#17752,#17754,.T.);
#17752 = VERTEX_POINT('',#17753);
#17753 = CARTESIAN_POINT('',(138.95,-98.65,-5.E-02));
#17754 = LINE('',#17755,#17756);
#17755 = CARTESIAN_POINT('',(138.95,-99.35,-5.E-02));
#17756 = VECTOR('',#17757,1.);
#17757 = DIRECTION('',(0.,1.,0.));
#17758 = ORIENTED_EDGE('',*,*,#17759,.T.);
#17759 = EDGE_CURVE('',#17752,#17760,#17762,.T.);
#17760 = VERTEX_POINT('',#17761);
#17761 = CARTESIAN_POINT('',(137.35,-98.65,-5.E-02));
#17762 = CIRCLE('',#17763,0.8);
#17763 = AXIS2_PLACEMENT_3D('',#17764,#17765,#17766);
#17764 = CARTESIAN_POINT('',(138.15,-98.65000041093,-5.E-02));
#17765 = DIRECTION('',(0.,0.,1.));
#17766 = DIRECTION('',(1.,5.136701197727E-07,-0.));
#17767 = ORIENTED_EDGE('',*,*,#17768,.T.);
#17768 = EDGE_CURVE('',#17760,#17741,#17769,.T.);
#17769 = LINE('',#17770,#17771);
#17770 = CARTESIAN_POINT('',(137.35,-98.65,-5.E-02));
#17771 = VECTOR('',#17772,1.);
#17772 = DIRECTION('',(0.,-1.,0.));
#17773 = FACE_BOUND('',#17774,.T.);
#17774 = EDGE_LOOP('',(#17775,#17786,#17794,#17803));
#17775 = ORIENTED_EDGE('',*,*,#17776,.T.);
#17776 = EDGE_CURVE('',#17777,#17779,#17781,.T.);
#17777 = VERTEX_POINT('',#17778);
#17778 = CARTESIAN_POINT('',(147.51,-99.35,-5.E-02));
#17779 = VERTEX_POINT('',#17780);
#17780 = CARTESIAN_POINT('',(149.11,-99.35,-5.E-02));
#17781 = CIRCLE('',#17782,0.8);
#17782 = AXIS2_PLACEMENT_3D('',#17783,#17784,#17785);
#17783 = CARTESIAN_POINT('',(148.31,-99.350000247,-5.E-02));
#17784 = DIRECTION('',(0.,0.,1.));
#17785 = DIRECTION('',(-1.,3.087522593148E-07,-0.));
#17786 = ORIENTED_EDGE('',*,*,#17787,.T.);
#17787 = EDGE_CURVE('',#17779,#17788,#17790,.T.);
#17788 = VERTEX_POINT('',#17789);
#17789 = CARTESIAN_POINT('',(149.11,-98.65,-5.E-02));
#17790 = LINE('',#17791,#17792);
#17791 = CARTESIAN_POINT('',(149.11,-99.35,-5.E-02));
#17792 = VECTOR('',#17793,1.);
#17793 = DIRECTION('',(0.,1.,0.));
#17794 = ORIENTED_EDGE('',*,*,#17795,.T.);
#17795 = EDGE_CURVE('',#17788,#17796,#17798,.T.);
#17796 = VERTEX_POINT('',#17797);
#17797 = CARTESIAN_POINT('',(147.51,-98.65,-5.E-02));
#17798 = CIRCLE('',#17799,0.8);
#17799 = AXIS2_PLACEMENT_3D('',#17800,#17801,#17802);
#17800 = CARTESIAN_POINT('',(148.31,-98.65000041093,-5.E-02));
#17801 = DIRECTION('',(0.,0.,1.));
#17802 = DIRECTION('',(1.,5.136702085905E-07,-0.));
#17803 = ORIENTED_EDGE('',*,*,#17804,.T.);
#17804 = EDGE_CURVE('',#17796,#17777,#17805,.T.);
#17805 = LINE('',#17806,#17807);
#17806 = CARTESIAN_POINT('',(147.51,-98.65,-5.E-02));
#17807 = VECTOR('',#17808,1.);
#17808 = DIRECTION('',(0.,-1.,0.));
#17809 = FACE_BOUND('',#17810,.T.);
#17810 = EDGE_LOOP('',(#17811,#17822,#17830,#17839));
#17811 = ORIENTED_EDGE('',*,*,#17812,.T.);
#17812 = EDGE_CURVE('',#17813,#17815,#17817,.T.);
#17813 = VERTEX_POINT('',#17814);
#17814 = CARTESIAN_POINT('',(150.05,-99.35,-5.E-02));
#17815 = VERTEX_POINT('',#17816);
#17816 = CARTESIAN_POINT('',(151.65,-99.35,-5.E-02));
#17817 = CIRCLE('',#17818,0.8);
#17818 = AXIS2_PLACEMENT_3D('',#17819,#17820,#17821);
#17819 = CARTESIAN_POINT('',(150.85,-99.350000247,-5.E-02));
#17820 = DIRECTION('',(0.,0.,1.));
#17821 = DIRECTION('',(-1.,3.087522770784E-07,-0.));
#17822 = ORIENTED_EDGE('',*,*,#17823,.T.);
#17823 = EDGE_CURVE('',#17815,#17824,#17826,.T.);
#17824 = VERTEX_POINT('',#17825);
#17825 = CARTESIAN_POINT('',(151.65,-98.65,-5.E-02));
#17826 = LINE('',#17827,#17828);
#17827 = CARTESIAN_POINT('',(151.65,-99.35,-5.E-02));
#17828 = VECTOR('',#17829,1.);
#17829 = DIRECTION('',(0.,1.,0.));
#17830 = ORIENTED_EDGE('',*,*,#17831,.T.);
#17831 = EDGE_CURVE('',#17824,#17832,#17834,.T.);
#17832 = VERTEX_POINT('',#17833);
#17833 = CARTESIAN_POINT('',(150.05,-98.65,-5.E-02));
#17834 = CIRCLE('',#17835,0.8);
#17835 = AXIS2_PLACEMENT_3D('',#17836,#17837,#17838);
#17836 = CARTESIAN_POINT('',(150.85,-98.65000041093,-5.E-02));
#17837 = DIRECTION('',(0.,0.,1.));
#17838 = DIRECTION('',(1.,5.13670190827E-07,-0.));
#17839 = ORIENTED_EDGE('',*,*,#17840,.T.);
#17840 = EDGE_CURVE('',#17832,#17813,#17841,.T.);
#17841 = LINE('',#17842,#17843);
#17842 = CARTESIAN_POINT('',(150.05,-98.65,-5.E-02));
#17843 = VECTOR('',#17844,1.);
#17844 = DIRECTION('',(0.,-1.,0.));
#17845 = FACE_BOUND('',#17846,.T.);
#17846 = EDGE_LOOP('',(#17847,#17858,#17866,#17875));
#17847 = ORIENTED_EDGE('',*,*,#17848,.T.);
#17848 = EDGE_CURVE('',#17849,#17851,#17853,.T.);
#17849 = VERTEX_POINT('',#17850);
#17850 = CARTESIAN_POINT('',(152.59,-99.35,-5.E-02));
#17851 = VERTEX_POINT('',#17852);
#17852 = CARTESIAN_POINT('',(154.19,-99.35,-5.E-02));
#17853 = CIRCLE('',#17854,0.8);
#17854 = AXIS2_PLACEMENT_3D('',#17855,#17856,#17857);
#17855 = CARTESIAN_POINT('',(153.39,-99.350000247,-5.E-02));
#17856 = DIRECTION('',(0.,0.,1.));
#17857 = DIRECTION('',(-1.,3.087522948419E-07,-0.));
#17858 = ORIENTED_EDGE('',*,*,#17859,.T.);
#17859 = EDGE_CURVE('',#17851,#17860,#17862,.T.);
#17860 = VERTEX_POINT('',#17861);
#17861 = CARTESIAN_POINT('',(154.19,-98.65,-5.E-02));
#17862 = LINE('',#17863,#17864);
#17863 = CARTESIAN_POINT('',(154.19,-99.35,-5.E-02));
#17864 = VECTOR('',#17865,1.);
#17865 = DIRECTION('',(0.,1.,0.));
#17866 = ORIENTED_EDGE('',*,*,#17867,.T.);
#17867 = EDGE_CURVE('',#17860,#17868,#17870,.T.);
#17868 = VERTEX_POINT('',#17869);
#17869 = CARTESIAN_POINT('',(152.59,-98.65,-5.E-02));
#17870 = CIRCLE('',#17871,0.8);
#17871 = AXIS2_PLACEMENT_3D('',#17872,#17873,#17874);
#17872 = CARTESIAN_POINT('',(153.39,-98.65000041093,-5.E-02));
#17873 = DIRECTION('',(0.,0.,1.));
#17874 = DIRECTION('',(1.,5.136701197727E-07,-0.));
#17875 = ORIENTED_EDGE('',*,*,#17876,.T.);
#17876 = EDGE_CURVE('',#17868,#17849,#17877,.T.);
#17877 = LINE('',#17878,#17879);
#17878 = CARTESIAN_POINT('',(152.59,-98.65,-5.E-02));
#17879 = VECTOR('',#17880,1.);
#17880 = DIRECTION('',(0.,-1.,0.));
#17881 = FACE_BOUND('',#17882,.T.);
#17882 = EDGE_LOOP('',(#17883,#17894,#17902,#17911));
#17883 = ORIENTED_EDGE('',*,*,#17884,.T.);
#17884 = EDGE_CURVE('',#17885,#17887,#17889,.T.);
#17885 = VERTEX_POINT('',#17886);
#17886 = CARTESIAN_POINT('',(137.25567,-96.08747,-5.E-02));
#17887 = VERTEX_POINT('',#17888);
#17888 = CARTESIAN_POINT('',(138.95567,-96.08747,-5.E-02));
#17889 = CIRCLE('',#17890,0.85);
#17890 = AXIS2_PLACEMENT_3D('',#17891,#17892,#17893);
#17891 = CARTESIAN_POINT('',(138.10567,-96.08747002475,-5.E-02));
#17892 = DIRECTION('',(0.,0.,1.));
#17893 = DIRECTION('',(-1.,2.911877693216E-08,-0.));
#17894 = ORIENTED_EDGE('',*,*,#17895,.T.);
#17895 = EDGE_CURVE('',#17887,#17896,#17898,.T.);
#17896 = VERTEX_POINT('',#17897);
#17897 = CARTESIAN_POINT('',(138.95567,-95.48747,-5.E-02));
#17898 = LINE('',#17899,#17900);
#17899 = CARTESIAN_POINT('',(138.95567,-96.08747,-5.E-02));
#17900 = VECTOR('',#17901,1.);
#17901 = DIRECTION('',(0.,1.,0.));
#17902 = ORIENTED_EDGE('',*,*,#17903,.T.);
#17903 = EDGE_CURVE('',#17896,#17904,#17906,.T.);
#17904 = VERTEX_POINT('',#17905);
#17905 = CARTESIAN_POINT('',(137.25567,-95.48747,-5.E-02));
#17906 = CIRCLE('',#17907,0.85);
#17907 = AXIS2_PLACEMENT_3D('',#17908,#17909,#17910);
#17908 = CARTESIAN_POINT('',(138.10567,-95.48747036604,-5.E-02));
#17909 = DIRECTION('',(0.,0.,1.));
#17910 = DIRECTION('',(1.,4.306456576962E-07,-0.));
#17911 = ORIENTED_EDGE('',*,*,#17912,.T.);
#17912 = EDGE_CURVE('',#17904,#17885,#17913,.T.);
#17913 = LINE('',#17914,#17915);
#17914 = CARTESIAN_POINT('',(137.25567,-95.48747,-5.E-02));
#17915 = VECTOR('',#17916,1.);
#17916 = DIRECTION('',(0.,-1.,0.));
#17917 = FACE_BOUND('',#17918,.T.);
#17918 = EDGE_LOOP('',(#17919,#17930,#17938,#17947));
#17919 = ORIENTED_EDGE('',*,*,#17920,.T.);
#17920 = EDGE_CURVE('',#17921,#17923,#17925,.T.);
#17921 = VERTEX_POINT('',#17922);
#17922 = CARTESIAN_POINT('',(139.79567,-96.08747,-5.E-02));
#17923 = VERTEX_POINT('',#17924);
#17924 = CARTESIAN_POINT('',(141.49567,-96.08747,-5.E-02));
#17925 = CIRCLE('',#17926,0.85);
#17926 = AXIS2_PLACEMENT_3D('',#17927,#17928,#17929);
#17927 = CARTESIAN_POINT('',(140.64567,-96.08747002475,-5.E-02));
#17928 = DIRECTION('',(0.,0.,1.));
#17929 = DIRECTION('',(-1.,2.911877693216E-08,-0.));
#17930 = ORIENTED_EDGE('',*,*,#17931,.T.);
#17931 = EDGE_CURVE('',#17923,#17932,#17934,.T.);
#17932 = VERTEX_POINT('',#17933);
#17933 = CARTESIAN_POINT('',(141.49567,-95.48747,-5.E-02));
#17934 = LINE('',#17935,#17936);
#17935 = CARTESIAN_POINT('',(141.49567,-96.08747,-5.E-02));
#17936 = VECTOR('',#17937,1.);
#17937 = DIRECTION('',(0.,1.,0.));
#17938 = ORIENTED_EDGE('',*,*,#17939,.T.);
#17939 = EDGE_CURVE('',#17932,#17940,#17942,.T.);
#17940 = VERTEX_POINT('',#17941);
#17941 = CARTESIAN_POINT('',(139.79567,-95.48747,-5.E-02));
#17942 = CIRCLE('',#17943,0.85);
#17943 = AXIS2_PLACEMENT_3D('',#17944,#17945,#17946);
#17944 = CARTESIAN_POINT('',(140.64567,-95.48747036604,-5.E-02));
#17945 = DIRECTION('',(0.,0.,1.));
#17946 = DIRECTION('',(1.,4.306456075402E-07,-0.));
#17947 = ORIENTED_EDGE('',*,*,#17948,.T.);
#17948 = EDGE_CURVE('',#17940,#17921,#17949,.T.);
#17949 = LINE('',#17950,#17951);
#17950 = CARTESIAN_POINT('',(139.79567,-95.48747,-5.E-02));
#17951 = VECTOR('',#17952,1.);
#17952 = DIRECTION('',(0.,-1.,0.));
#17953 = FACE_BOUND('',#17954,.T.);
#17954 = EDGE_LOOP('',(#17955,#17966,#17974,#17983));
#17955 = ORIENTED_EDGE('',*,*,#17956,.T.);
#17956 = EDGE_CURVE('',#17957,#17959,#17961,.T.);
#17957 = VERTEX_POINT('',#17958);
#17958 = CARTESIAN_POINT('',(147.41567,-96.08747,-5.E-02));
#17959 = VERTEX_POINT('',#17960);
#17960 = CARTESIAN_POINT('',(149.11567,-96.08747,-5.E-02));
#17961 = CIRCLE('',#17962,0.85);
#17962 = AXIS2_PLACEMENT_3D('',#17963,#17964,#17965);
#17963 = CARTESIAN_POINT('',(148.26567,-96.08747002475,-5.E-02));
#17964 = DIRECTION('',(0.,0.,1.));
#17965 = DIRECTION('',(-1.,2.911877693216E-08,-0.));
#17966 = ORIENTED_EDGE('',*,*,#17967,.T.);
#17967 = EDGE_CURVE('',#17959,#17968,#17970,.T.);
#17968 = VERTEX_POINT('',#17969);
#17969 = CARTESIAN_POINT('',(149.11567,-95.48747,-5.E-02));
#17970 = LINE('',#17971,#17972);
#17971 = CARTESIAN_POINT('',(149.11567,-96.08747,-5.E-02));
#17972 = VECTOR('',#17973,1.);
#17973 = DIRECTION('',(0.,1.,0.));
#17974 = ORIENTED_EDGE('',*,*,#17975,.T.);
#17975 = EDGE_CURVE('',#17968,#17976,#17978,.T.);
#17976 = VERTEX_POINT('',#17977);
#17977 = CARTESIAN_POINT('',(147.41567,-95.48747,-5.E-02));
#17978 = CIRCLE('',#17979,0.85);
#17979 = AXIS2_PLACEMENT_3D('',#17980,#17981,#17982);
#17980 = CARTESIAN_POINT('',(148.26567,-95.48747036604,-5.E-02));
#17981 = DIRECTION('',(0.,0.,1.));
#17982 = DIRECTION('',(1.,4.306456576962E-07,-0.));
#17983 = ORIENTED_EDGE('',*,*,#17984,.T.);
#17984 = EDGE_CURVE('',#17976,#17957,#17985,.T.);
#17985 = LINE('',#17986,#17987);
#17986 = CARTESIAN_POINT('',(147.41567,-95.48747,-5.E-02));
#17987 = VECTOR('',#17988,1.);
#17988 = DIRECTION('',(0.,-1.,0.));
#17989 = FACE_BOUND('',#17990,.T.);
#17990 = EDGE_LOOP('',(#17991,#18002,#18010,#18019));
#17991 = ORIENTED_EDGE('',*,*,#17992,.T.);
#17992 = EDGE_CURVE('',#17993,#17995,#17997,.T.);
#17993 = VERTEX_POINT('',#17994);
#17994 = CARTESIAN_POINT('',(149.95567,-96.08747,-5.E-02));
#17995 = VERTEX_POINT('',#17996);
#17996 = CARTESIAN_POINT('',(151.65567,-96.08747,-5.E-02));
#17997 = CIRCLE('',#17998,0.85);
#17998 = AXIS2_PLACEMENT_3D('',#17999,#18000,#18001);
#17999 = CARTESIAN_POINT('',(150.80567,-96.08747002475,-5.E-02));
#18000 = DIRECTION('',(0.,0.,1.));
#18001 = DIRECTION('',(-1.,2.911877693216E-08,-0.));
#18002 = ORIENTED_EDGE('',*,*,#18003,.T.);
#18003 = EDGE_CURVE('',#17995,#18004,#18006,.T.);
#18004 = VERTEX_POINT('',#18005);
#18005 = CARTESIAN_POINT('',(151.65567,-95.48747,-5.E-02));
#18006 = LINE('',#18007,#18008);
#18007 = CARTESIAN_POINT('',(151.65567,-96.08747,-5.E-02));
#18008 = VECTOR('',#18009,1.);
#18009 = DIRECTION('',(0.,1.,0.));
#18010 = ORIENTED_EDGE('',*,*,#18011,.T.);
#18011 = EDGE_CURVE('',#18004,#18012,#18014,.T.);
#18012 = VERTEX_POINT('',#18013);
#18013 = CARTESIAN_POINT('',(149.95567,-95.48747,-5.E-02));
#18014 = CIRCLE('',#18015,0.85);
#18015 = AXIS2_PLACEMENT_3D('',#18016,#18017,#18018);
#18016 = CARTESIAN_POINT('',(150.80567,-95.48747036604,-5.E-02));
#18017 = DIRECTION('',(0.,0.,1.));
#18018 = DIRECTION('',(1.,4.306455908216E-07,-0.));
#18019 = ORIENTED_EDGE('',*,*,#18020,.T.);
#18020 = EDGE_CURVE('',#18012,#17993,#18021,.T.);
#18021 = LINE('',#18022,#18023);
#18022 = CARTESIAN_POINT('',(149.95567,-95.48747,-5.E-02));
#18023 = VECTOR('',#18024,1.);
#18024 = DIRECTION('',(0.,-1.,0.));
#18025 = FACE_BOUND('',#18026,.T.);
#18026 = EDGE_LOOP('',(#18027,#18038,#18046,#18055));
#18027 = ORIENTED_EDGE('',*,*,#18028,.T.);
#18028 = EDGE_CURVE('',#18029,#18031,#18033,.T.);
#18029 = VERTEX_POINT('',#18030);
#18030 = CARTESIAN_POINT('',(152.49567,-96.08747,-5.E-02));
#18031 = VERTEX_POINT('',#18032);
#18032 = CARTESIAN_POINT('',(154.19567,-96.08747,-5.E-02));
#18033 = CIRCLE('',#18034,0.85);
#18034 = AXIS2_PLACEMENT_3D('',#18035,#18036,#18037);
#18035 = CARTESIAN_POINT('',(153.34567,-96.08747002475,-5.E-02));
#18036 = DIRECTION('',(0.,0.,1.));
#18037 = DIRECTION('',(-1.,2.911874349486E-08,-0.));
#18038 = ORIENTED_EDGE('',*,*,#18039,.T.);
#18039 = EDGE_CURVE('',#18031,#18040,#18042,.T.);
#18040 = VERTEX_POINT('',#18041);
#18041 = CARTESIAN_POINT('',(154.19567,-95.48747,-5.E-02));
#18042 = LINE('',#18043,#18044);
#18043 = CARTESIAN_POINT('',(154.19567,-96.08747,-5.E-02));
#18044 = VECTOR('',#18045,1.);
#18045 = DIRECTION('',(0.,1.,0.));
#18046 = ORIENTED_EDGE('',*,*,#18047,.T.);
#18047 = EDGE_CURVE('',#18040,#18048,#18050,.T.);
#18048 = VERTEX_POINT('',#18049);
#18049 = CARTESIAN_POINT('',(152.49567,-95.48747,-5.E-02));
#18050 = CIRCLE('',#18051,0.85);
#18051 = AXIS2_PLACEMENT_3D('',#18052,#18053,#18054);
#18052 = CARTESIAN_POINT('',(153.34567,-95.48747036604,-5.E-02));
#18053 = DIRECTION('',(0.,0.,1.));
#18054 = DIRECTION('',(1.,4.306456744148E-07,-0.));
#18055 = ORIENTED_EDGE('',*,*,#18056,.T.);
#18056 = EDGE_CURVE('',#18048,#18029,#18057,.T.);
#18057 = LINE('',#18058,#18059);
#18058 = CARTESIAN_POINT('',(152.49567,-95.48747,-5.E-02));
#18059 = VECTOR('',#18060,1.);
#18060 = DIRECTION('',(0.,-1.,0.));
#18061 = PLANE('',#18062);
#18062 = AXIS2_PLACEMENT_3D('',#18063,#18064,#18065);
#18063 = CARTESIAN_POINT('',(0.,0.,-5.E-02));
#18064 = DIRECTION('',(-0.,-0.,-1.));
#18065 = DIRECTION('',(-1.,0.,0.));
#18066 = ( GEOMETRIC_REPRESENTATION_CONTEXT(3) 
GLOBAL_UNCERTAINTY_ASSIGNED_CONTEXT((#18070)) 
GLOBAL_UNIT_ASSIGNED_CONTEXT((#18067,#18068,#18069)) 
REPRESENTATION_CONTEXT('Context #1',
  '3D Context with UNIT and UNCERTAINTY') );
#18067 = ( LENGTH_UNIT() NAMED_UNIT(*) SI_UNIT(.MILLI.,.METRE.) );
#18068 = ( NAMED_UNIT(*) PLANE_ANGLE_UNIT() SI_UNIT($,.RADIAN.) );
#18069 = ( NAMED_UNIT(*) SI_UNIT($,.STERADIAN.) SOLID_ANGLE_UNIT() );
#18070 = UNCERTAINTY_MEASURE_WITH_UNIT(LENGTH_MEASURE(1.E-07),#18067,
  'distance_accuracy_value','confusion accuracy');
#18071 = CONTEXT_DEPENDENT_SHAPE_REPRESENTATION(#18072,#18074);
#18072 = ( REPRESENTATION_RELATIONSHIP('','',#16921,#10) 
REPRESENTATION_RELATIONSHIP_WITH_TRANSFORMATION(#18073) 
SHAPE_REPRESENTATION_RELATIONSHIP() );
#18073 = ITEM_DEFINED_TRANSFORMATION('','',#11,#43);
#18074 = PRODUCT_DEFINITION_SHAPE('Placement','Placement of an item',
  #18075);
#18075 = NEXT_ASSEMBLY_USAGE_OCCURRENCE('14','=>[0:1:1:9]','',#5,#16916,
  $);
#18076 = PRODUCT_RELATED_PRODUCT_CATEGORY('part',$,(#16918));
#18077 = SHAPE_DEFINITION_REPRESENTATION(#18078,#18084);
#18078 = PRODUCT_DEFINITION_SHAPE('','',#18079);
#18079 = PRODUCT_DEFINITION('design','',#18080,#18083);
#18080 = PRODUCT_DEFINITION_FORMATION('','',#18081);
#18081 = PRODUCT('DCDC_Adapter_PCB','DCDC_Adapter_PCB','',(#18082));
#18082 = PRODUCT_CONTEXT('',#2,'mechanical');
#18083 = PRODUCT_DEFINITION_CONTEXT('part definition',#2,'design');
#18084 = ADVANCED_BREP_SHAPE_REPRESENTATION('',(#11,#18085),#18765);
#18085 = MANIFOLD_SOLID_BREP('',#18086);
#18086 = CLOSED_SHELL('',(#18087,#18129,#18160,#18191,#18353,#18515,
    #18532,#18549,#18566,#18583,#18595,#18612,#18629,#18646,#18663,
    #18680,#18697,#18714,#18731,#18748));
#18087 = ADVANCED_FACE('',(#18088),#18124,.T.);
#18088 = FACE_BOUND('',#18089,.T.);
#18089 = EDGE_LOOP('',(#18090,#18100,#18109,#18117));
#18090 = ORIENTED_EDGE('',*,*,#18091,.T.);
#18091 = EDGE_CURVE('',#18092,#18094,#18096,.T.);
#18092 = VERTEX_POINT('',#18093);
#18093 = CARTESIAN_POINT('',(156.25,-91.75,0.));
#18094 = VERTEX_POINT('',#18095);
#18095 = CARTESIAN_POINT('',(156.25,-91.75,1.41));
#18096 = LINE('',#18097,#18098);
#18097 = CARTESIAN_POINT('',(156.25,-91.75,0.));
#18098 = VECTOR('',#18099,1.);
#18099 = DIRECTION('',(0.,0.,1.));
#18100 = ORIENTED_EDGE('',*,*,#18101,.T.);
#18101 = EDGE_CURVE('',#18094,#18102,#18104,.T.);
#18102 = VERTEX_POINT('',#18103);
#18103 = CARTESIAN_POINT('',(157.25,-92.75,1.41));
#18104 = CIRCLE('',#18105,0.999999252925);
#18105 = AXIS2_PLACEMENT_3D('',#18106,#18107,#18108);
#18106 = CARTESIAN_POINT('',(156.25000074707,-92.74999925292,1.41));
#18107 = DIRECTION('',(0.,0.,-1.));
#18108 = DIRECTION('',(-7.470757349539E-07,1.,0.));
#18109 = ORIENTED_EDGE('',*,*,#18110,.F.);
#18110 = EDGE_CURVE('',#18111,#18102,#18113,.T.);
#18111 = VERTEX_POINT('',#18112);
#18112 = CARTESIAN_POINT('',(157.25,-92.75,0.));
#18113 = LINE('',#18114,#18115);
#18114 = CARTESIAN_POINT('',(157.25,-92.75,0.));
#18115 = VECTOR('',#18116,1.);
#18116 = DIRECTION('',(0.,0.,1.));
#18117 = ORIENTED_EDGE('',*,*,#18118,.F.);
#18118 = EDGE_CURVE('',#18092,#18111,#18119,.T.);
#18119 = CIRCLE('',#18120,0.999999252925);
#18120 = AXIS2_PLACEMENT_3D('',#18121,#18122,#18123);
#18121 = CARTESIAN_POINT('',(156.25000074707,-92.74999925292,0.));
#18122 = DIRECTION('',(0.,0.,-1.));
#18123 = DIRECTION('',(-7.470757349539E-07,1.,0.));
#18124 = CYLINDRICAL_SURFACE('',#18125,0.999999252925);
#18125 = AXIS2_PLACEMENT_3D('',#18126,#18127,#18128);
#18126 = CARTESIAN_POINT('',(156.25000074707,-92.74999925292,0.));
#18127 = DIRECTION('',(0.,0.,-1.));
#18128 = DIRECTION('',(-7.470757349539E-07,1.,0.));
#18129 = ADVANCED_FACE('',(#18130),#18155,.T.);
#18130 = FACE_BOUND('',#18131,.T.);
#18131 = EDGE_LOOP('',(#18132,#18142,#18148,#18149));
#18132 = ORIENTED_EDGE('',*,*,#18133,.T.);
#18133 = EDGE_CURVE('',#18134,#18136,#18138,.T.);
#18134 = VERTEX_POINT('',#18135);
#18135 = CARTESIAN_POINT('',(130.75,-91.75,0.));
#18136 = VERTEX_POINT('',#18137);
#18137 = CARTESIAN_POINT('',(130.75,-91.75,1.41));
#18138 = LINE('',#18139,#18140);
#18139 = CARTESIAN_POINT('',(130.75,-91.75,0.));
#18140 = VECTOR('',#18141,1.);
#18141 = DIRECTION('',(0.,0.,1.));
#18142 = ORIENTED_EDGE('',*,*,#18143,.T.);
#18143 = EDGE_CURVE('',#18136,#18094,#18144,.T.);
#18144 = LINE('',#18145,#18146);
#18145 = CARTESIAN_POINT('',(130.75,-91.75,1.41));
#18146 = VECTOR('',#18147,1.);
#18147 = DIRECTION('',(1.,0.,0.));
#18148 = ORIENTED_EDGE('',*,*,#18091,.F.);
#18149 = ORIENTED_EDGE('',*,*,#18150,.F.);
#18150 = EDGE_CURVE('',#18134,#18092,#18151,.T.);
#18151 = LINE('',#18152,#18153);
#18152 = CARTESIAN_POINT('',(130.75,-91.75,0.));
#18153 = VECTOR('',#18154,1.);
#18154 = DIRECTION('',(1.,0.,0.));
#18155 = PLANE('',#18156);
#18156 = AXIS2_PLACEMENT_3D('',#18157,#18158,#18159);
#18157 = CARTESIAN_POINT('',(130.75,-91.75,0.));
#18158 = DIRECTION('',(0.,1.,0.));
#18159 = DIRECTION('',(1.,0.,0.));
#18160 = ADVANCED_FACE('',(#18161),#18186,.T.);
#18161 = FACE_BOUND('',#18162,.T.);
#18162 = EDGE_LOOP('',(#18163,#18164,#18172,#18180));
#18163 = ORIENTED_EDGE('',*,*,#18110,.T.);
#18164 = ORIENTED_EDGE('',*,*,#18165,.T.);
#18165 = EDGE_CURVE('',#18102,#18166,#18168,.T.);
#18166 = VERTEX_POINT('',#18167);
#18167 = CARTESIAN_POINT('',(157.25,-102.25,1.41));
#18168 = LINE('',#18169,#18170);
#18169 = CARTESIAN_POINT('',(157.25,-92.75,1.41));
#18170 = VECTOR('',#18171,1.);
#18171 = DIRECTION('',(0.,-1.,0.));
#18172 = ORIENTED_EDGE('',*,*,#18173,.F.);
#18173 = EDGE_CURVE('',#18174,#18166,#18176,.T.);
#18174 = VERTEX_POINT('',#18175);
#18175 = CARTESIAN_POINT('',(157.25,-102.25,0.));
#18176 = LINE('',#18177,#18178);
#18177 = CARTESIAN_POINT('',(157.25,-102.25,0.));
#18178 = VECTOR('',#18179,1.);
#18179 = DIRECTION('',(0.,0.,1.));
#18180 = ORIENTED_EDGE('',*,*,#18181,.F.);
#18181 = EDGE_CURVE('',#18111,#18174,#18182,.T.);
#18182 = LINE('',#18183,#18184);
#18183 = CARTESIAN_POINT('',(157.25,-92.75,0.));
#18184 = VECTOR('',#18185,1.);
#18185 = DIRECTION('',(0.,-1.,0.));
#18186 = PLANE('',#18187);
#18187 = AXIS2_PLACEMENT_3D('',#18188,#18189,#18190);
#18188 = CARTESIAN_POINT('',(157.25,-92.75,0.));
#18189 = DIRECTION('',(1.,0.,-0.));
#18190 = DIRECTION('',(0.,-1.,0.));
#18191 = ADVANCED_FACE('',(#18192,#18238,#18249,#18260,#18271,#18282,
    #18293,#18304,#18315,#18326,#18337),#18348,.F.);
#18192 = FACE_BOUND('',#18193,.F.);
#18193 = EDGE_LOOP('',(#18194,#18195,#18196,#18205,#18213,#18222,#18230,
    #18237));
#18194 = ORIENTED_EDGE('',*,*,#18118,.F.);
#18195 = ORIENTED_EDGE('',*,*,#18150,.F.);
#18196 = ORIENTED_EDGE('',*,*,#18197,.F.);
#18197 = EDGE_CURVE('',#18198,#18134,#18200,.T.);
#18198 = VERTEX_POINT('',#18199);
#18199 = CARTESIAN_POINT('',(129.75,-92.75,0.));
#18200 = CIRCLE('',#18201,0.999999252925);
#18201 = AXIS2_PLACEMENT_3D('',#18202,#18203,#18204);
#18202 = CARTESIAN_POINT('',(130.74999925292,-92.74999925292,0.));
#18203 = DIRECTION('',(0.,0.,-1.));
#18204 = DIRECTION('',(-1.,-7.470757491648E-07,-0.));
#18205 = ORIENTED_EDGE('',*,*,#18206,.F.);
#18206 = EDGE_CURVE('',#18207,#18198,#18209,.T.);
#18207 = VERTEX_POINT('',#18208);
#18208 = CARTESIAN_POINT('',(129.75,-102.25,0.));
#18209 = LINE('',#18210,#18211);
#18210 = CARTESIAN_POINT('',(129.75,-102.25,0.));
#18211 = VECTOR('',#18212,1.);
#18212 = DIRECTION('',(0.,1.,0.));
#18213 = ORIENTED_EDGE('',*,*,#18214,.F.);
#18214 = EDGE_CURVE('',#18215,#18207,#18217,.T.);
#18215 = VERTEX_POINT('',#18216);
#18216 = CARTESIAN_POINT('',(130.75,-103.25,0.));
#18217 = CIRCLE('',#18218,0.999999252925);
#18218 = AXIS2_PLACEMENT_3D('',#18219,#18220,#18221);
#18219 = CARTESIAN_POINT('',(130.74999925292,-102.250000747,0.));
#18220 = DIRECTION('',(0.,0.,-1.));
#18221 = DIRECTION('',(7.470757349539E-07,-1.,0.));
#18222 = ORIENTED_EDGE('',*,*,#18223,.F.);
#18223 = EDGE_CURVE('',#18224,#18215,#18226,.T.);
#18224 = VERTEX_POINT('',#18225);
#18225 = CARTESIAN_POINT('',(156.25,-103.25,0.));
#18226 = LINE('',#18227,#18228);
#18227 = CARTESIAN_POINT('',(156.25,-103.25,0.));
#18228 = VECTOR('',#18229,1.);
#18229 = DIRECTION('',(-1.,0.,0.));
#18230 = ORIENTED_EDGE('',*,*,#18231,.F.);
#18231 = EDGE_CURVE('',#18174,#18224,#18232,.T.);
#18232 = CIRCLE('',#18233,0.999999252925);
#18233 = AXIS2_PLACEMENT_3D('',#18234,#18235,#18236);
#18234 = CARTESIAN_POINT('',(156.25000074707,-102.250000747,0.));
#18235 = DIRECTION('',(0.,0.,-1.));
#18236 = DIRECTION('',(1.,7.470757491648E-07,0.));
#18237 = ORIENTED_EDGE('',*,*,#18181,.F.);
#18238 = FACE_BOUND('',#18239,.F.);
#18239 = EDGE_LOOP('',(#18240));
#18240 = ORIENTED_EDGE('',*,*,#18241,.T.);
#18241 = EDGE_CURVE('',#18242,#18242,#18244,.T.);
#18242 = VERTEX_POINT('',#18243);
#18243 = CARTESIAN_POINT('',(135.61,-99.5,0.));
#18244 = CIRCLE('',#18245,0.5);
#18245 = AXIS2_PLACEMENT_3D('',#18246,#18247,#18248);
#18246 = CARTESIAN_POINT('',(135.61,-99.,0.));
#18247 = DIRECTION('',(-0.,0.,-1.));
#18248 = DIRECTION('',(-0.,-1.,0.));
#18249 = FACE_BOUND('',#18250,.F.);
#18250 = EDGE_LOOP('',(#18251));
#18251 = ORIENTED_EDGE('',*,*,#18252,.T.);
#18252 = EDGE_CURVE('',#18253,#18253,#18255,.T.);
#18253 = VERTEX_POINT('',#18254);
#18254 = CARTESIAN_POINT('',(138.15,-99.5,0.));
#18255 = CIRCLE('',#18256,0.5);
#18256 = AXIS2_PLACEMENT_3D('',#18257,#18258,#18259);
#18257 = CARTESIAN_POINT('',(138.15,-99.,0.));
#18258 = DIRECTION('',(-0.,0.,-1.));
#18259 = DIRECTION('',(-0.,-1.,0.));
#18260 = FACE_BOUND('',#18261,.F.);
#18261 = EDGE_LOOP('',(#18262));
#18262 = ORIENTED_EDGE('',*,*,#18263,.T.);
#18263 = EDGE_CURVE('',#18264,#18264,#18266,.T.);
#18264 = VERTEX_POINT('',#18265);
#18265 = CARTESIAN_POINT('',(148.31,-99.5,0.));
#18266 = CIRCLE('',#18267,0.5);
#18267 = AXIS2_PLACEMENT_3D('',#18268,#18269,#18270);
#18268 = CARTESIAN_POINT('',(148.31,-99.,0.));
#18269 = DIRECTION('',(-0.,0.,-1.));
#18270 = DIRECTION('',(-0.,-1.,0.));
#18271 = FACE_BOUND('',#18272,.F.);
#18272 = EDGE_LOOP('',(#18273));
#18273 = ORIENTED_EDGE('',*,*,#18274,.T.);
#18274 = EDGE_CURVE('',#18275,#18275,#18277,.T.);
#18275 = VERTEX_POINT('',#18276);
#18276 = CARTESIAN_POINT('',(150.85,-99.5,0.));
#18277 = CIRCLE('',#18278,0.5);
#18278 = AXIS2_PLACEMENT_3D('',#18279,#18280,#18281);
#18279 = CARTESIAN_POINT('',(150.85,-99.,0.));
#18280 = DIRECTION('',(-0.,0.,-1.));
#18281 = DIRECTION('',(-0.,-1.,0.));
#18282 = FACE_BOUND('',#18283,.F.);
#18283 = EDGE_LOOP('',(#18284));
#18284 = ORIENTED_EDGE('',*,*,#18285,.T.);
#18285 = EDGE_CURVE('',#18286,#18286,#18288,.T.);
#18286 = VERTEX_POINT('',#18287);
#18287 = CARTESIAN_POINT('',(153.39,-99.5,0.));
#18288 = CIRCLE('',#18289,0.5);
#18289 = AXIS2_PLACEMENT_3D('',#18290,#18291,#18292);
#18290 = CARTESIAN_POINT('',(153.39,-99.,0.));
#18291 = DIRECTION('',(-0.,0.,-1.));
#18292 = DIRECTION('',(-0.,-1.,0.));
#18293 = FACE_BOUND('',#18294,.F.);
#18294 = EDGE_LOOP('',(#18295));
#18295 = ORIENTED_EDGE('',*,*,#18296,.T.);
#18296 = EDGE_CURVE('',#18297,#18297,#18299,.T.);
#18297 = VERTEX_POINT('',#18298);
#18298 = CARTESIAN_POINT('',(138.10567,-96.28747,0.));
#18299 = CIRCLE('',#18300,0.5);
#18300 = AXIS2_PLACEMENT_3D('',#18301,#18302,#18303);
#18301 = CARTESIAN_POINT('',(138.10567,-95.78747,0.));
#18302 = DIRECTION('',(-0.,0.,-1.));
#18303 = DIRECTION('',(-0.,-1.,0.));
#18304 = FACE_BOUND('',#18305,.F.);
#18305 = EDGE_LOOP('',(#18306));
#18306 = ORIENTED_EDGE('',*,*,#18307,.T.);
#18307 = EDGE_CURVE('',#18308,#18308,#18310,.T.);
#18308 = VERTEX_POINT('',#18309);
#18309 = CARTESIAN_POINT('',(140.64567,-96.28747,0.));
#18310 = CIRCLE('',#18311,0.5);
#18311 = AXIS2_PLACEMENT_3D('',#18312,#18313,#18314);
#18312 = CARTESIAN_POINT('',(140.64567,-95.78747,0.));
#18313 = DIRECTION('',(-0.,0.,-1.));
#18314 = DIRECTION('',(-0.,-1.,0.));
#18315 = FACE_BOUND('',#18316,.F.);
#18316 = EDGE_LOOP('',(#18317));
#18317 = ORIENTED_EDGE('',*,*,#18318,.T.);
#18318 = EDGE_CURVE('',#18319,#18319,#18321,.T.);
#18319 = VERTEX_POINT('',#18320);
#18320 = CARTESIAN_POINT('',(148.26567,-96.28747,0.));
#18321 = CIRCLE('',#18322,0.5);
#18322 = AXIS2_PLACEMENT_3D('',#18323,#18324,#18325);
#18323 = CARTESIAN_POINT('',(148.26567,-95.78747,0.));
#18324 = DIRECTION('',(-0.,0.,-1.));
#18325 = DIRECTION('',(-0.,-1.,0.));
#18326 = FACE_BOUND('',#18327,.F.);
#18327 = EDGE_LOOP('',(#18328));
#18328 = ORIENTED_EDGE('',*,*,#18329,.T.);
#18329 = EDGE_CURVE('',#18330,#18330,#18332,.T.);
#18330 = VERTEX_POINT('',#18331);
#18331 = CARTESIAN_POINT('',(150.80567,-96.28747,0.));
#18332 = CIRCLE('',#18333,0.5);
#18333 = AXIS2_PLACEMENT_3D('',#18334,#18335,#18336);
#18334 = CARTESIAN_POINT('',(150.80567,-95.78747,0.));
#18335 = DIRECTION('',(-0.,0.,-1.));
#18336 = DIRECTION('',(-0.,-1.,0.));
#18337 = FACE_BOUND('',#18338,.F.);
#18338 = EDGE_LOOP('',(#18339));
#18339 = ORIENTED_EDGE('',*,*,#18340,.T.);
#18340 = EDGE_CURVE('',#18341,#18341,#18343,.T.);
#18341 = VERTEX_POINT('',#18342);
#18342 = CARTESIAN_POINT('',(153.34567,-96.28747,0.));
#18343 = CIRCLE('',#18344,0.5);
#18344 = AXIS2_PLACEMENT_3D('',#18345,#18346,#18347);
#18345 = CARTESIAN_POINT('',(153.34567,-95.78747,0.));
#18346 = DIRECTION('',(-0.,0.,-1.));
#18347 = DIRECTION('',(-0.,-1.,0.));
#18348 = PLANE('',#18349);
#18349 = AXIS2_PLACEMENT_3D('',#18350,#18351,#18352);
#18350 = CARTESIAN_POINT('',(0.,0.,0.));
#18351 = DIRECTION('',(0.,0.,1.));
#18352 = DIRECTION('',(1.,0.,-0.));
#18353 = ADVANCED_FACE('',(#18354,#18400,#18411,#18422,#18433,#18444,
    #18455,#18466,#18477,#18488,#18499),#18510,.T.);
#18354 = FACE_BOUND('',#18355,.T.);
#18355 = EDGE_LOOP('',(#18356,#18357,#18358,#18367,#18375,#18384,#18392,
    #18399));
#18356 = ORIENTED_EDGE('',*,*,#18101,.F.);
#18357 = ORIENTED_EDGE('',*,*,#18143,.F.);
#18358 = ORIENTED_EDGE('',*,*,#18359,.F.);
#18359 = EDGE_CURVE('',#18360,#18136,#18362,.T.);
#18360 = VERTEX_POINT('',#18361);
#18361 = CARTESIAN_POINT('',(129.75,-92.75,1.41));
#18362 = CIRCLE('',#18363,0.999999252925);
#18363 = AXIS2_PLACEMENT_3D('',#18364,#18365,#18366);
#18364 = CARTESIAN_POINT('',(130.74999925292,-92.74999925292,1.41));
#18365 = DIRECTION('',(0.,0.,-1.));
#18366 = DIRECTION('',(-1.,-7.470757491648E-07,-0.));
#18367 = ORIENTED_EDGE('',*,*,#18368,.F.);
#18368 = EDGE_CURVE('',#18369,#18360,#18371,.T.);
#18369 = VERTEX_POINT('',#18370);
#18370 = CARTESIAN_POINT('',(129.75,-102.25,1.41));
#18371 = LINE('',#18372,#18373);
#18372 = CARTESIAN_POINT('',(129.75,-102.25,1.41));
#18373 = VECTOR('',#18374,1.);
#18374 = DIRECTION('',(0.,1.,0.));
#18375 = ORIENTED_EDGE('',*,*,#18376,.F.);
#18376 = EDGE_CURVE('',#18377,#18369,#18379,.T.);
#18377 = VERTEX_POINT('',#18378);
#18378 = CARTESIAN_POINT('',(130.75,-103.25,1.41));
#18379 = CIRCLE('',#18380,0.999999252925);
#18380 = AXIS2_PLACEMENT_3D('',#18381,#18382,#18383);
#18381 = CARTESIAN_POINT('',(130.74999925292,-102.250000747,1.41));
#18382 = DIRECTION('',(0.,0.,-1.));
#18383 = DIRECTION('',(7.470757349539E-07,-1.,0.));
#18384 = ORIENTED_EDGE('',*,*,#18385,.F.);
#18385 = EDGE_CURVE('',#18386,#18377,#18388,.T.);
#18386 = VERTEX_POINT('',#18387);
#18387 = CARTESIAN_POINT('',(156.25,-103.25,1.41));
#18388 = LINE('',#18389,#18390);
#18389 = CARTESIAN_POINT('',(156.25,-103.25,1.41));
#18390 = VECTOR('',#18391,1.);
#18391 = DIRECTION('',(-1.,0.,0.));
#18392 = ORIENTED_EDGE('',*,*,#18393,.F.);
#18393 = EDGE_CURVE('',#18166,#18386,#18394,.T.);
#18394 = CIRCLE('',#18395,0.999999252925);
#18395 = AXIS2_PLACEMENT_3D('',#18396,#18397,#18398);
#18396 = CARTESIAN_POINT('',(156.25000074707,-102.250000747,1.41));
#18397 = DIRECTION('',(0.,0.,-1.));
#18398 = DIRECTION('',(1.,7.470757491648E-07,0.));
#18399 = ORIENTED_EDGE('',*,*,#18165,.F.);
#18400 = FACE_BOUND('',#18401,.T.);
#18401 = EDGE_LOOP('',(#18402));
#18402 = ORIENTED_EDGE('',*,*,#18403,.T.);
#18403 = EDGE_CURVE('',#18404,#18404,#18406,.T.);
#18404 = VERTEX_POINT('',#18405);
#18405 = CARTESIAN_POINT('',(135.61,-99.5,1.41));
#18406 = CIRCLE('',#18407,0.5);
#18407 = AXIS2_PLACEMENT_3D('',#18408,#18409,#18410);
#18408 = CARTESIAN_POINT('',(135.61,-99.,1.41));
#18409 = DIRECTION('',(-0.,0.,-1.));
#18410 = DIRECTION('',(-0.,-1.,0.));
#18411 = FACE_BOUND('',#18412,.T.);
#18412 = EDGE_LOOP('',(#18413));
#18413 = ORIENTED_EDGE('',*,*,#18414,.T.);
#18414 = EDGE_CURVE('',#18415,#18415,#18417,.T.);
#18415 = VERTEX_POINT('',#18416);
#18416 = CARTESIAN_POINT('',(138.15,-99.5,1.41));
#18417 = CIRCLE('',#18418,0.5);
#18418 = AXIS2_PLACEMENT_3D('',#18419,#18420,#18421);
#18419 = CARTESIAN_POINT('',(138.15,-99.,1.41));
#18420 = DIRECTION('',(-0.,0.,-1.));
#18421 = DIRECTION('',(-0.,-1.,0.));
#18422 = FACE_BOUND('',#18423,.T.);
#18423 = EDGE_LOOP('',(#18424));
#18424 = ORIENTED_EDGE('',*,*,#18425,.T.);
#18425 = EDGE_CURVE('',#18426,#18426,#18428,.T.);
#18426 = VERTEX_POINT('',#18427);
#18427 = CARTESIAN_POINT('',(148.31,-99.5,1.41));
#18428 = CIRCLE('',#18429,0.5);
#18429 = AXIS2_PLACEMENT_3D('',#18430,#18431,#18432);
#18430 = CARTESIAN_POINT('',(148.31,-99.,1.41));
#18431 = DIRECTION('',(-0.,0.,-1.));
#18432 = DIRECTION('',(-0.,-1.,0.));
#18433 = FACE_BOUND('',#18434,.T.);
#18434 = EDGE_LOOP('',(#18435));
#18435 = ORIENTED_EDGE('',*,*,#18436,.T.);
#18436 = EDGE_CURVE('',#18437,#18437,#18439,.T.);
#18437 = VERTEX_POINT('',#18438);
#18438 = CARTESIAN_POINT('',(150.85,-99.5,1.41));
#18439 = CIRCLE('',#18440,0.5);
#18440 = AXIS2_PLACEMENT_3D('',#18441,#18442,#18443);
#18441 = CARTESIAN_POINT('',(150.85,-99.,1.41));
#18442 = DIRECTION('',(-0.,0.,-1.));
#18443 = DIRECTION('',(-0.,-1.,0.));
#18444 = FACE_BOUND('',#18445,.T.);
#18445 = EDGE_LOOP('',(#18446));
#18446 = ORIENTED_EDGE('',*,*,#18447,.T.);
#18447 = EDGE_CURVE('',#18448,#18448,#18450,.T.);
#18448 = VERTEX_POINT('',#18449);
#18449 = CARTESIAN_POINT('',(153.39,-99.5,1.41));
#18450 = CIRCLE('',#18451,0.5);
#18451 = AXIS2_PLACEMENT_3D('',#18452,#18453,#18454);
#18452 = CARTESIAN_POINT('',(153.39,-99.,1.41));
#18453 = DIRECTION('',(-0.,0.,-1.));
#18454 = DIRECTION('',(-0.,-1.,0.));
#18455 = FACE_BOUND('',#18456,.T.);
#18456 = EDGE_LOOP('',(#18457));
#18457 = ORIENTED_EDGE('',*,*,#18458,.T.);
#18458 = EDGE_CURVE('',#18459,#18459,#18461,.T.);
#18459 = VERTEX_POINT('',#18460);
#18460 = CARTESIAN_POINT('',(138.10567,-96.28747,1.41));
#18461 = CIRCLE('',#18462,0.5);
#18462 = AXIS2_PLACEMENT_3D('',#18463,#18464,#18465);
#18463 = CARTESIAN_POINT('',(138.10567,-95.78747,1.41));
#18464 = DIRECTION('',(-0.,0.,-1.));
#18465 = DIRECTION('',(-0.,-1.,0.));
#18466 = FACE_BOUND('',#18467,.T.);
#18467 = EDGE_LOOP('',(#18468));
#18468 = ORIENTED_EDGE('',*,*,#18469,.T.);
#18469 = EDGE_CURVE('',#18470,#18470,#18472,.T.);
#18470 = VERTEX_POINT('',#18471);
#18471 = CARTESIAN_POINT('',(140.64567,-96.28747,1.41));
#18472 = CIRCLE('',#18473,0.5);
#18473 = AXIS2_PLACEMENT_3D('',#18474,#18475,#18476);
#18474 = CARTESIAN_POINT('',(140.64567,-95.78747,1.41));
#18475 = DIRECTION('',(-0.,0.,-1.));
#18476 = DIRECTION('',(-0.,-1.,0.));
#18477 = FACE_BOUND('',#18478,.T.);
#18478 = EDGE_LOOP('',(#18479));
#18479 = ORIENTED_EDGE('',*,*,#18480,.T.);
#18480 = EDGE_CURVE('',#18481,#18481,#18483,.T.);
#18481 = VERTEX_POINT('',#18482);
#18482 = CARTESIAN_POINT('',(148.26567,-96.28747,1.41));
#18483 = CIRCLE('',#18484,0.5);
#18484 = AXIS2_PLACEMENT_3D('',#18485,#18486,#18487);
#18485 = CARTESIAN_POINT('',(148.26567,-95.78747,1.41));
#18486 = DIRECTION('',(-0.,0.,-1.));
#18487 = DIRECTION('',(-0.,-1.,0.));
#18488 = FACE_BOUND('',#18489,.T.);
#18489 = EDGE_LOOP('',(#18490));
#18490 = ORIENTED_EDGE('',*,*,#18491,.T.);
#18491 = EDGE_CURVE('',#18492,#18492,#18494,.T.);
#18492 = VERTEX_POINT('',#18493);
#18493 = CARTESIAN_POINT('',(150.80567,-96.28747,1.41));
#18494 = CIRCLE('',#18495,0.5);
#18495 = AXIS2_PLACEMENT_3D('',#18496,#18497,#18498);
#18496 = CARTESIAN_POINT('',(150.80567,-95.78747,1.41));
#18497 = DIRECTION('',(-0.,0.,-1.));
#18498 = DIRECTION('',(-0.,-1.,0.));
#18499 = FACE_BOUND('',#18500,.T.);
#18500 = EDGE_LOOP('',(#18501));
#18501 = ORIENTED_EDGE('',*,*,#18502,.T.);
#18502 = EDGE_CURVE('',#18503,#18503,#18505,.T.);
#18503 = VERTEX_POINT('',#18504);
#18504 = CARTESIAN_POINT('',(153.34567,-96.28747,1.41));
#18505 = CIRCLE('',#18506,0.5);
#18506 = AXIS2_PLACEMENT_3D('',#18507,#18508,#18509);
#18507 = CARTESIAN_POINT('',(153.34567,-95.78747,1.41));
#18508 = DIRECTION('',(-0.,0.,-1.));
#18509 = DIRECTION('',(-0.,-1.,0.));
#18510 = PLANE('',#18511);
#18511 = AXIS2_PLACEMENT_3D('',#18512,#18513,#18514);
#18512 = CARTESIAN_POINT('',(0.,0.,1.41));
#18513 = DIRECTION('',(0.,0.,1.));
#18514 = DIRECTION('',(1.,0.,-0.));
#18515 = ADVANCED_FACE('',(#18516),#18527,.T.);
#18516 = FACE_BOUND('',#18517,.T.);
#18517 = EDGE_LOOP('',(#18518,#18524,#18525,#18526));
#18518 = ORIENTED_EDGE('',*,*,#18519,.T.);
#18519 = EDGE_CURVE('',#18198,#18360,#18520,.T.);
#18520 = LINE('',#18521,#18522);
#18521 = CARTESIAN_POINT('',(129.75,-92.75,0.));
#18522 = VECTOR('',#18523,1.);
#18523 = DIRECTION('',(0.,0.,1.));
#18524 = ORIENTED_EDGE('',*,*,#18359,.T.);
#18525 = ORIENTED_EDGE('',*,*,#18133,.F.);
#18526 = ORIENTED_EDGE('',*,*,#18197,.F.);
#18527 = CYLINDRICAL_SURFACE('',#18528,0.999999252925);
#18528 = AXIS2_PLACEMENT_3D('',#18529,#18530,#18531);
#18529 = CARTESIAN_POINT('',(130.74999925292,-92.74999925292,0.));
#18530 = DIRECTION('',(0.,0.,-1.));
#18531 = DIRECTION('',(-1.,-7.470757491648E-07,-0.));
#18532 = ADVANCED_FACE('',(#18533),#18544,.T.);
#18533 = FACE_BOUND('',#18534,.T.);
#18534 = EDGE_LOOP('',(#18535,#18536,#18537,#18543));
#18535 = ORIENTED_EDGE('',*,*,#18173,.T.);
#18536 = ORIENTED_EDGE('',*,*,#18393,.T.);
#18537 = ORIENTED_EDGE('',*,*,#18538,.F.);
#18538 = EDGE_CURVE('',#18224,#18386,#18539,.T.);
#18539 = LINE('',#18540,#18541);
#18540 = CARTESIAN_POINT('',(156.25,-103.25,0.));
#18541 = VECTOR('',#18542,1.);
#18542 = DIRECTION('',(0.,0.,1.));
#18543 = ORIENTED_EDGE('',*,*,#18231,.F.);
#18544 = CYLINDRICAL_SURFACE('',#18545,0.999999252925);
#18545 = AXIS2_PLACEMENT_3D('',#18546,#18547,#18548);
#18546 = CARTESIAN_POINT('',(156.25000074707,-102.250000747,0.));
#18547 = DIRECTION('',(0.,0.,-1.));
#18548 = DIRECTION('',(1.,7.470757491648E-07,0.));
#18549 = ADVANCED_FACE('',(#18550),#18561,.T.);
#18550 = FACE_BOUND('',#18551,.T.);
#18551 = EDGE_LOOP('',(#18552,#18558,#18559,#18560));
#18552 = ORIENTED_EDGE('',*,*,#18553,.T.);
#18553 = EDGE_CURVE('',#18207,#18369,#18554,.T.);
#18554 = LINE('',#18555,#18556);
#18555 = CARTESIAN_POINT('',(129.75,-102.25,0.));
#18556 = VECTOR('',#18557,1.);
#18557 = DIRECTION('',(0.,0.,1.));
#18558 = ORIENTED_EDGE('',*,*,#18368,.T.);
#18559 = ORIENTED_EDGE('',*,*,#18519,.F.);
#18560 = ORIENTED_EDGE('',*,*,#18206,.F.);
#18561 = PLANE('',#18562);
#18562 = AXIS2_PLACEMENT_3D('',#18563,#18564,#18565);
#18563 = CARTESIAN_POINT('',(129.75,-102.25,0.));
#18564 = DIRECTION('',(-1.,0.,0.));
#18565 = DIRECTION('',(0.,1.,0.));
#18566 = ADVANCED_FACE('',(#18567),#18578,.T.);
#18567 = FACE_BOUND('',#18568,.T.);
#18568 = EDGE_LOOP('',(#18569,#18570,#18571,#18577));
#18569 = ORIENTED_EDGE('',*,*,#18538,.T.);
#18570 = ORIENTED_EDGE('',*,*,#18385,.T.);
#18571 = ORIENTED_EDGE('',*,*,#18572,.F.);
#18572 = EDGE_CURVE('',#18215,#18377,#18573,.T.);
#18573 = LINE('',#18574,#18575);
#18574 = CARTESIAN_POINT('',(130.75,-103.25,0.));
#18575 = VECTOR('',#18576,1.);
#18576 = DIRECTION('',(0.,0.,1.));
#18577 = ORIENTED_EDGE('',*,*,#18223,.F.);
#18578 = PLANE('',#18579);
#18579 = AXIS2_PLACEMENT_3D('',#18580,#18581,#18582);
#18580 = CARTESIAN_POINT('',(156.25,-103.25,0.));
#18581 = DIRECTION('',(0.,-1.,0.));
#18582 = DIRECTION('',(-1.,0.,0.));
#18583 = ADVANCED_FACE('',(#18584),#18590,.T.);
#18584 = FACE_BOUND('',#18585,.T.);
#18585 = EDGE_LOOP('',(#18586,#18587,#18588,#18589));
#18586 = ORIENTED_EDGE('',*,*,#18572,.T.);
#18587 = ORIENTED_EDGE('',*,*,#18376,.T.);
#18588 = ORIENTED_EDGE('',*,*,#18553,.F.);
#18589 = ORIENTED_EDGE('',*,*,#18214,.F.);
#18590 = CYLINDRICAL_SURFACE('',#18591,0.999999252925);
#18591 = AXIS2_PLACEMENT_3D('',#18592,#18593,#18594);
#18592 = CARTESIAN_POINT('',(130.74999925292,-102.250000747,0.));
#18593 = DIRECTION('',(0.,0.,-1.));
#18594 = DIRECTION('',(7.470757349539E-07,-1.,0.));
#18595 = ADVANCED_FACE('',(#18596),#18607,.F.);
#18596 = FACE_BOUND('',#18597,.T.);
#18597 = EDGE_LOOP('',(#18598,#18599,#18605,#18606));
#18598 = ORIENTED_EDGE('',*,*,#18241,.T.);
#18599 = ORIENTED_EDGE('',*,*,#18600,.T.);
#18600 = EDGE_CURVE('',#18242,#18404,#18601,.T.);
#18601 = LINE('',#18602,#18603);
#18602 = CARTESIAN_POINT('',(135.61,-99.5,-4.6E-02));
#18603 = VECTOR('',#18604,1.);
#18604 = DIRECTION('',(0.,0.,1.));
#18605 = ORIENTED_EDGE('',*,*,#18403,.F.);
#18606 = ORIENTED_EDGE('',*,*,#18600,.F.);
#18607 = CYLINDRICAL_SURFACE('',#18608,0.5);
#18608 = AXIS2_PLACEMENT_3D('',#18609,#18610,#18611);
#18609 = CARTESIAN_POINT('',(135.61,-99.,-4.6E-02));
#18610 = DIRECTION('',(-0.,-0.,-1.));
#18611 = DIRECTION('',(-0.,-1.,0.));
#18612 = ADVANCED_FACE('',(#18613),#18624,.F.);
#18613 = FACE_BOUND('',#18614,.T.);
#18614 = EDGE_LOOP('',(#18615,#18616,#18622,#18623));
#18615 = ORIENTED_EDGE('',*,*,#18252,.T.);
#18616 = ORIENTED_EDGE('',*,*,#18617,.T.);
#18617 = EDGE_CURVE('',#18253,#18415,#18618,.T.);
#18618 = LINE('',#18619,#18620);
#18619 = CARTESIAN_POINT('',(138.15,-99.5,-4.6E-02));
#18620 = VECTOR('',#18621,1.);
#18621 = DIRECTION('',(0.,0.,1.));
#18622 = ORIENTED_EDGE('',*,*,#18414,.F.);
#18623 = ORIENTED_EDGE('',*,*,#18617,.F.);
#18624 = CYLINDRICAL_SURFACE('',#18625,0.5);
#18625 = AXIS2_PLACEMENT_3D('',#18626,#18627,#18628);
#18626 = CARTESIAN_POINT('',(138.15,-99.,-4.6E-02));
#18627 = DIRECTION('',(-0.,-0.,-1.));
#18628 = DIRECTION('',(-0.,-1.,0.));
#18629 = ADVANCED_FACE('',(#18630),#18641,.F.);
#18630 = FACE_BOUND('',#18631,.T.);
#18631 = EDGE_LOOP('',(#18632,#18633,#18639,#18640));
#18632 = ORIENTED_EDGE('',*,*,#18263,.T.);
#18633 = ORIENTED_EDGE('',*,*,#18634,.T.);
#18634 = EDGE_CURVE('',#18264,#18426,#18635,.T.);
#18635 = LINE('',#18636,#18637);
#18636 = CARTESIAN_POINT('',(148.31,-99.5,-4.6E-02));
#18637 = VECTOR('',#18638,1.);
#18638 = DIRECTION('',(0.,0.,1.));
#18639 = ORIENTED_EDGE('',*,*,#18425,.F.);
#18640 = ORIENTED_EDGE('',*,*,#18634,.F.);
#18641 = CYLINDRICAL_SURFACE('',#18642,0.5);
#18642 = AXIS2_PLACEMENT_3D('',#18643,#18644,#18645);
#18643 = CARTESIAN_POINT('',(148.31,-99.,-4.6E-02));
#18644 = DIRECTION('',(-0.,-0.,-1.));
#18645 = DIRECTION('',(-0.,-1.,0.));
#18646 = ADVANCED_FACE('',(#18647),#18658,.F.);
#18647 = FACE_BOUND('',#18648,.T.);
#18648 = EDGE_LOOP('',(#18649,#18650,#18656,#18657));
#18649 = ORIENTED_EDGE('',*,*,#18274,.T.);
#18650 = ORIENTED_EDGE('',*,*,#18651,.T.);
#18651 = EDGE_CURVE('',#18275,#18437,#18652,.T.);
#18652 = LINE('',#18653,#18654);
#18653 = CARTESIAN_POINT('',(150.85,-99.5,-4.6E-02));
#18654 = VECTOR('',#18655,1.);
#18655 = DIRECTION('',(0.,0.,1.));
#18656 = ORIENTED_EDGE('',*,*,#18436,.F.);
#18657 = ORIENTED_EDGE('',*,*,#18651,.F.);
#18658 = CYLINDRICAL_SURFACE('',#18659,0.5);
#18659 = AXIS2_PLACEMENT_3D('',#18660,#18661,#18662);
#18660 = CARTESIAN_POINT('',(150.85,-99.,-4.6E-02));
#18661 = DIRECTION('',(-0.,-0.,-1.));
#18662 = DIRECTION('',(-0.,-1.,0.));
#18663 = ADVANCED_FACE('',(#18664),#18675,.F.);
#18664 = FACE_BOUND('',#18665,.T.);
#18665 = EDGE_LOOP('',(#18666,#18667,#18673,#18674));
#18666 = ORIENTED_EDGE('',*,*,#18285,.T.);
#18667 = ORIENTED_EDGE('',*,*,#18668,.T.);
#18668 = EDGE_CURVE('',#18286,#18448,#18669,.T.);
#18669 = LINE('',#18670,#18671);
#18670 = CARTESIAN_POINT('',(153.39,-99.5,-4.6E-02));
#18671 = VECTOR('',#18672,1.);
#18672 = DIRECTION('',(0.,0.,1.));
#18673 = ORIENTED_EDGE('',*,*,#18447,.F.);
#18674 = ORIENTED_EDGE('',*,*,#18668,.F.);
#18675 = CYLINDRICAL_SURFACE('',#18676,0.5);
#18676 = AXIS2_PLACEMENT_3D('',#18677,#18678,#18679);
#18677 = CARTESIAN_POINT('',(153.39,-99.,-4.6E-02));
#18678 = DIRECTION('',(-0.,-0.,-1.));
#18679 = DIRECTION('',(-0.,-1.,0.));
#18680 = ADVANCED_FACE('',(#18681),#18692,.F.);
#18681 = FACE_BOUND('',#18682,.T.);
#18682 = EDGE_LOOP('',(#18683,#18684,#18690,#18691));
#18683 = ORIENTED_EDGE('',*,*,#18296,.T.);
#18684 = ORIENTED_EDGE('',*,*,#18685,.T.);
#18685 = EDGE_CURVE('',#18297,#18459,#18686,.T.);
#18686 = LINE('',#18687,#18688);
#18687 = CARTESIAN_POINT('',(138.10567,-96.28747,-4.6E-02));
#18688 = VECTOR('',#18689,1.);
#18689 = DIRECTION('',(0.,0.,1.));
#18690 = ORIENTED_EDGE('',*,*,#18458,.F.);
#18691 = ORIENTED_EDGE('',*,*,#18685,.F.);
#18692 = CYLINDRICAL_SURFACE('',#18693,0.5);
#18693 = AXIS2_PLACEMENT_3D('',#18694,#18695,#18696);
#18694 = CARTESIAN_POINT('',(138.10567,-95.78747,-4.6E-02));
#18695 = DIRECTION('',(-0.,-0.,-1.));
#18696 = DIRECTION('',(-0.,-1.,0.));
#18697 = ADVANCED_FACE('',(#18698),#18709,.F.);
#18698 = FACE_BOUND('',#18699,.T.);
#18699 = EDGE_LOOP('',(#18700,#18701,#18707,#18708));
#18700 = ORIENTED_EDGE('',*,*,#18307,.T.);
#18701 = ORIENTED_EDGE('',*,*,#18702,.T.);
#18702 = EDGE_CURVE('',#18308,#18470,#18703,.T.);
#18703 = LINE('',#18704,#18705);
#18704 = CARTESIAN_POINT('',(140.64567,-96.28747,-4.6E-02));
#18705 = VECTOR('',#18706,1.);
#18706 = DIRECTION('',(0.,0.,1.));
#18707 = ORIENTED_EDGE('',*,*,#18469,.F.);
#18708 = ORIENTED_EDGE('',*,*,#18702,.F.);
#18709 = CYLINDRICAL_SURFACE('',#18710,0.5);
#18710 = AXIS2_PLACEMENT_3D('',#18711,#18712,#18713);
#18711 = CARTESIAN_POINT('',(140.64567,-95.78747,-4.6E-02));
#18712 = DIRECTION('',(-0.,-0.,-1.));
#18713 = DIRECTION('',(-0.,-1.,0.));
#18714 = ADVANCED_FACE('',(#18715),#18726,.F.);
#18715 = FACE_BOUND('',#18716,.T.);
#18716 = EDGE_LOOP('',(#18717,#18718,#18724,#18725));
#18717 = ORIENTED_EDGE('',*,*,#18318,.T.);
#18718 = ORIENTED_EDGE('',*,*,#18719,.T.);
#18719 = EDGE_CURVE('',#18319,#18481,#18720,.T.);
#18720 = LINE('',#18721,#18722);
#18721 = CARTESIAN_POINT('',(148.26567,-96.28747,-4.6E-02));
#18722 = VECTOR('',#18723,1.);
#18723 = DIRECTION('',(0.,0.,1.));
#18724 = ORIENTED_EDGE('',*,*,#18480,.F.);
#18725 = ORIENTED_EDGE('',*,*,#18719,.F.);
#18726 = CYLINDRICAL_SURFACE('',#18727,0.5);
#18727 = AXIS2_PLACEMENT_3D('',#18728,#18729,#18730);
#18728 = CARTESIAN_POINT('',(148.26567,-95.78747,-4.6E-02));
#18729 = DIRECTION('',(-0.,-0.,-1.));
#18730 = DIRECTION('',(-0.,-1.,0.));
#18731 = ADVANCED_FACE('',(#18732),#18743,.F.);
#18732 = FACE_BOUND('',#18733,.T.);
#18733 = EDGE_LOOP('',(#18734,#18735,#18741,#18742));
#18734 = ORIENTED_EDGE('',*,*,#18329,.T.);
#18735 = ORIENTED_EDGE('',*,*,#18736,.T.);
#18736 = EDGE_CURVE('',#18330,#18492,#18737,.T.);
#18737 = LINE('',#18738,#18739);
#18738 = CARTESIAN_POINT('',(150.80567,-96.28747,-4.6E-02));
#18739 = VECTOR('',#18740,1.);
#18740 = DIRECTION('',(0.,0.,1.));
#18741 = ORIENTED_EDGE('',*,*,#18491,.F.);
#18742 = ORIENTED_EDGE('',*,*,#18736,.F.);
#18743 = CYLINDRICAL_SURFACE('',#18744,0.5);
#18744 = AXIS2_PLACEMENT_3D('',#18745,#18746,#18747);
#18745 = CARTESIAN_POINT('',(150.80567,-95.78747,-4.6E-02));
#18746 = DIRECTION('',(-0.,-0.,-1.));
#18747 = DIRECTION('',(-0.,-1.,0.));
#18748 = ADVANCED_FACE('',(#18749),#18760,.F.);
#18749 = FACE_BOUND('',#18750,.T.);
#18750 = EDGE_LOOP('',(#18751,#18752,#18758,#18759));
#18751 = ORIENTED_EDGE('',*,*,#18340,.T.);
#18752 = ORIENTED_EDGE('',*,*,#18753,.T.);
#18753 = EDGE_CURVE('',#18341,#18503,#18754,.T.);
#18754 = LINE('',#18755,#18756);
#18755 = CARTESIAN_POINT('',(153.34567,-96.28747,-4.6E-02));
#18756 = VECTOR('',#18757,1.);
#18757 = DIRECTION('',(0.,0.,1.));
#18758 = ORIENTED_EDGE('',*,*,#18502,.F.);
#18759 = ORIENTED_EDGE('',*,*,#18753,.F.);
#18760 = CYLINDRICAL_SURFACE('',#18761,0.5);
#18761 = AXIS2_PLACEMENT_3D('',#18762,#18763,#18764);
#18762 = CARTESIAN_POINT('',(153.34567,-95.78747,-4.6E-02));
#18763 = DIRECTION('',(-0.,-0.,-1.));
#18764 = DIRECTION('',(-0.,-1.,0.));
#18765 = ( GEOMETRIC_REPRESENTATION_CONTEXT(3) 
GLOBAL_UNCERTAINTY_ASSIGNED_CONTEXT((#18769)) 
GLOBAL_UNIT_ASSIGNED_CONTEXT((#18766,#18767,#18768)) 
REPRESENTATION_CONTEXT('Context #1',
  '3D Context with UNIT and UNCERTAINTY') );
#18766 = ( LENGTH_UNIT() NAMED_UNIT(*) SI_UNIT(.MILLI.,.METRE.) );
#18767 = ( NAMED_UNIT(*) PLANE_ANGLE_UNIT() SI_UNIT($,.RADIAN.) );
#18768 = ( NAMED_UNIT(*) SI_UNIT($,.STERADIAN.) SOLID_ANGLE_UNIT() );
#18769 = UNCERTAINTY_MEASURE_WITH_UNIT(LENGTH_MEASURE(1.E-07),#18766,
  'distance_accuracy_value','confusion accuracy');
#18770 = CONTEXT_DEPENDENT_SHAPE_REPRESENTATION(#18771,#18773);
#18771 = ( REPRESENTATION_RELATIONSHIP('','',#18084,#10) 
REPRESENTATION_RELATIONSHIP_WITH_TRANSFORMATION(#18772) 
SHAPE_REPRESENTATION_RELATIONSHIP() );
#18772 = ITEM_DEFINED_TRANSFORMATION('','',#11,#47);
#18773 = PRODUCT_DEFINITION_SHAPE('Placement','Placement of an item',
  #18774);
#18774 = NEXT_ASSEMBLY_USAGE_OCCURRENCE('15','=>[0:1:1:10]','',#5,#18079
  ,$);
#18775 = PRODUCT_RELATED_PRODUCT_CATEGORY('part',$,(#18081));
#18776 = MECHANICAL_DESIGN_GEOMETRIC_PRESENTATION_REPRESENTATION('',(
    #18777,#18787),#18066);
#18777 = STYLED_ITEM('color',(#18778),#16924);
#18778 = PRESENTATION_STYLE_ASSIGNMENT((#18779));
#18779 = SURFACE_STYLE_USAGE(.BOTH.,#18780);
#18780 = SURFACE_SIDE_STYLE('',(#18781,#18785));
#18781 = SURFACE_STYLE_FILL_AREA(#18782);
#18782 = FILL_AREA_STYLE('',(#18783));
#18783 = FILL_AREA_STYLE_COLOUR('',#18784);
#18784 = COLOUR_RGB('',0.277846546019,0.436627062838,0.370214030736);
#18785 = SURFACE_STYLE_RENDERING_WITH_PROPERTIES(.NORMAL_SHADING.,#18784
  ,(#18786));
#18786 = SURFACE_STYLE_TRANSPARENT(0.170000016689);
#18787 = STYLED_ITEM('color',(#18788),#17566);
#18788 = PRESENTATION_STYLE_ASSIGNMENT((#18789));
#18789 = SURFACE_STYLE_USAGE(.BOTH.,#18790);
#18790 = SURFACE_SIDE_STYLE('',(#18791,#18794));
#18791 = SURFACE_STYLE_FILL_AREA(#18792);
#18792 = FILL_AREA_STYLE('',(#18793));
#18793 = FILL_AREA_STYLE_COLOUR('',#18784);
#18794 = SURFACE_STYLE_RENDERING_WITH_PROPERTIES(.NORMAL_SHADING.,#18784
  ,(#18795));
#18795 = SURFACE_STYLE_TRANSPARENT(0.170000016689);
#18796 = MECHANICAL_DESIGN_GEOMETRIC_PRESENTATION_REPRESENTATION('',(
    #18797,#18805,#18812,#18819,#18826,#18833,#18840,#18847,#18854,
    #18861,#18868,#18875,#18882,#18889,#18896,#18903,#18910,#18917,
    #18924,#18931,#18938,#18945,#18952,#18959,#18966,#18973,#18980,
    #18987,#18994,#19001,#19008,#19015),#14174);
#18797 = STYLED_ITEM('color',(#18798),#8814);
#18798 = PRESENTATION_STYLE_ASSIGNMENT((#18799));
#18799 = SURFACE_STYLE_USAGE(.BOTH.,#18800);
#18800 = SURFACE_SIDE_STYLE('',(#18801));
#18801 = SURFACE_STYLE_FILL_AREA(#18802);
#18802 = FILL_AREA_STYLE('',(#18803));
#18803 = FILL_AREA_STYLE_COLOUR('',#18804);
#18804 = COLOUR_RGB('',0.735356983052,0.735356983052,0.735356983052);
#18805 = STYLED_ITEM('color',(#18806),#9104);
#18806 = PRESENTATION_STYLE_ASSIGNMENT((#18807));
#18807 = SURFACE_STYLE_USAGE(.BOTH.,#18808);
#18808 = SURFACE_SIDE_STYLE('',(#18809));
#18809 = SURFACE_STYLE_FILL_AREA(#18810);
#18810 = FILL_AREA_STYLE('',(#18811));
#18811 = FILL_AREA_STYLE_COLOUR('',#18804);
#18812 = STYLED_ITEM('color',(#18813),#9394);
#18813 = PRESENTATION_STYLE_ASSIGNMENT((#18814));
#18814 = SURFACE_STYLE_USAGE(.BOTH.,#18815);
#18815 = SURFACE_SIDE_STYLE('',(#18816));
#18816 = SURFACE_STYLE_FILL_AREA(#18817);
#18817 = FILL_AREA_STYLE('',(#18818));
#18818 = FILL_AREA_STYLE_COLOUR('',#18804);
#18819 = STYLED_ITEM('color',(#18820),#9587);
#18820 = PRESENTATION_STYLE_ASSIGNMENT((#18821));
#18821 = SURFACE_STYLE_USAGE(.BOTH.,#18822);
#18822 = SURFACE_SIDE_STYLE('',(#18823));
#18823 = SURFACE_STYLE_FILL_AREA(#18824);
#18824 = FILL_AREA_STYLE('',(#18825));
#18825 = FILL_AREA_STYLE_COLOUR('',#18804);
#18826 = STYLED_ITEM('color',(#18827),#9780);
#18827 = PRESENTATION_STYLE_ASSIGNMENT((#18828));
#18828 = SURFACE_STYLE_USAGE(.BOTH.,#18829);
#18829 = SURFACE_SIDE_STYLE('',(#18830));
#18830 = SURFACE_STYLE_FILL_AREA(#18831);
#18831 = FILL_AREA_STYLE('',(#18832));
#18832 = FILL_AREA_STYLE_COLOUR('',#18804);
#18833 = STYLED_ITEM('color',(#18834),#9872);
#18834 = PRESENTATION_STYLE_ASSIGNMENT((#18835));
#18835 = SURFACE_STYLE_USAGE(.BOTH.,#18836);
#18836 = SURFACE_SIDE_STYLE('',(#18837));
#18837 = SURFACE_STYLE_FILL_AREA(#18838);
#18838 = FILL_AREA_STYLE('',(#18839));
#18839 = FILL_AREA_STYLE_COLOUR('',#18804);
#18840 = STYLED_ITEM('color',(#18841),#10065);
#18841 = PRESENTATION_STYLE_ASSIGNMENT((#18842));
#18842 = SURFACE_STYLE_USAGE(.BOTH.,#18843);
#18843 = SURFACE_SIDE_STYLE('',(#18844));
#18844 = SURFACE_STYLE_FILL_AREA(#18845);
#18845 = FILL_AREA_STYLE('',(#18846));
#18846 = FILL_AREA_STYLE_COLOUR('',#18804);
#18847 = STYLED_ITEM('color',(#18848),#10258);
#18848 = PRESENTATION_STYLE_ASSIGNMENT((#18849));
#18849 = SURFACE_STYLE_USAGE(.BOTH.,#18850);
#18850 = SURFACE_SIDE_STYLE('',(#18851));
#18851 = SURFACE_STYLE_FILL_AREA(#18852);
#18852 = FILL_AREA_STYLE('',(#18853));
#18853 = FILL_AREA_STYLE_COLOUR('',#18804);
#18854 = STYLED_ITEM('color',(#18855),#10350);
#18855 = PRESENTATION_STYLE_ASSIGNMENT((#18856));
#18856 = SURFACE_STYLE_USAGE(.BOTH.,#18857);
#18857 = SURFACE_SIDE_STYLE('',(#18858));
#18858 = SURFACE_STYLE_FILL_AREA(#18859);
#18859 = FILL_AREA_STYLE('',(#18860));
#18860 = FILL_AREA_STYLE_COLOUR('',#18804);
#18861 = STYLED_ITEM('color',(#18862),#10543);
#18862 = PRESENTATION_STYLE_ASSIGNMENT((#18863));
#18863 = SURFACE_STYLE_USAGE(.BOTH.,#18864);
#18864 = SURFACE_SIDE_STYLE('',(#18865));
#18865 = SURFACE_STYLE_FILL_AREA(#18866);
#18866 = FILL_AREA_STYLE('',(#18867));
#18867 = FILL_AREA_STYLE_COLOUR('',#18804);
#18868 = STYLED_ITEM('color',(#18869),#10736);
#18869 = PRESENTATION_STYLE_ASSIGNMENT((#18870));
#18870 = SURFACE_STYLE_USAGE(.BOTH.,#18871);
#18871 = SURFACE_SIDE_STYLE('',(#18872));
#18872 = SURFACE_STYLE_FILL_AREA(#18873);
#18873 = FILL_AREA_STYLE('',(#18874));
#18874 = FILL_AREA_STYLE_COLOUR('',#18804);
#18875 = STYLED_ITEM('color',(#18876),#10828);
#18876 = PRESENTATION_STYLE_ASSIGNMENT((#18877));
#18877 = SURFACE_STYLE_USAGE(.BOTH.,#18878);
#18878 = SURFACE_SIDE_STYLE('',(#18879));
#18879 = SURFACE_STYLE_FILL_AREA(#18880);
#18880 = FILL_AREA_STYLE('',(#18881));
#18881 = FILL_AREA_STYLE_COLOUR('',#18804);
#18882 = STYLED_ITEM('color',(#18883),#11021);
#18883 = PRESENTATION_STYLE_ASSIGNMENT((#18884));
#18884 = SURFACE_STYLE_USAGE(.BOTH.,#18885);
#18885 = SURFACE_SIDE_STYLE('',(#18886));
#18886 = SURFACE_STYLE_FILL_AREA(#18887);
#18887 = FILL_AREA_STYLE('',(#18888));
#18888 = FILL_AREA_STYLE_COLOUR('',#18804);
#18889 = STYLED_ITEM('color',(#18890),#11214);
#18890 = PRESENTATION_STYLE_ASSIGNMENT((#18891));
#18891 = SURFACE_STYLE_USAGE(.BOTH.,#18892);
#18892 = SURFACE_SIDE_STYLE('',(#18893));
#18893 = SURFACE_STYLE_FILL_AREA(#18894);
#18894 = FILL_AREA_STYLE('',(#18895));
#18895 = FILL_AREA_STYLE_COLOUR('',#18804);
#18896 = STYLED_ITEM('color',(#18897),#11306);
#18897 = PRESENTATION_STYLE_ASSIGNMENT((#18898));
#18898 = SURFACE_STYLE_USAGE(.BOTH.,#18899);
#18899 = SURFACE_SIDE_STYLE('',(#18900));
#18900 = SURFACE_STYLE_FILL_AREA(#18901);
#18901 = FILL_AREA_STYLE('',(#18902));
#18902 = FILL_AREA_STYLE_COLOUR('',#18804);
#18903 = STYLED_ITEM('color',(#18904),#11499);
#18904 = PRESENTATION_STYLE_ASSIGNMENT((#18905));
#18905 = SURFACE_STYLE_USAGE(.BOTH.,#18906);
#18906 = SURFACE_SIDE_STYLE('',(#18907));
#18907 = SURFACE_STYLE_FILL_AREA(#18908);
#18908 = FILL_AREA_STYLE('',(#18909));
#18909 = FILL_AREA_STYLE_COLOUR('',#18804);
#18910 = STYLED_ITEM('color',(#18911),#11692);
#18911 = PRESENTATION_STYLE_ASSIGNMENT((#18912));
#18912 = SURFACE_STYLE_USAGE(.BOTH.,#18913);
#18913 = SURFACE_SIDE_STYLE('',(#18914));
#18914 = SURFACE_STYLE_FILL_AREA(#18915);
#18915 = FILL_AREA_STYLE('',(#18916));
#18916 = FILL_AREA_STYLE_COLOUR('',#18804);
#18917 = STYLED_ITEM('color',(#18918),#11784);
#18918 = PRESENTATION_STYLE_ASSIGNMENT((#18919));
#18919 = SURFACE_STYLE_USAGE(.BOTH.,#18920);
#18920 = SURFACE_SIDE_STYLE('',(#18921));
#18921 = SURFACE_STYLE_FILL_AREA(#18922);
#18922 = FILL_AREA_STYLE('',(#18923));
#18923 = FILL_AREA_STYLE_COLOUR('',#18804);
#18924 = STYLED_ITEM('color',(#18925),#11977);
#18925 = PRESENTATION_STYLE_ASSIGNMENT((#18926));
#18926 = SURFACE_STYLE_USAGE(.BOTH.,#18927);
#18927 = SURFACE_SIDE_STYLE('',(#18928));
#18928 = SURFACE_STYLE_FILL_AREA(#18929);
#18929 = FILL_AREA_STYLE('',(#18930));
#18930 = FILL_AREA_STYLE_COLOUR('',#18804);
#18931 = STYLED_ITEM('color',(#18932),#12170);
#18932 = PRESENTATION_STYLE_ASSIGNMENT((#18933));
#18933 = SURFACE_STYLE_USAGE(.BOTH.,#18934);
#18934 = SURFACE_SIDE_STYLE('',(#18935));
#18935 = SURFACE_STYLE_FILL_AREA(#18936);
#18936 = FILL_AREA_STYLE('',(#18937));
#18937 = FILL_AREA_STYLE_COLOUR('',#18804);
#18938 = STYLED_ITEM('color',(#18939),#12262);
#18939 = PRESENTATION_STYLE_ASSIGNMENT((#18940));
#18940 = SURFACE_STYLE_USAGE(.BOTH.,#18941);
#18941 = SURFACE_SIDE_STYLE('',(#18942));
#18942 = SURFACE_STYLE_FILL_AREA(#18943);
#18943 = FILL_AREA_STYLE('',(#18944));
#18944 = FILL_AREA_STYLE_COLOUR('',#18804);
#18945 = STYLED_ITEM('color',(#18946),#12455);
#18946 = PRESENTATION_STYLE_ASSIGNMENT((#18947));
#18947 = SURFACE_STYLE_USAGE(.BOTH.,#18948);
#18948 = SURFACE_SIDE_STYLE('',(#18949));
#18949 = SURFACE_STYLE_FILL_AREA(#18950);
#18950 = FILL_AREA_STYLE('',(#18951));
#18951 = FILL_AREA_STYLE_COLOUR('',#18804);
#18952 = STYLED_ITEM('color',(#18953),#12648);
#18953 = PRESENTATION_STYLE_ASSIGNMENT((#18954));
#18954 = SURFACE_STYLE_USAGE(.BOTH.,#18955);
#18955 = SURFACE_SIDE_STYLE('',(#18956));
#18956 = SURFACE_STYLE_FILL_AREA(#18957);
#18957 = FILL_AREA_STYLE('',(#18958));
#18958 = FILL_AREA_STYLE_COLOUR('',#18804);
#18959 = STYLED_ITEM('color',(#18960),#12740);
#18960 = PRESENTATION_STYLE_ASSIGNMENT((#18961));
#18961 = SURFACE_STYLE_USAGE(.BOTH.,#18962);
#18962 = SURFACE_SIDE_STYLE('',(#18963));
#18963 = SURFACE_STYLE_FILL_AREA(#18964);
#18964 = FILL_AREA_STYLE('',(#18965));
#18965 = FILL_AREA_STYLE_COLOUR('',#18804);
#18966 = STYLED_ITEM('color',(#18967),#12933);
#18967 = PRESENTATION_STYLE_ASSIGNMENT((#18968));
#18968 = SURFACE_STYLE_USAGE(.BOTH.,#18969);
#18969 = SURFACE_SIDE_STYLE('',(#18970));
#18970 = SURFACE_STYLE_FILL_AREA(#18971);
#18971 = FILL_AREA_STYLE('',(#18972));
#18972 = FILL_AREA_STYLE_COLOUR('',#18804);
#18973 = STYLED_ITEM('color',(#18974),#13126);
#18974 = PRESENTATION_STYLE_ASSIGNMENT((#18975));
#18975 = SURFACE_STYLE_USAGE(.BOTH.,#18976);
#18976 = SURFACE_SIDE_STYLE('',(#18977));
#18977 = SURFACE_STYLE_FILL_AREA(#18978);
#18978 = FILL_AREA_STYLE('',(#18979));
#18979 = FILL_AREA_STYLE_COLOUR('',#18804);
#18980 = STYLED_ITEM('color',(#18981),#13218);
#18981 = PRESENTATION_STYLE_ASSIGNMENT((#18982));
#18982 = SURFACE_STYLE_USAGE(.BOTH.,#18983);
#18983 = SURFACE_SIDE_STYLE('',(#18984));
#18984 = SURFACE_STYLE_FILL_AREA(#18985);
#18985 = FILL_AREA_STYLE('',(#18986));
#18986 = FILL_AREA_STYLE_COLOUR('',#18804);
#18987 = STYLED_ITEM('color',(#18988),#13411);
#18988 = PRESENTATION_STYLE_ASSIGNMENT((#18989));
#18989 = SURFACE_STYLE_USAGE(.BOTH.,#18990);
#18990 = SURFACE_SIDE_STYLE('',(#18991));
#18991 = SURFACE_STYLE_FILL_AREA(#18992);
#18992 = FILL_AREA_STYLE('',(#18993));
#18993 = FILL_AREA_STYLE_COLOUR('',#18804);
#18994 = STYLED_ITEM('color',(#18995),#13604);
#18995 = PRESENTATION_STYLE_ASSIGNMENT((#18996));
#18996 = SURFACE_STYLE_USAGE(.BOTH.,#18997);
#18997 = SURFACE_SIDE_STYLE('',(#18998));
#18998 = SURFACE_STYLE_FILL_AREA(#18999);
#18999 = FILL_AREA_STYLE('',(#19000));
#19000 = FILL_AREA_STYLE_COLOUR('',#18804);
#19001 = STYLED_ITEM('color',(#19002),#13696);
#19002 = PRESENTATION_STYLE_ASSIGNMENT((#19003));
#19003 = SURFACE_STYLE_USAGE(.BOTH.,#19004);
#19004 = SURFACE_SIDE_STYLE('',(#19005));
#19005 = SURFACE_STYLE_FILL_AREA(#19006);
#19006 = FILL_AREA_STYLE('',(#19007));
#19007 = FILL_AREA_STYLE_COLOUR('',#18804);
#19008 = STYLED_ITEM('color',(#19009),#13889);
#19009 = PRESENTATION_STYLE_ASSIGNMENT((#19010));
#19010 = SURFACE_STYLE_USAGE(.BOTH.,#19011);
#19011 = SURFACE_SIDE_STYLE('',(#19012));
#19012 = SURFACE_STYLE_FILL_AREA(#19013);
#19013 = FILL_AREA_STYLE('',(#19014));
#19014 = FILL_AREA_STYLE_COLOUR('',#18804);
#19015 = STYLED_ITEM('color',(#19016),#14082);
#19016 = PRESENTATION_STYLE_ASSIGNMENT((#19017));
#19017 = SURFACE_STYLE_USAGE(.BOTH.,#19018);
#19018 = SURFACE_SIDE_STYLE('',(#19019));
#19019 = SURFACE_STYLE_FILL_AREA(#19020);
#19020 = FILL_AREA_STYLE('',(#19021));
#19021 = FILL_AREA_STYLE_COLOUR('',#18804);
#19022 = MECHANICAL_DESIGN_GEOMETRIC_PRESENTATION_REPRESENTATION('',(
    #19023,#19031,#19038,#19045,#19052,#19059,#19066,#19073,#19080,
    #19087,#19094,#19101,#19108,#19115,#19122,#19129,#19136,#19143,
    #19150,#19157,#19164,#19171,#19178,#19186,#19193,#19200,#19207,
    #19214,#19221,#19228,#19235,#19242,#19249,#19256,#19263,#19270,
    #19277,#19284,#19291,#19298,#19305,#19312,#19319,#19326,#19333,
    #19340,#19347,#19354,#19361,#19368,#19375,#19382,#19389,#19396,
    #19403,#19410,#19417,#19424,#19431,#19438,#19445,#19452,#19459,
    #19466,#19473,#19480,#19487,#19494,#19501,#19508,#19515,#19522,
    #19529,#19536,#19543,#19550),#3044);
#19023 = STYLED_ITEM('color',(#19024),#940);
#19024 = PRESENTATION_STYLE_ASSIGNMENT((#19025));
#19025 = SURFACE_STYLE_USAGE(.BOTH.,#19026);
#19026 = SURFACE_SIDE_STYLE('',(#19027));
#19027 = SURFACE_STYLE_FILL_AREA(#19028);
#19028 = FILL_AREA_STYLE('',(#19029));
#19029 = FILL_AREA_STYLE_COLOUR('',#19030);
#19030 = COLOUR_RGB('',0.147999998088,0.144999993226,0.144999993226);
#19031 = STYLED_ITEM('color',(#19032),#980);
#19032 = PRESENTATION_STYLE_ASSIGNMENT((#19033));
#19033 = SURFACE_STYLE_USAGE(.BOTH.,#19034);
#19034 = SURFACE_SIDE_STYLE('',(#19035));
#19035 = SURFACE_STYLE_FILL_AREA(#19036);
#19036 = FILL_AREA_STYLE('',(#19037));
#19037 = FILL_AREA_STYLE_COLOUR('',#19030);
#19038 = STYLED_ITEM('color',(#19039),#1011);
#19039 = PRESENTATION_STYLE_ASSIGNMENT((#19040));
#19040 = SURFACE_STYLE_USAGE(.BOTH.,#19041);
#19041 = SURFACE_SIDE_STYLE('',(#19042));
#19042 = SURFACE_STYLE_FILL_AREA(#19043);
#19043 = FILL_AREA_STYLE('',(#19044));
#19044 = FILL_AREA_STYLE_COLOUR('',#19030);
#19045 = STYLED_ITEM('color',(#19046),#1042);
#19046 = PRESENTATION_STYLE_ASSIGNMENT((#19047));
#19047 = SURFACE_STYLE_USAGE(.BOTH.,#19048);
#19048 = SURFACE_SIDE_STYLE('',(#19049));
#19049 = SURFACE_STYLE_FILL_AREA(#19050);
#19050 = FILL_AREA_STYLE('',(#19051));
#19051 = FILL_AREA_STYLE_COLOUR('',#19030);
#19052 = STYLED_ITEM('color',(#19053),#1289);
#19053 = PRESENTATION_STYLE_ASSIGNMENT((#19054));
#19054 = SURFACE_STYLE_USAGE(.BOTH.,#19055);
#19055 = SURFACE_SIDE_STYLE('',(#19056));
#19056 = SURFACE_STYLE_FILL_AREA(#19057);
#19057 = FILL_AREA_STYLE('',(#19058));
#19058 = FILL_AREA_STYLE_COLOUR('',#19030);
#19059 = STYLED_ITEM('color',(#19060),#1536);
#19060 = PRESENTATION_STYLE_ASSIGNMENT((#19061));
#19061 = SURFACE_STYLE_USAGE(.BOTH.,#19062);
#19062 = SURFACE_SIDE_STYLE('',(#19063));
#19063 = SURFACE_STYLE_FILL_AREA(#19064);
#19064 = FILL_AREA_STYLE('',(#19065));
#19065 = FILL_AREA_STYLE_COLOUR('',#19030);
#19066 = STYLED_ITEM('color',(#19067),#1553);
#19067 = PRESENTATION_STYLE_ASSIGNMENT((#19068));
#19068 = SURFACE_STYLE_USAGE(.BOTH.,#19069);
#19069 = SURFACE_SIDE_STYLE('',(#19070));
#19070 = SURFACE_STYLE_FILL_AREA(#19071);
#19071 = FILL_AREA_STYLE('',(#19072));
#19072 = FILL_AREA_STYLE_COLOUR('',#19030);
#19073 = STYLED_ITEM('color',(#19074),#1570);
#19074 = PRESENTATION_STYLE_ASSIGNMENT((#19075));
#19075 = SURFACE_STYLE_USAGE(.BOTH.,#19076);
#19076 = SURFACE_SIDE_STYLE('',(#19077));
#19077 = SURFACE_STYLE_FILL_AREA(#19078);
#19078 = FILL_AREA_STYLE('',(#19079));
#19079 = FILL_AREA_STYLE_COLOUR('',#19030);
#19080 = STYLED_ITEM('color',(#19081),#1587);
#19081 = PRESENTATION_STYLE_ASSIGNMENT((#19082));
#19082 = SURFACE_STYLE_USAGE(.BOTH.,#19083);
#19083 = SURFACE_SIDE_STYLE('',(#19084));
#19084 = SURFACE_STYLE_FILL_AREA(#19085);
#19085 = FILL_AREA_STYLE('',(#19086));
#19086 = FILL_AREA_STYLE_COLOUR('',#19030);
#19087 = STYLED_ITEM('color',(#19088),#1604);
#19088 = PRESENTATION_STYLE_ASSIGNMENT((#19089));
#19089 = SURFACE_STYLE_USAGE(.BOTH.,#19090);
#19090 = SURFACE_SIDE_STYLE('',(#19091));
#19091 = SURFACE_STYLE_FILL_AREA(#19092);
#19092 = FILL_AREA_STYLE('',(#19093));
#19093 = FILL_AREA_STYLE_COLOUR('',#19030);
#19094 = STYLED_ITEM('color',(#19095),#1621);
#19095 = PRESENTATION_STYLE_ASSIGNMENT((#19096));
#19096 = SURFACE_STYLE_USAGE(.BOTH.,#19097);
#19097 = SURFACE_SIDE_STYLE('',(#19098));
#19098 = SURFACE_STYLE_FILL_AREA(#19099);
#19099 = FILL_AREA_STYLE('',(#19100));
#19100 = FILL_AREA_STYLE_COLOUR('',#19030);
#19101 = STYLED_ITEM('color',(#19102),#1638);
#19102 = PRESENTATION_STYLE_ASSIGNMENT((#19103));
#19103 = SURFACE_STYLE_USAGE(.BOTH.,#19104);
#19104 = SURFACE_SIDE_STYLE('',(#19105));
#19105 = SURFACE_STYLE_FILL_AREA(#19106);
#19106 = FILL_AREA_STYLE('',(#19107));
#19107 = FILL_AREA_STYLE_COLOUR('',#19030);
#19108 = STYLED_ITEM('color',(#19109),#1655);
#19109 = PRESENTATION_STYLE_ASSIGNMENT((#19110));
#19110 = SURFACE_STYLE_USAGE(.BOTH.,#19111);
#19111 = SURFACE_SIDE_STYLE('',(#19112));
#19112 = SURFACE_STYLE_FILL_AREA(#19113);
#19113 = FILL_AREA_STYLE('',(#19114));
#19114 = FILL_AREA_STYLE_COLOUR('',#19030);
#19115 = STYLED_ITEM('color',(#19116),#1672);
#19116 = PRESENTATION_STYLE_ASSIGNMENT((#19117));
#19117 = SURFACE_STYLE_USAGE(.BOTH.,#19118);
#19118 = SURFACE_SIDE_STYLE('',(#19119));
#19119 = SURFACE_STYLE_FILL_AREA(#19120);
#19120 = FILL_AREA_STYLE('',(#19121));
#19121 = FILL_AREA_STYLE_COLOUR('',#19030);
#19122 = STYLED_ITEM('color',(#19123),#1689);
#19123 = PRESENTATION_STYLE_ASSIGNMENT((#19124));
#19124 = SURFACE_STYLE_USAGE(.BOTH.,#19125);
#19125 = SURFACE_SIDE_STYLE('',(#19126));
#19126 = SURFACE_STYLE_FILL_AREA(#19127);
#19127 = FILL_AREA_STYLE('',(#19128));
#19128 = FILL_AREA_STYLE_COLOUR('',#19030);
#19129 = STYLED_ITEM('color',(#19130),#1706);
#19130 = PRESENTATION_STYLE_ASSIGNMENT((#19131));
#19131 = SURFACE_STYLE_USAGE(.BOTH.,#19132);
#19132 = SURFACE_SIDE_STYLE('',(#19133));
#19133 = SURFACE_STYLE_FILL_AREA(#19134);
#19134 = FILL_AREA_STYLE('',(#19135));
#19135 = FILL_AREA_STYLE_COLOUR('',#19030);
#19136 = STYLED_ITEM('color',(#19137),#1723);
#19137 = PRESENTATION_STYLE_ASSIGNMENT((#19138));
#19138 = SURFACE_STYLE_USAGE(.BOTH.,#19139);
#19139 = SURFACE_SIDE_STYLE('',(#19140));
#19140 = SURFACE_STYLE_FILL_AREA(#19141);
#19141 = FILL_AREA_STYLE('',(#19142));
#19142 = FILL_AREA_STYLE_COLOUR('',#19030);
#19143 = STYLED_ITEM('color',(#19144),#1740);
#19144 = PRESENTATION_STYLE_ASSIGNMENT((#19145));
#19145 = SURFACE_STYLE_USAGE(.BOTH.,#19146);
#19146 = SURFACE_SIDE_STYLE('',(#19147));
#19147 = SURFACE_STYLE_FILL_AREA(#19148);
#19148 = FILL_AREA_STYLE('',(#19149));
#19149 = FILL_AREA_STYLE_COLOUR('',#19030);
#19150 = STYLED_ITEM('color',(#19151),#1757);
#19151 = PRESENTATION_STYLE_ASSIGNMENT((#19152));
#19152 = SURFACE_STYLE_USAGE(.BOTH.,#19153);
#19153 = SURFACE_SIDE_STYLE('',(#19154));
#19154 = SURFACE_STYLE_FILL_AREA(#19155);
#19155 = FILL_AREA_STYLE('',(#19156));
#19156 = FILL_AREA_STYLE_COLOUR('',#19030);
#19157 = STYLED_ITEM('color',(#19158),#1774);
#19158 = PRESENTATION_STYLE_ASSIGNMENT((#19159));
#19159 = SURFACE_STYLE_USAGE(.BOTH.,#19160);
#19160 = SURFACE_SIDE_STYLE('',(#19161));
#19161 = SURFACE_STYLE_FILL_AREA(#19162);
#19162 = FILL_AREA_STYLE('',(#19163));
#19163 = FILL_AREA_STYLE_COLOUR('',#19030);
#19164 = STYLED_ITEM('color',(#19165),#1791);
#19165 = PRESENTATION_STYLE_ASSIGNMENT((#19166));
#19166 = SURFACE_STYLE_USAGE(.BOTH.,#19167);
#19167 = SURFACE_SIDE_STYLE('',(#19168));
#19168 = SURFACE_STYLE_FILL_AREA(#19169);
#19169 = FILL_AREA_STYLE('',(#19170));
#19170 = FILL_AREA_STYLE_COLOUR('',#19030);
#19171 = STYLED_ITEM('color',(#19172),#1808);
#19172 = PRESENTATION_STYLE_ASSIGNMENT((#19173));
#19173 = SURFACE_STYLE_USAGE(.BOTH.,#19174);
#19174 = SURFACE_SIDE_STYLE('',(#19175));
#19175 = SURFACE_STYLE_FILL_AREA(#19176);
#19176 = FILL_AREA_STYLE('',(#19177));
#19177 = FILL_AREA_STYLE_COLOUR('',#19030);
#19178 = STYLED_ITEM('color',(#19179),#1820);
#19179 = PRESENTATION_STYLE_ASSIGNMENT((#19180));
#19180 = SURFACE_STYLE_USAGE(.BOTH.,#19181);
#19181 = SURFACE_SIDE_STYLE('',(#19182));
#19182 = SURFACE_STYLE_FILL_AREA(#19183);
#19183 = FILL_AREA_STYLE('',(#19184));
#19184 = FILL_AREA_STYLE_COLOUR('',#19185);
#19185 = COLOUR_RGB('',0.859000020776,0.737999965183,0.495999988746);
#19186 = STYLED_ITEM('color',(#19187),#1851);
#19187 = PRESENTATION_STYLE_ASSIGNMENT((#19188));
#19188 = SURFACE_STYLE_USAGE(.BOTH.,#19189);
#19189 = SURFACE_SIDE_STYLE('',(#19190));
#19190 = SURFACE_STYLE_FILL_AREA(#19191);
#19191 = FILL_AREA_STYLE('',(#19192));
#19192 = FILL_AREA_STYLE_COLOUR('',#19185);
#19193 = STYLED_ITEM('color',(#19194),#1875);
#19194 = PRESENTATION_STYLE_ASSIGNMENT((#19195));
#19195 = SURFACE_STYLE_USAGE(.BOTH.,#19196);
#19196 = SURFACE_SIDE_STYLE('',(#19197));
#19197 = SURFACE_STYLE_FILL_AREA(#19198);
#19198 = FILL_AREA_STYLE('',(#19199));
#19199 = FILL_AREA_STYLE_COLOUR('',#19185);
#19200 = STYLED_ITEM('color',(#19201),#1899);
#19201 = PRESENTATION_STYLE_ASSIGNMENT((#19202));
#19202 = SURFACE_STYLE_USAGE(.BOTH.,#19203);
#19203 = SURFACE_SIDE_STYLE('',(#19204));
#19204 = SURFACE_STYLE_FILL_AREA(#19205);
#19205 = FILL_AREA_STYLE('',(#19206));
#19206 = FILL_AREA_STYLE_COLOUR('',#19185);
#19207 = STYLED_ITEM('color',(#19208),#1916);
#19208 = PRESENTATION_STYLE_ASSIGNMENT((#19209));
#19209 = SURFACE_STYLE_USAGE(.BOTH.,#19210);
#19210 = SURFACE_SIDE_STYLE('',(#19211));
#19211 = SURFACE_STYLE_FILL_AREA(#19212);
#19212 = FILL_AREA_STYLE('',(#19213));
#19213 = FILL_AREA_STYLE_COLOUR('',#19185);
#19214 = STYLED_ITEM('color',(#19215),#1947);
#19215 = PRESENTATION_STYLE_ASSIGNMENT((#19216));
#19216 = SURFACE_STYLE_USAGE(.BOTH.,#19217);
#19217 = SURFACE_SIDE_STYLE('',(#19218));
#19218 = SURFACE_STYLE_FILL_AREA(#19219);
#19219 = FILL_AREA_STYLE('',(#19220));
#19220 = FILL_AREA_STYLE_COLOUR('',#19185);
#19221 = STYLED_ITEM('color',(#19222),#1971);
#19222 = PRESENTATION_STYLE_ASSIGNMENT((#19223));
#19223 = SURFACE_STYLE_USAGE(.BOTH.,#19224);
#19224 = SURFACE_SIDE_STYLE('',(#19225));
#19225 = SURFACE_STYLE_FILL_AREA(#19226);
#19226 = FILL_AREA_STYLE('',(#19227));
#19227 = FILL_AREA_STYLE_COLOUR('',#19185);
#19228 = STYLED_ITEM('color',(#19229),#1995);
#19229 = PRESENTATION_STYLE_ASSIGNMENT((#19230));
#19230 = SURFACE_STYLE_USAGE(.BOTH.,#19231);
#19231 = SURFACE_SIDE_STYLE('',(#19232));
#19232 = SURFACE_STYLE_FILL_AREA(#19233);
#19233 = FILL_AREA_STYLE('',(#19234));
#19234 = FILL_AREA_STYLE_COLOUR('',#19185);
#19235 = STYLED_ITEM('color',(#19236),#2012);
#19236 = PRESENTATION_STYLE_ASSIGNMENT((#19237));
#19237 = SURFACE_STYLE_USAGE(.BOTH.,#19238);
#19238 = SURFACE_SIDE_STYLE('',(#19239));
#19239 = SURFACE_STYLE_FILL_AREA(#19240);
#19240 = FILL_AREA_STYLE('',(#19241));
#19241 = FILL_AREA_STYLE_COLOUR('',#19185);
#19242 = STYLED_ITEM('color',(#19243),#2043);
#19243 = PRESENTATION_STYLE_ASSIGNMENT((#19244));
#19244 = SURFACE_STYLE_USAGE(.BOTH.,#19245);
#19245 = SURFACE_SIDE_STYLE('',(#19246));
#19246 = SURFACE_STYLE_FILL_AREA(#19247);
#19247 = FILL_AREA_STYLE('',(#19248));
#19248 = FILL_AREA_STYLE_COLOUR('',#19185);
#19249 = STYLED_ITEM('color',(#19250),#2067);
#19250 = PRESENTATION_STYLE_ASSIGNMENT((#19251));
#19251 = SURFACE_STYLE_USAGE(.BOTH.,#19252);
#19252 = SURFACE_SIDE_STYLE('',(#19253));
#19253 = SURFACE_STYLE_FILL_AREA(#19254);
#19254 = FILL_AREA_STYLE('',(#19255));
#19255 = FILL_AREA_STYLE_COLOUR('',#19185);
#19256 = STYLED_ITEM('color',(#19257),#2091);
#19257 = PRESENTATION_STYLE_ASSIGNMENT((#19258));
#19258 = SURFACE_STYLE_USAGE(.BOTH.,#19259);
#19259 = SURFACE_SIDE_STYLE('',(#19260));
#19260 = SURFACE_STYLE_FILL_AREA(#19261);
#19261 = FILL_AREA_STYLE('',(#19262));
#19262 = FILL_AREA_STYLE_COLOUR('',#19185);
#19263 = STYLED_ITEM('color',(#19264),#2108);
#19264 = PRESENTATION_STYLE_ASSIGNMENT((#19265));
#19265 = SURFACE_STYLE_USAGE(.BOTH.,#19266);
#19266 = SURFACE_SIDE_STYLE('',(#19267));
#19267 = SURFACE_STYLE_FILL_AREA(#19268);
#19268 = FILL_AREA_STYLE('',(#19269));
#19269 = FILL_AREA_STYLE_COLOUR('',#19185);
#19270 = STYLED_ITEM('color',(#19271),#2139);
#19271 = PRESENTATION_STYLE_ASSIGNMENT((#19272));
#19272 = SURFACE_STYLE_USAGE(.BOTH.,#19273);
#19273 = SURFACE_SIDE_STYLE('',(#19274));
#19274 = SURFACE_STYLE_FILL_AREA(#19275);
#19275 = FILL_AREA_STYLE('',(#19276));
#19276 = FILL_AREA_STYLE_COLOUR('',#19185);
#19277 = STYLED_ITEM('color',(#19278),#2163);
#19278 = PRESENTATION_STYLE_ASSIGNMENT((#19279));
#19279 = SURFACE_STYLE_USAGE(.BOTH.,#19280);
#19280 = SURFACE_SIDE_STYLE('',(#19281));
#19281 = SURFACE_STYLE_FILL_AREA(#19282);
#19282 = FILL_AREA_STYLE('',(#19283));
#19283 = FILL_AREA_STYLE_COLOUR('',#19185);
#19284 = STYLED_ITEM('color',(#19285),#2187);
#19285 = PRESENTATION_STYLE_ASSIGNMENT((#19286));
#19286 = SURFACE_STYLE_USAGE(.BOTH.,#19287);
#19287 = SURFACE_SIDE_STYLE('',(#19288));
#19288 = SURFACE_STYLE_FILL_AREA(#19289);
#19289 = FILL_AREA_STYLE('',(#19290));
#19290 = FILL_AREA_STYLE_COLOUR('',#19185);
#19291 = STYLED_ITEM('color',(#19292),#2204);
#19292 = PRESENTATION_STYLE_ASSIGNMENT((#19293));
#19293 = SURFACE_STYLE_USAGE(.BOTH.,#19294);
#19294 = SURFACE_SIDE_STYLE('',(#19295));
#19295 = SURFACE_STYLE_FILL_AREA(#19296);
#19296 = FILL_AREA_STYLE('',(#19297));
#19297 = FILL_AREA_STYLE_COLOUR('',#19185);
#19298 = STYLED_ITEM('color',(#19299),#2235);
#19299 = PRESENTATION_STYLE_ASSIGNMENT((#19300));
#19300 = SURFACE_STYLE_USAGE(.BOTH.,#19301);
#19301 = SURFACE_SIDE_STYLE('',(#19302));
#19302 = SURFACE_STYLE_FILL_AREA(#19303);
#19303 = FILL_AREA_STYLE('',(#19304));
#19304 = FILL_AREA_STYLE_COLOUR('',#19185);
#19305 = STYLED_ITEM('color',(#19306),#2259);
#19306 = PRESENTATION_STYLE_ASSIGNMENT((#19307));
#19307 = SURFACE_STYLE_USAGE(.BOTH.,#19308);
#19308 = SURFACE_SIDE_STYLE('',(#19309));
#19309 = SURFACE_STYLE_FILL_AREA(#19310);
#19310 = FILL_AREA_STYLE('',(#19311));
#19311 = FILL_AREA_STYLE_COLOUR('',#19185);
#19312 = STYLED_ITEM('color',(#19313),#2283);
#19313 = PRESENTATION_STYLE_ASSIGNMENT((#19314));
#19314 = SURFACE_STYLE_USAGE(.BOTH.,#19315);
#19315 = SURFACE_SIDE_STYLE('',(#19316));
#19316 = SURFACE_STYLE_FILL_AREA(#19317);
#19317 = FILL_AREA_STYLE('',(#19318));
#19318 = FILL_AREA_STYLE_COLOUR('',#19185);
#19319 = STYLED_ITEM('color',(#19320),#2300);
#19320 = PRESENTATION_STYLE_ASSIGNMENT((#19321));
#19321 = SURFACE_STYLE_USAGE(.BOTH.,#19322);
#19322 = SURFACE_SIDE_STYLE('',(#19323));
#19323 = SURFACE_STYLE_FILL_AREA(#19324);
#19324 = FILL_AREA_STYLE('',(#19325));
#19325 = FILL_AREA_STYLE_COLOUR('',#19185);
#19326 = STYLED_ITEM('color',(#19327),#2331);
#19327 = PRESENTATION_STYLE_ASSIGNMENT((#19328));
#19328 = SURFACE_STYLE_USAGE(.BOTH.,#19329);
#19329 = SURFACE_SIDE_STYLE('',(#19330));
#19330 = SURFACE_STYLE_FILL_AREA(#19331);
#19331 = FILL_AREA_STYLE('',(#19332));
#19332 = FILL_AREA_STYLE_COLOUR('',#19185);
#19333 = STYLED_ITEM('color',(#19334),#2355);
#19334 = PRESENTATION_STYLE_ASSIGNMENT((#19335));
#19335 = SURFACE_STYLE_USAGE(.BOTH.,#19336);
#19336 = SURFACE_SIDE_STYLE('',(#19337));
#19337 = SURFACE_STYLE_FILL_AREA(#19338);
#19338 = FILL_AREA_STYLE('',(#19339));
#19339 = FILL_AREA_STYLE_COLOUR('',#19185);
#19340 = STYLED_ITEM('color',(#19341),#2379);
#19341 = PRESENTATION_STYLE_ASSIGNMENT((#19342));
#19342 = SURFACE_STYLE_USAGE(.BOTH.,#19343);
#19343 = SURFACE_SIDE_STYLE('',(#19344));
#19344 = SURFACE_STYLE_FILL_AREA(#19345);
#19345 = FILL_AREA_STYLE('',(#19346));
#19346 = FILL_AREA_STYLE_COLOUR('',#19185);
#19347 = STYLED_ITEM('color',(#19348),#2396);
#19348 = PRESENTATION_STYLE_ASSIGNMENT((#19349));
#19349 = SURFACE_STYLE_USAGE(.BOTH.,#19350);
#19350 = SURFACE_SIDE_STYLE('',(#19351));
#19351 = SURFACE_STYLE_FILL_AREA(#19352);
#19352 = FILL_AREA_STYLE('',(#19353));
#19353 = FILL_AREA_STYLE_COLOUR('',#19185);
#19354 = STYLED_ITEM('color',(#19355),#2427);
#19355 = PRESENTATION_STYLE_ASSIGNMENT((#19356));
#19356 = SURFACE_STYLE_USAGE(.BOTH.,#19357);
#19357 = SURFACE_SIDE_STYLE('',(#19358));
#19358 = SURFACE_STYLE_FILL_AREA(#19359);
#19359 = FILL_AREA_STYLE('',(#19360));
#19360 = FILL_AREA_STYLE_COLOUR('',#19185);
#19361 = STYLED_ITEM('color',(#19362),#2451);
#19362 = PRESENTATION_STYLE_ASSIGNMENT((#19363));
#19363 = SURFACE_STYLE_USAGE(.BOTH.,#19364);
#19364 = SURFACE_SIDE_STYLE('',(#19365));
#19365 = SURFACE_STYLE_FILL_AREA(#19366);
#19366 = FILL_AREA_STYLE('',(#19367));
#19367 = FILL_AREA_STYLE_COLOUR('',#19185);
#19368 = STYLED_ITEM('color',(#19369),#2475);
#19369 = PRESENTATION_STYLE_ASSIGNMENT((#19370));
#19370 = SURFACE_STYLE_USAGE(.BOTH.,#19371);
#19371 = SURFACE_SIDE_STYLE('',(#19372));
#19372 = SURFACE_STYLE_FILL_AREA(#19373);
#19373 = FILL_AREA_STYLE('',(#19374));
#19374 = FILL_AREA_STYLE_COLOUR('',#19185);
#19375 = STYLED_ITEM('color',(#19376),#2492);
#19376 = PRESENTATION_STYLE_ASSIGNMENT((#19377));
#19377 = SURFACE_STYLE_USAGE(.BOTH.,#19378);
#19378 = SURFACE_SIDE_STYLE('',(#19379));
#19379 = SURFACE_STYLE_FILL_AREA(#19380);
#19380 = FILL_AREA_STYLE('',(#19381));
#19381 = FILL_AREA_STYLE_COLOUR('',#19185);
#19382 = STYLED_ITEM('color',(#19383),#2523);
#19383 = PRESENTATION_STYLE_ASSIGNMENT((#19384));
#19384 = SURFACE_STYLE_USAGE(.BOTH.,#19385);
#19385 = SURFACE_SIDE_STYLE('',(#19386));
#19386 = SURFACE_STYLE_FILL_AREA(#19387);
#19387 = FILL_AREA_STYLE('',(#19388));
#19388 = FILL_AREA_STYLE_COLOUR('',#19185);
#19389 = STYLED_ITEM('color',(#19390),#2547);
#19390 = PRESENTATION_STYLE_ASSIGNMENT((#19391));
#19391 = SURFACE_STYLE_USAGE(.BOTH.,#19392);
#19392 = SURFACE_SIDE_STYLE('',(#19393));
#19393 = SURFACE_STYLE_FILL_AREA(#19394);
#19394 = FILL_AREA_STYLE('',(#19395));
#19395 = FILL_AREA_STYLE_COLOUR('',#19185);
#19396 = STYLED_ITEM('color',(#19397),#2571);
#19397 = PRESENTATION_STYLE_ASSIGNMENT((#19398));
#19398 = SURFACE_STYLE_USAGE(.BOTH.,#19399);
#19399 = SURFACE_SIDE_STYLE('',(#19400));
#19400 = SURFACE_STYLE_FILL_AREA(#19401);
#19401 = FILL_AREA_STYLE('',(#19402));
#19402 = FILL_AREA_STYLE_COLOUR('',#19185);
#19403 = STYLED_ITEM('color',(#19404),#2588);
#19404 = PRESENTATION_STYLE_ASSIGNMENT((#19405));
#19405 = SURFACE_STYLE_USAGE(.BOTH.,#19406);
#19406 = SURFACE_SIDE_STYLE('',(#19407));
#19407 = SURFACE_STYLE_FILL_AREA(#19408);
#19408 = FILL_AREA_STYLE('',(#19409));
#19409 = FILL_AREA_STYLE_COLOUR('',#19185);
#19410 = STYLED_ITEM('color',(#19411),#2619);
#19411 = PRESENTATION_STYLE_ASSIGNMENT((#19412));
#19412 = SURFACE_STYLE_USAGE(.BOTH.,#19413);
#19413 = SURFACE_SIDE_STYLE('',(#19414));
#19414 = SURFACE_STYLE_FILL_AREA(#19415);
#19415 = FILL_AREA_STYLE('',(#19416));
#19416 = FILL_AREA_STYLE_COLOUR('',#19185);
#19417 = STYLED_ITEM('color',(#19418),#2643);
#19418 = PRESENTATION_STYLE_ASSIGNMENT((#19419));
#19419 = SURFACE_STYLE_USAGE(.BOTH.,#19420);
#19420 = SURFACE_SIDE_STYLE('',(#19421));
#19421 = SURFACE_STYLE_FILL_AREA(#19422);
#19422 = FILL_AREA_STYLE('',(#19423));
#19423 = FILL_AREA_STYLE_COLOUR('',#19185);
#19424 = STYLED_ITEM('color',(#19425),#2667);
#19425 = PRESENTATION_STYLE_ASSIGNMENT((#19426));
#19426 = SURFACE_STYLE_USAGE(.BOTH.,#19427);
#19427 = SURFACE_SIDE_STYLE('',(#19428));
#19428 = SURFACE_STYLE_FILL_AREA(#19429);
#19429 = FILL_AREA_STYLE('',(#19430));
#19430 = FILL_AREA_STYLE_COLOUR('',#19185);
#19431 = STYLED_ITEM('color',(#19432),#2684);
#19432 = PRESENTATION_STYLE_ASSIGNMENT((#19433));
#19433 = SURFACE_STYLE_USAGE(.BOTH.,#19434);
#19434 = SURFACE_SIDE_STYLE('',(#19435));
#19435 = SURFACE_STYLE_FILL_AREA(#19436);
#19436 = FILL_AREA_STYLE('',(#19437));
#19437 = FILL_AREA_STYLE_COLOUR('',#19185);
#19438 = STYLED_ITEM('color',(#19439),#2715);
#19439 = PRESENTATION_STYLE_ASSIGNMENT((#19440));
#19440 = SURFACE_STYLE_USAGE(.BOTH.,#19441);
#19441 = SURFACE_SIDE_STYLE('',(#19442));
#19442 = SURFACE_STYLE_FILL_AREA(#19443);
#19443 = FILL_AREA_STYLE('',(#19444));
#19444 = FILL_AREA_STYLE_COLOUR('',#19185);
#19445 = STYLED_ITEM('color',(#19446),#2739);
#19446 = PRESENTATION_STYLE_ASSIGNMENT((#19447));
#19447 = SURFACE_STYLE_USAGE(.BOTH.,#19448);
#19448 = SURFACE_SIDE_STYLE('',(#19449));
#19449 = SURFACE_STYLE_FILL_AREA(#19450);
#19450 = FILL_AREA_STYLE('',(#19451));
#19451 = FILL_AREA_STYLE_COLOUR('',#19185);
#19452 = STYLED_ITEM('color',(#19453),#2763);
#19453 = PRESENTATION_STYLE_ASSIGNMENT((#19454));
#19454 = SURFACE_STYLE_USAGE(.BOTH.,#19455);
#19455 = SURFACE_SIDE_STYLE('',(#19456));
#19456 = SURFACE_STYLE_FILL_AREA(#19457);
#19457 = FILL_AREA_STYLE('',(#19458));
#19458 = FILL_AREA_STYLE_COLOUR('',#19185);
#19459 = STYLED_ITEM('color',(#19460),#2780);
#19460 = PRESENTATION_STYLE_ASSIGNMENT((#19461));
#19461 = SURFACE_STYLE_USAGE(.BOTH.,#19462);
#19462 = SURFACE_SIDE_STYLE('',(#19463));
#19463 = SURFACE_STYLE_FILL_AREA(#19464);
#19464 = FILL_AREA_STYLE('',(#19465));
#19465 = FILL_AREA_STYLE_COLOUR('',#19185);
#19466 = STYLED_ITEM('color',(#19467),#2811);
#19467 = PRESENTATION_STYLE_ASSIGNMENT((#19468));
#19468 = SURFACE_STYLE_USAGE(.BOTH.,#19469);
#19469 = SURFACE_SIDE_STYLE('',(#19470));
#19470 = SURFACE_STYLE_FILL_AREA(#19471);
#19471 = FILL_AREA_STYLE('',(#19472));
#19472 = FILL_AREA_STYLE_COLOUR('',#19185);
#19473 = STYLED_ITEM('color',(#19474),#2835);
#19474 = PRESENTATION_STYLE_ASSIGNMENT((#19475));
#19475 = SURFACE_STYLE_USAGE(.BOTH.,#19476);
#19476 = SURFACE_SIDE_STYLE('',(#19477));
#19477 = SURFACE_STYLE_FILL_AREA(#19478);
#19478 = FILL_AREA_STYLE('',(#19479));
#19479 = FILL_AREA_STYLE_COLOUR('',#19185);
#19480 = STYLED_ITEM('color',(#19481),#2859);
#19481 = PRESENTATION_STYLE_ASSIGNMENT((#19482));
#19482 = SURFACE_STYLE_USAGE(.BOTH.,#19483);
#19483 = SURFACE_SIDE_STYLE('',(#19484));
#19484 = SURFACE_STYLE_FILL_AREA(#19485);
#19485 = FILL_AREA_STYLE('',(#19486));
#19486 = FILL_AREA_STYLE_COLOUR('',#19185);
#19487 = STYLED_ITEM('color',(#19488),#2876);
#19488 = PRESENTATION_STYLE_ASSIGNMENT((#19489));
#19489 = SURFACE_STYLE_USAGE(.BOTH.,#19490);
#19490 = SURFACE_SIDE_STYLE('',(#19491));
#19491 = SURFACE_STYLE_FILL_AREA(#19492);
#19492 = FILL_AREA_STYLE('',(#19493));
#19493 = FILL_AREA_STYLE_COLOUR('',#19185);
#19494 = STYLED_ITEM('color',(#19495),#2907);
#19495 = PRESENTATION_STYLE_ASSIGNMENT((#19496));
#19496 = SURFACE_STYLE_USAGE(.BOTH.,#19497);
#19497 = SURFACE_SIDE_STYLE('',(#19498));
#19498 = SURFACE_STYLE_FILL_AREA(#19499);
#19499 = FILL_AREA_STYLE('',(#19500));
#19500 = FILL_AREA_STYLE_COLOUR('',#19185);
#19501 = STYLED_ITEM('color',(#19502),#2931);
#19502 = PRESENTATION_STYLE_ASSIGNMENT((#19503));
#19503 = SURFACE_STYLE_USAGE(.BOTH.,#19504);
#19504 = SURFACE_SIDE_STYLE('',(#19505));
#19505 = SURFACE_STYLE_FILL_AREA(#19506);
#19506 = FILL_AREA_STYLE('',(#19507));
#19507 = FILL_AREA_STYLE_COLOUR('',#19185);
#19508 = STYLED_ITEM('color',(#19509),#2955);
#19509 = PRESENTATION_STYLE_ASSIGNMENT((#19510));
#19510 = SURFACE_STYLE_USAGE(.BOTH.,#19511);
#19511 = SURFACE_SIDE_STYLE('',(#19512));
#19512 = SURFACE_STYLE_FILL_AREA(#19513);
#19513 = FILL_AREA_STYLE('',(#19514));
#19514 = FILL_AREA_STYLE_COLOUR('',#19185);
#19515 = STYLED_ITEM('color',(#19516),#2972);
#19516 = PRESENTATION_STYLE_ASSIGNMENT((#19517));
#19517 = SURFACE_STYLE_USAGE(.BOTH.,#19518);
#19518 = SURFACE_SIDE_STYLE('',(#19519));
#19519 = SURFACE_STYLE_FILL_AREA(#19520);
#19520 = FILL_AREA_STYLE('',(#19521));
#19521 = FILL_AREA_STYLE_COLOUR('',#19185);
#19522 = STYLED_ITEM('color',(#19523),#2984);
#19523 = PRESENTATION_STYLE_ASSIGNMENT((#19524));
#19524 = SURFACE_STYLE_USAGE(.BOTH.,#19525);
#19525 = SURFACE_SIDE_STYLE('',(#19526));
#19526 = SURFACE_STYLE_FILL_AREA(#19527);
#19527 = FILL_AREA_STYLE('',(#19528));
#19528 = FILL_AREA_STYLE_COLOUR('',#19185);
#19529 = STYLED_ITEM('color',(#19530),#2996);
#19530 = PRESENTATION_STYLE_ASSIGNMENT((#19531));
#19531 = SURFACE_STYLE_USAGE(.BOTH.,#19532);
#19532 = SURFACE_SIDE_STYLE('',(#19533));
#19533 = SURFACE_STYLE_FILL_AREA(#19534);
#19534 = FILL_AREA_STYLE('',(#19535));
#19535 = FILL_AREA_STYLE_COLOUR('',#19185);
#19536 = STYLED_ITEM('color',(#19537),#3008);
#19537 = PRESENTATION_STYLE_ASSIGNMENT((#19538));
#19538 = SURFACE_STYLE_USAGE(.BOTH.,#19539);
#19539 = SURFACE_SIDE_STYLE('',(#19540));
#19540 = SURFACE_STYLE_FILL_AREA(#19541);
#19541 = FILL_AREA_STYLE('',(#19542));
#19542 = FILL_AREA_STYLE_COLOUR('',#19185);
#19543 = STYLED_ITEM('color',(#19544),#3020);
#19544 = PRESENTATION_STYLE_ASSIGNMENT((#19545));
#19545 = SURFACE_STYLE_USAGE(.BOTH.,#19546);
#19546 = SURFACE_SIDE_STYLE('',(#19547));
#19547 = SURFACE_STYLE_FILL_AREA(#19548);
#19548 = FILL_AREA_STYLE('',(#19549));
#19549 = FILL_AREA_STYLE_COLOUR('',#19185);
#19550 = STYLED_ITEM('color',(#19551),#3032);
#19551 = PRESENTATION_STYLE_ASSIGNMENT((#19552));
#19552 = SURFACE_STYLE_USAGE(.BOTH.,#19553);
#19553 = SURFACE_SIDE_STYLE('',(#19554));
#19554 = SURFACE_STYLE_FILL_AREA(#19555);
#19555 = FILL_AREA_STYLE('',(#19556));
#19556 = FILL_AREA_STYLE_COLOUR('',#19185);
#19557 = MECHANICAL_DESIGN_GEOMETRIC_PRESENTATION_REPRESENTATION('',(
    #19558,#19565,#19572,#19579,#19586,#19593,#19600,#19607,#19614,
    #19621,#19628,#19635,#19642,#19649,#19656,#19663,#19670,#19677,
    #19684,#19691,#19698,#19705,#19712,#19719,#19726,#19733,#19740,
    #19747,#19754,#19761,#19768,#19775,#19782,#19789,#19796,#19803,
    #19810,#19817,#19824,#19831,#19838,#19845,#19852,#19859,#19866,
    #19873,#19880,#19887,#19894,#19901,#19908,#19915),#4495);
#19558 = STYLED_ITEM('color',(#19559),#3065);
#19559 = PRESENTATION_STYLE_ASSIGNMENT((#19560));
#19560 = SURFACE_STYLE_USAGE(.BOTH.,#19561);
#19561 = SURFACE_SIDE_STYLE('',(#19562));
#19562 = SURFACE_STYLE_FILL_AREA(#19563);
#19563 = FILL_AREA_STYLE('',(#19564));
#19564 = FILL_AREA_STYLE_COLOUR('',#19030);
#19565 = STYLED_ITEM('color',(#19566),#3105);
#19566 = PRESENTATION_STYLE_ASSIGNMENT((#19567));
#19567 = SURFACE_STYLE_USAGE(.BOTH.,#19568);
#19568 = SURFACE_SIDE_STYLE('',(#19569));
#19569 = SURFACE_STYLE_FILL_AREA(#19570);
#19570 = FILL_AREA_STYLE('',(#19571));
#19571 = FILL_AREA_STYLE_COLOUR('',#19030);
#19572 = STYLED_ITEM('color',(#19573),#3136);
#19573 = PRESENTATION_STYLE_ASSIGNMENT((#19574));
#19574 = SURFACE_STYLE_USAGE(.BOTH.,#19575);
#19575 = SURFACE_SIDE_STYLE('',(#19576));
#19576 = SURFACE_STYLE_FILL_AREA(#19577);
#19577 = FILL_AREA_STYLE('',(#19578));
#19578 = FILL_AREA_STYLE_COLOUR('',#19030);
#19579 = STYLED_ITEM('color',(#19580),#3167);
#19580 = PRESENTATION_STYLE_ASSIGNMENT((#19581));
#19581 = SURFACE_STYLE_USAGE(.BOTH.,#19582);
#19582 = SURFACE_SIDE_STYLE('',(#19583));
#19583 = SURFACE_STYLE_FILL_AREA(#19584);
#19584 = FILL_AREA_STYLE('',(#19585));
#19585 = FILL_AREA_STYLE_COLOUR('',#19030);
#19586 = STYLED_ITEM('color',(#19587),#3332);
#19587 = PRESENTATION_STYLE_ASSIGNMENT((#19588));
#19588 = SURFACE_STYLE_USAGE(.BOTH.,#19589);
#19589 = SURFACE_SIDE_STYLE('',(#19590));
#19590 = SURFACE_STYLE_FILL_AREA(#19591);
#19591 = FILL_AREA_STYLE('',(#19592));
#19592 = FILL_AREA_STYLE_COLOUR('',#19030);
#19593 = STYLED_ITEM('color',(#19594),#3497);
#19594 = PRESENTATION_STYLE_ASSIGNMENT((#19595));
#19595 = SURFACE_STYLE_USAGE(.BOTH.,#19596);
#19596 = SURFACE_SIDE_STYLE('',(#19597));
#19597 = SURFACE_STYLE_FILL_AREA(#19598);
#19598 = FILL_AREA_STYLE('',(#19599));
#19599 = FILL_AREA_STYLE_COLOUR('',#19030);
#19600 = STYLED_ITEM('color',(#19601),#3514);
#19601 = PRESENTATION_STYLE_ASSIGNMENT((#19602));
#19602 = SURFACE_STYLE_USAGE(.BOTH.,#19603);
#19603 = SURFACE_SIDE_STYLE('',(#19604));
#19604 = SURFACE_STYLE_FILL_AREA(#19605);
#19605 = FILL_AREA_STYLE('',(#19606));
#19606 = FILL_AREA_STYLE_COLOUR('',#19030);
#19607 = STYLED_ITEM('color',(#19608),#3531);
#19608 = PRESENTATION_STYLE_ASSIGNMENT((#19609));
#19609 = SURFACE_STYLE_USAGE(.BOTH.,#19610);
#19610 = SURFACE_SIDE_STYLE('',(#19611));
#19611 = SURFACE_STYLE_FILL_AREA(#19612);
#19612 = FILL_AREA_STYLE('',(#19613));
#19613 = FILL_AREA_STYLE_COLOUR('',#19030);
#19614 = STYLED_ITEM('color',(#19615),#3548);
#19615 = PRESENTATION_STYLE_ASSIGNMENT((#19616));
#19616 = SURFACE_STYLE_USAGE(.BOTH.,#19617);
#19617 = SURFACE_SIDE_STYLE('',(#19618));
#19618 = SURFACE_STYLE_FILL_AREA(#19619);
#19619 = FILL_AREA_STYLE('',(#19620));
#19620 = FILL_AREA_STYLE_COLOUR('',#19030);
#19621 = STYLED_ITEM('color',(#19622),#3565);
#19622 = PRESENTATION_STYLE_ASSIGNMENT((#19623));
#19623 = SURFACE_STYLE_USAGE(.BOTH.,#19624);
#19624 = SURFACE_SIDE_STYLE('',(#19625));
#19625 = SURFACE_STYLE_FILL_AREA(#19626);
#19626 = FILL_AREA_STYLE('',(#19627));
#19627 = FILL_AREA_STYLE_COLOUR('',#19030);
#19628 = STYLED_ITEM('color',(#19629),#3582);
#19629 = PRESENTATION_STYLE_ASSIGNMENT((#19630));
#19630 = SURFACE_STYLE_USAGE(.BOTH.,#19631);
#19631 = SURFACE_SIDE_STYLE('',(#19632));
#19632 = SURFACE_STYLE_FILL_AREA(#19633);
#19633 = FILL_AREA_STYLE('',(#19634));
#19634 = FILL_AREA_STYLE_COLOUR('',#19030);
#19635 = STYLED_ITEM('color',(#19636),#3599);
#19636 = PRESENTATION_STYLE_ASSIGNMENT((#19637));
#19637 = SURFACE_STYLE_USAGE(.BOTH.,#19638);
#19638 = SURFACE_SIDE_STYLE('',(#19639));
#19639 = SURFACE_STYLE_FILL_AREA(#19640);
#19640 = FILL_AREA_STYLE('',(#19641));
#19641 = FILL_AREA_STYLE_COLOUR('',#19030);
#19642 = STYLED_ITEM('color',(#19643),#3616);
#19643 = PRESENTATION_STYLE_ASSIGNMENT((#19644));
#19644 = SURFACE_STYLE_USAGE(.BOTH.,#19645);
#19645 = SURFACE_SIDE_STYLE('',(#19646));
#19646 = SURFACE_STYLE_FILL_AREA(#19647);
#19647 = FILL_AREA_STYLE('',(#19648));
#19648 = FILL_AREA_STYLE_COLOUR('',#19030);
#19649 = STYLED_ITEM('color',(#19650),#3633);
#19650 = PRESENTATION_STYLE_ASSIGNMENT((#19651));
#19651 = SURFACE_STYLE_USAGE(.BOTH.,#19652);
#19652 = SURFACE_SIDE_STYLE('',(#19653));
#19653 = SURFACE_STYLE_FILL_AREA(#19654);
#19654 = FILL_AREA_STYLE('',(#19655));
#19655 = FILL_AREA_STYLE_COLOUR('',#19030);
#19656 = STYLED_ITEM('color',(#19657),#3650);
#19657 = PRESENTATION_STYLE_ASSIGNMENT((#19658));
#19658 = SURFACE_STYLE_USAGE(.BOTH.,#19659);
#19659 = SURFACE_SIDE_STYLE('',(#19660));
#19660 = SURFACE_STYLE_FILL_AREA(#19661);
#19661 = FILL_AREA_STYLE('',(#19662));
#19662 = FILL_AREA_STYLE_COLOUR('',#19030);
#19663 = STYLED_ITEM('color',(#19664),#3667);
#19664 = PRESENTATION_STYLE_ASSIGNMENT((#19665));
#19665 = SURFACE_STYLE_USAGE(.BOTH.,#19666);
#19666 = SURFACE_SIDE_STYLE('',(#19667));
#19667 = SURFACE_STYLE_FILL_AREA(#19668);
#19668 = FILL_AREA_STYLE('',(#19669));
#19669 = FILL_AREA_STYLE_COLOUR('',#19030);
#19670 = STYLED_ITEM('color',(#19671),#3679);
#19671 = PRESENTATION_STYLE_ASSIGNMENT((#19672));
#19672 = SURFACE_STYLE_USAGE(.BOTH.,#19673);
#19673 = SURFACE_SIDE_STYLE('',(#19674));
#19674 = SURFACE_STYLE_FILL_AREA(#19675);
#19675 = FILL_AREA_STYLE('',(#19676));
#19676 = FILL_AREA_STYLE_COLOUR('',#19185);
#19677 = STYLED_ITEM('color',(#19678),#3710);
#19678 = PRESENTATION_STYLE_ASSIGNMENT((#19679));
#19679 = SURFACE_STYLE_USAGE(.BOTH.,#19680);
#19680 = SURFACE_SIDE_STYLE('',(#19681));
#19681 = SURFACE_STYLE_FILL_AREA(#19682);
#19682 = FILL_AREA_STYLE('',(#19683));
#19683 = FILL_AREA_STYLE_COLOUR('',#19185);
#19684 = STYLED_ITEM('color',(#19685),#3734);
#19685 = PRESENTATION_STYLE_ASSIGNMENT((#19686));
#19686 = SURFACE_STYLE_USAGE(.BOTH.,#19687);
#19687 = SURFACE_SIDE_STYLE('',(#19688));
#19688 = SURFACE_STYLE_FILL_AREA(#19689);
#19689 = FILL_AREA_STYLE('',(#19690));
#19690 = FILL_AREA_STYLE_COLOUR('',#19185);
#19691 = STYLED_ITEM('color',(#19692),#3758);
#19692 = PRESENTATION_STYLE_ASSIGNMENT((#19693));
#19693 = SURFACE_STYLE_USAGE(.BOTH.,#19694);
#19694 = SURFACE_SIDE_STYLE('',(#19695));
#19695 = SURFACE_STYLE_FILL_AREA(#19696);
#19696 = FILL_AREA_STYLE('',(#19697));
#19697 = FILL_AREA_STYLE_COLOUR('',#19185);
#19698 = STYLED_ITEM('color',(#19699),#3775);
#19699 = PRESENTATION_STYLE_ASSIGNMENT((#19700));
#19700 = SURFACE_STYLE_USAGE(.BOTH.,#19701);
#19701 = SURFACE_SIDE_STYLE('',(#19702));
#19702 = SURFACE_STYLE_FILL_AREA(#19703);
#19703 = FILL_AREA_STYLE('',(#19704));
#19704 = FILL_AREA_STYLE_COLOUR('',#19185);
#19705 = STYLED_ITEM('color',(#19706),#3806);
#19706 = PRESENTATION_STYLE_ASSIGNMENT((#19707));
#19707 = SURFACE_STYLE_USAGE(.BOTH.,#19708);
#19708 = SURFACE_SIDE_STYLE('',(#19709));
#19709 = SURFACE_STYLE_FILL_AREA(#19710);
#19710 = FILL_AREA_STYLE('',(#19711));
#19711 = FILL_AREA_STYLE_COLOUR('',#19185);
#19712 = STYLED_ITEM('color',(#19713),#3830);
#19713 = PRESENTATION_STYLE_ASSIGNMENT((#19714));
#19714 = SURFACE_STYLE_USAGE(.BOTH.,#19715);
#19715 = SURFACE_SIDE_STYLE('',(#19716));
#19716 = SURFACE_STYLE_FILL_AREA(#19717);
#19717 = FILL_AREA_STYLE('',(#19718));
#19718 = FILL_AREA_STYLE_COLOUR('',#19185);
#19719 = STYLED_ITEM('color',(#19720),#3854);
#19720 = PRESENTATION_STYLE_ASSIGNMENT((#19721));
#19721 = SURFACE_STYLE_USAGE(.BOTH.,#19722);
#19722 = SURFACE_SIDE_STYLE('',(#19723));
#19723 = SURFACE_STYLE_FILL_AREA(#19724);
#19724 = FILL_AREA_STYLE('',(#19725));
#19725 = FILL_AREA_STYLE_COLOUR('',#19185);
#19726 = STYLED_ITEM('color',(#19727),#3871);
#19727 = PRESENTATION_STYLE_ASSIGNMENT((#19728));
#19728 = SURFACE_STYLE_USAGE(.BOTH.,#19729);
#19729 = SURFACE_SIDE_STYLE('',(#19730));
#19730 = SURFACE_STYLE_FILL_AREA(#19731);
#19731 = FILL_AREA_STYLE('',(#19732));
#19732 = FILL_AREA_STYLE_COLOUR('',#19185);
#19733 = STYLED_ITEM('color',(#19734),#3902);
#19734 = PRESENTATION_STYLE_ASSIGNMENT((#19735));
#19735 = SURFACE_STYLE_USAGE(.BOTH.,#19736);
#19736 = SURFACE_SIDE_STYLE('',(#19737));
#19737 = SURFACE_STYLE_FILL_AREA(#19738);
#19738 = FILL_AREA_STYLE('',(#19739));
#19739 = FILL_AREA_STYLE_COLOUR('',#19185);
#19740 = STYLED_ITEM('color',(#19741),#3926);
#19741 = PRESENTATION_STYLE_ASSIGNMENT((#19742));
#19742 = SURFACE_STYLE_USAGE(.BOTH.,#19743);
#19743 = SURFACE_SIDE_STYLE('',(#19744));
#19744 = SURFACE_STYLE_FILL_AREA(#19745);
#19745 = FILL_AREA_STYLE('',(#19746));
#19746 = FILL_AREA_STYLE_COLOUR('',#19185);
#19747 = STYLED_ITEM('color',(#19748),#3950);
#19748 = PRESENTATION_STYLE_ASSIGNMENT((#19749));
#19749 = SURFACE_STYLE_USAGE(.BOTH.,#19750);
#19750 = SURFACE_SIDE_STYLE('',(#19751));
#19751 = SURFACE_STYLE_FILL_AREA(#19752);
#19752 = FILL_AREA_STYLE('',(#19753));
#19753 = FILL_AREA_STYLE_COLOUR('',#19185);
#19754 = STYLED_ITEM('color',(#19755),#3967);
#19755 = PRESENTATION_STYLE_ASSIGNMENT((#19756));
#19756 = SURFACE_STYLE_USAGE(.BOTH.,#19757);
#19757 = SURFACE_SIDE_STYLE('',(#19758));
#19758 = SURFACE_STYLE_FILL_AREA(#19759);
#19759 = FILL_AREA_STYLE('',(#19760));
#19760 = FILL_AREA_STYLE_COLOUR('',#19185);
#19761 = STYLED_ITEM('color',(#19762),#3998);
#19762 = PRESENTATION_STYLE_ASSIGNMENT((#19763));
#19763 = SURFACE_STYLE_USAGE(.BOTH.,#19764);
#19764 = SURFACE_SIDE_STYLE('',(#19765));
#19765 = SURFACE_STYLE_FILL_AREA(#19766);
#19766 = FILL_AREA_STYLE('',(#19767));
#19767 = FILL_AREA_STYLE_COLOUR('',#19185);
#19768 = STYLED_ITEM('color',(#19769),#4022);
#19769 = PRESENTATION_STYLE_ASSIGNMENT((#19770));
#19770 = SURFACE_STYLE_USAGE(.BOTH.,#19771);
#19771 = SURFACE_SIDE_STYLE('',(#19772));
#19772 = SURFACE_STYLE_FILL_AREA(#19773);
#19773 = FILL_AREA_STYLE('',(#19774));
#19774 = FILL_AREA_STYLE_COLOUR('',#19185);
#19775 = STYLED_ITEM('color',(#19776),#4046);
#19776 = PRESENTATION_STYLE_ASSIGNMENT((#19777));
#19777 = SURFACE_STYLE_USAGE(.BOTH.,#19778);
#19778 = SURFACE_SIDE_STYLE('',(#19779));
#19779 = SURFACE_STYLE_FILL_AREA(#19780);
#19780 = FILL_AREA_STYLE('',(#19781));
#19781 = FILL_AREA_STYLE_COLOUR('',#19185);
#19782 = STYLED_ITEM('color',(#19783),#4063);
#19783 = PRESENTATION_STYLE_ASSIGNMENT((#19784));
#19784 = SURFACE_STYLE_USAGE(.BOTH.,#19785);
#19785 = SURFACE_SIDE_STYLE('',(#19786));
#19786 = SURFACE_STYLE_FILL_AREA(#19787);
#19787 = FILL_AREA_STYLE('',(#19788));
#19788 = FILL_AREA_STYLE_COLOUR('',#19185);
#19789 = STYLED_ITEM('color',(#19790),#4094);
#19790 = PRESENTATION_STYLE_ASSIGNMENT((#19791));
#19791 = SURFACE_STYLE_USAGE(.BOTH.,#19792);
#19792 = SURFACE_SIDE_STYLE('',(#19793));
#19793 = SURFACE_STYLE_FILL_AREA(#19794);
#19794 = FILL_AREA_STYLE('',(#19795));
#19795 = FILL_AREA_STYLE_COLOUR('',#19185);
#19796 = STYLED_ITEM('color',(#19797),#4118);
#19797 = PRESENTATION_STYLE_ASSIGNMENT((#19798));
#19798 = SURFACE_STYLE_USAGE(.BOTH.,#19799);
#19799 = SURFACE_SIDE_STYLE('',(#19800));
#19800 = SURFACE_STYLE_FILL_AREA(#19801);
#19801 = FILL_AREA_STYLE('',(#19802));
#19802 = FILL_AREA_STYLE_COLOUR('',#19185);
#19803 = STYLED_ITEM('color',(#19804),#4142);
#19804 = PRESENTATION_STYLE_ASSIGNMENT((#19805));
#19805 = SURFACE_STYLE_USAGE(.BOTH.,#19806);
#19806 = SURFACE_SIDE_STYLE('',(#19807));
#19807 = SURFACE_STYLE_FILL_AREA(#19808);
#19808 = FILL_AREA_STYLE('',(#19809));
#19809 = FILL_AREA_STYLE_COLOUR('',#19185);
#19810 = STYLED_ITEM('color',(#19811),#4159);
#19811 = PRESENTATION_STYLE_ASSIGNMENT((#19812));
#19812 = SURFACE_STYLE_USAGE(.BOTH.,#19813);
#19813 = SURFACE_SIDE_STYLE('',(#19814));
#19814 = SURFACE_STYLE_FILL_AREA(#19815);
#19815 = FILL_AREA_STYLE('',(#19816));
#19816 = FILL_AREA_STYLE_COLOUR('',#19185);
#19817 = STYLED_ITEM('color',(#19818),#4190);
#19818 = PRESENTATION_STYLE_ASSIGNMENT((#19819));
#19819 = SURFACE_STYLE_USAGE(.BOTH.,#19820);
#19820 = SURFACE_SIDE_STYLE('',(#19821));
#19821 = SURFACE_STYLE_FILL_AREA(#19822);
#19822 = FILL_AREA_STYLE('',(#19823));
#19823 = FILL_AREA_STYLE_COLOUR('',#19185);
#19824 = STYLED_ITEM('color',(#19825),#4214);
#19825 = PRESENTATION_STYLE_ASSIGNMENT((#19826));
#19826 = SURFACE_STYLE_USAGE(.BOTH.,#19827);
#19827 = SURFACE_SIDE_STYLE('',(#19828));
#19828 = SURFACE_STYLE_FILL_AREA(#19829);
#19829 = FILL_AREA_STYLE('',(#19830));
#19830 = FILL_AREA_STYLE_COLOUR('',#19185);
#19831 = STYLED_ITEM('color',(#19832),#4238);
#19832 = PRESENTATION_STYLE_ASSIGNMENT((#19833));
#19833 = SURFACE_STYLE_USAGE(.BOTH.,#19834);
#19834 = SURFACE_SIDE_STYLE('',(#19835));
#19835 = SURFACE_STYLE_FILL_AREA(#19836);
#19836 = FILL_AREA_STYLE('',(#19837));
#19837 = FILL_AREA_STYLE_COLOUR('',#19185);
#19838 = STYLED_ITEM('color',(#19839),#4255);
#19839 = PRESENTATION_STYLE_ASSIGNMENT((#19840));
#19840 = SURFACE_STYLE_USAGE(.BOTH.,#19841);
#19841 = SURFACE_SIDE_STYLE('',(#19842));
#19842 = SURFACE_STYLE_FILL_AREA(#19843);
#19843 = FILL_AREA_STYLE('',(#19844));
#19844 = FILL_AREA_STYLE_COLOUR('',#19185);
#19845 = STYLED_ITEM('color',(#19846),#4286);
#19846 = PRESENTATION_STYLE_ASSIGNMENT((#19847));
#19847 = SURFACE_STYLE_USAGE(.BOTH.,#19848);
#19848 = SURFACE_SIDE_STYLE('',(#19849));
#19849 = SURFACE_STYLE_FILL_AREA(#19850);
#19850 = FILL_AREA_STYLE('',(#19851));
#19851 = FILL_AREA_STYLE_COLOUR('',#19185);
#19852 = STYLED_ITEM('color',(#19853),#4310);
#19853 = PRESENTATION_STYLE_ASSIGNMENT((#19854));
#19854 = SURFACE_STYLE_USAGE(.BOTH.,#19855);
#19855 = SURFACE_SIDE_STYLE('',(#19856));
#19856 = SURFACE_STYLE_FILL_AREA(#19857);
#19857 = FILL_AREA_STYLE('',(#19858));
#19858 = FILL_AREA_STYLE_COLOUR('',#19185);
#19859 = STYLED_ITEM('color',(#19860),#4334);
#19860 = PRESENTATION_STYLE_ASSIGNMENT((#19861));
#19861 = SURFACE_STYLE_USAGE(.BOTH.,#19862);
#19862 = SURFACE_SIDE_STYLE('',(#19863));
#19863 = SURFACE_STYLE_FILL_AREA(#19864);
#19864 = FILL_AREA_STYLE('',(#19865));
#19865 = FILL_AREA_STYLE_COLOUR('',#19185);
#19866 = STYLED_ITEM('color',(#19867),#4351);
#19867 = PRESENTATION_STYLE_ASSIGNMENT((#19868));
#19868 = SURFACE_STYLE_USAGE(.BOTH.,#19869);
#19869 = SURFACE_SIDE_STYLE('',(#19870));
#19870 = SURFACE_STYLE_FILL_AREA(#19871);
#19871 = FILL_AREA_STYLE('',(#19872));
#19872 = FILL_AREA_STYLE_COLOUR('',#19185);
#19873 = STYLED_ITEM('color',(#19874),#4382);
#19874 = PRESENTATION_STYLE_ASSIGNMENT((#19875));
#19875 = SURFACE_STYLE_USAGE(.BOTH.,#19876);
#19876 = SURFACE_SIDE_STYLE('',(#19877));
#19877 = SURFACE_STYLE_FILL_AREA(#19878);
#19878 = FILL_AREA_STYLE('',(#19879));
#19879 = FILL_AREA_STYLE_COLOUR('',#19185);
#19880 = STYLED_ITEM('color',(#19881),#4406);
#19881 = PRESENTATION_STYLE_ASSIGNMENT((#19882));
#19882 = SURFACE_STYLE_USAGE(.BOTH.,#19883);
#19883 = SURFACE_SIDE_STYLE('',(#19884));
#19884 = SURFACE_STYLE_FILL_AREA(#19885);
#19885 = FILL_AREA_STYLE('',(#19886));
#19886 = FILL_AREA_STYLE_COLOUR('',#19185);
#19887 = STYLED_ITEM('color',(#19888),#4430);
#19888 = PRESENTATION_STYLE_ASSIGNMENT((#19889));
#19889 = SURFACE_STYLE_USAGE(.BOTH.,#19890);
#19890 = SURFACE_SIDE_STYLE('',(#19891));
#19891 = SURFACE_STYLE_FILL_AREA(#19892);
#19892 = FILL_AREA_STYLE('',(#19893));
#19893 = FILL_AREA_STYLE_COLOUR('',#19185);
#19894 = STYLED_ITEM('color',(#19895),#4447);
#19895 = PRESENTATION_STYLE_ASSIGNMENT((#19896));
#19896 = SURFACE_STYLE_USAGE(.BOTH.,#19897);
#19897 = SURFACE_SIDE_STYLE('',(#19898));
#19898 = SURFACE_STYLE_FILL_AREA(#19899);
#19899 = FILL_AREA_STYLE('',(#19900));
#19900 = FILL_AREA_STYLE_COLOUR('',#19185);
#19901 = STYLED_ITEM('color',(#19902),#4459);
#19902 = PRESENTATION_STYLE_ASSIGNMENT((#19903));
#19903 = SURFACE_STYLE_USAGE(.BOTH.,#19904);
#19904 = SURFACE_SIDE_STYLE('',(#19905));
#19905 = SURFACE_STYLE_FILL_AREA(#19906);
#19906 = FILL_AREA_STYLE('',(#19907));
#19907 = FILL_AREA_STYLE_COLOUR('',#19185);
#19908 = STYLED_ITEM('color',(#19909),#4471);
#19909 = PRESENTATION_STYLE_ASSIGNMENT((#19910));
#19910 = SURFACE_STYLE_USAGE(.BOTH.,#19911);
#19911 = SURFACE_SIDE_STYLE('',(#19912));
#19912 = SURFACE_STYLE_FILL_AREA(#19913);
#19913 = FILL_AREA_STYLE('',(#19914));
#19914 = FILL_AREA_STYLE_COLOUR('',#19185);
#19915 = STYLED_ITEM('color',(#19916),#4483);
#19916 = PRESENTATION_STYLE_ASSIGNMENT((#19917));
#19917 = SURFACE_STYLE_USAGE(.BOTH.,#19918);
#19918 = SURFACE_SIDE_STYLE('',(#19919));
#19919 = SURFACE_STYLE_FILL_AREA(#19920);
#19920 = FILL_AREA_STYLE('',(#19921));
#19921 = FILL_AREA_STYLE_COLOUR('',#19185);
#19922 = MECHANICAL_DESIGN_GEOMETRIC_PRESENTATION_REPRESENTATION('',(
    #19923),#5088);
#19923 = STYLED_ITEM('color',(#19924),#4938);
#19924 = PRESENTATION_STYLE_ASSIGNMENT((#19925));
#19925 = SURFACE_STYLE_USAGE(.BOTH.,#19926);
#19926 = SURFACE_SIDE_STYLE('',(#19927));
#19927 = SURFACE_STYLE_FILL_AREA(#19928);
#19928 = FILL_AREA_STYLE('',(#19929));
#19929 = FILL_AREA_STYLE_COLOUR('',#19930);
#19930 = COLOUR_RGB('',1.,1.,0.949000007676);
#19931 = MECHANICAL_DESIGN_GEOMETRIC_PRESENTATION_REPRESENTATION('',(
    #19932,#19940),#4919);
#19932 = STYLED_ITEM('color',(#19933),#4557);
#19933 = PRESENTATION_STYLE_ASSIGNMENT((#19934));
#19934 = SURFACE_STYLE_USAGE(.BOTH.,#19935);
#19935 = SURFACE_SIDE_STYLE('',(#19936));
#19936 = SURFACE_STYLE_FILL_AREA(#19937);
#19937 = FILL_AREA_STYLE('',(#19938));
#19938 = FILL_AREA_STYLE_COLOUR('',#19939);
#19939 = COLOUR_RGB('',0.345098039026,0.333333332236,0.415686275537);
#19940 = OVER_RIDING_STYLED_ITEM('overriding color',(#19941),#4909,
  #19932);
#19941 = PRESENTATION_STYLE_ASSIGNMENT((#19942));
#19942 = SURFACE_STYLE_USAGE(.BOTH.,#19943);
#19943 = SURFACE_SIDE_STYLE('',(#19944));
#19944 = SURFACE_STYLE_FILL_AREA(#19945);
#19945 = FILL_AREA_STYLE('',(#19946));
#19946 = FILL_AREA_STYLE_COLOUR('',#19930);
#19947 = MECHANICAL_DESIGN_GEOMETRIC_PRESENTATION_REPRESENTATION('',(
    #19948),#18765);
#19948 = STYLED_ITEM('color',(#19949),#18085);
#19949 = PRESENTATION_STYLE_ASSIGNMENT((#19950));
#19950 = SURFACE_STYLE_USAGE(.BOTH.,#19951);
#19951 = SURFACE_SIDE_STYLE('',(#19952));
#19952 = SURFACE_STYLE_FILL_AREA(#19953);
#19953 = FILL_AREA_STYLE('',(#19954));
#19954 = FILL_AREA_STYLE_COLOUR('',#19955);
#19955 = COLOUR_RGB('',0.685380707801,0.704833110346,0.578582128266);
#19956 = MECHANICAL_DESIGN_GEOMETRIC_PRESENTATION_REPRESENTATION('',(
    #19957,#19965,#19972,#19979,#19986,#19993),#8795);
#19957 = STYLED_ITEM('color',(#19958),#5127);
#19958 = PRESENTATION_STYLE_ASSIGNMENT((#19959));
#19959 = SURFACE_STYLE_USAGE(.BOTH.,#19960);
#19960 = SURFACE_SIDE_STYLE('',(#19961));
#19961 = SURFACE_STYLE_FILL_AREA(#19962);
#19962 = FILL_AREA_STYLE('',(#19963));
#19963 = FILL_AREA_STYLE_COLOUR('',#19964);
#19964 = COLOUR_RGB('',0.854305825093,0.803630995277,0.);
#19965 = STYLED_ITEM('color',(#19966),#5790);
#19966 = PRESENTATION_STYLE_ASSIGNMENT((#19967));
#19967 = SURFACE_STYLE_USAGE(.BOTH.,#19968);
#19968 = SURFACE_SIDE_STYLE('',(#19969));
#19969 = SURFACE_STYLE_FILL_AREA(#19970);
#19970 = FILL_AREA_STYLE('',(#19971));
#19971 = FILL_AREA_STYLE_COLOUR('',#19964);
#19972 = STYLED_ITEM('color',(#19973),#6628);
#19973 = PRESENTATION_STYLE_ASSIGNMENT((#19974));
#19974 = SURFACE_STYLE_USAGE(.BOTH.,#19975);
#19975 = SURFACE_SIDE_STYLE('',(#19976));
#19976 = SURFACE_STYLE_FILL_AREA(#19977);
#19977 = FILL_AREA_STYLE('',(#19978));
#19978 = FILL_AREA_STYLE_COLOUR('',#19964);
#19979 = STYLED_ITEM('color',(#19980),#6922);
#19980 = PRESENTATION_STYLE_ASSIGNMENT((#19981));
#19981 = SURFACE_STYLE_USAGE(.BOTH.,#19982);
#19982 = SURFACE_SIDE_STYLE('',(#19983));
#19983 = SURFACE_STYLE_FILL_AREA(#19984);
#19984 = FILL_AREA_STYLE('',(#19985));
#19985 = FILL_AREA_STYLE_COLOUR('',#19964);
#19986 = STYLED_ITEM('color',(#19987),#7624);
#19987 = PRESENTATION_STYLE_ASSIGNMENT((#19988));
#19988 = SURFACE_STYLE_USAGE(.BOTH.,#19989);
#19989 = SURFACE_SIDE_STYLE('',(#19990));
#19990 = SURFACE_STYLE_FILL_AREA(#19991);
#19991 = FILL_AREA_STYLE('',(#19992));
#19992 = FILL_AREA_STYLE_COLOUR('',#19964);
#19993 = STYLED_ITEM('color',(#19994),#8462);
#19994 = PRESENTATION_STYLE_ASSIGNMENT((#19995));
#19995 = SURFACE_STYLE_USAGE(.BOTH.,#19996);
#19996 = SURFACE_SIDE_STYLE('',(#19997));
#19997 = SURFACE_STYLE_FILL_AREA(#19998);
#19998 = FILL_AREA_STYLE('',(#19999));
#19999 = FILL_AREA_STYLE_COLOUR('',#19964);
#20000 = MECHANICAL_DESIGN_GEOMETRIC_PRESENTATION_REPRESENTATION('',(
    #20001,#20009,#20016,#20023,#20030,#20037,#20044,#20051,#20058,
    #20065,#20072,#20079,#20086,#20093,#20100,#20107,#20114,#20121,
    #20128,#20135,#20142,#20149),#16903);
#20001 = STYLED_ITEM('color',(#20002),#14195);
#20002 = PRESENTATION_STYLE_ASSIGNMENT((#20003));
#20003 = SURFACE_STYLE_USAGE(.BOTH.,#20004);
#20004 = SURFACE_SIDE_STYLE('',(#20005));
#20005 = SURFACE_STYLE_FILL_AREA(#20006);
#20006 = FILL_AREA_STYLE('',(#20007));
#20007 = FILL_AREA_STYLE_COLOUR('',#20008);
#20008 = COLOUR_RGB('',0.310277752819,0.484529207832,0.411645162537);
#20009 = STYLED_ITEM('color',(#20010),#14337);
#20010 = PRESENTATION_STYLE_ASSIGNMENT((#20011));
#20011 = SURFACE_STYLE_USAGE(.BOTH.,#20012);
#20012 = SURFACE_SIDE_STYLE('',(#20013));
#20013 = SURFACE_STYLE_FILL_AREA(#20014);
#20014 = FILL_AREA_STYLE('',(#20015));
#20015 = FILL_AREA_STYLE_COLOUR('',#20008);
#20016 = STYLED_ITEM('color',(#20017),#14544);
#20017 = PRESENTATION_STYLE_ASSIGNMENT((#20018));
#20018 = SURFACE_STYLE_USAGE(.BOTH.,#20019);
#20019 = SURFACE_SIDE_STYLE('',(#20020));
#20020 = SURFACE_STYLE_FILL_AREA(#20021);
#20021 = FILL_AREA_STYLE('',(#20022));
#20022 = FILL_AREA_STYLE_COLOUR('',#20008);
#20023 = STYLED_ITEM('color',(#20024),#14832);
#20024 = PRESENTATION_STYLE_ASSIGNMENT((#20025));
#20025 = SURFACE_STYLE_USAGE(.BOTH.,#20026);
#20026 = SURFACE_SIDE_STYLE('',(#20027));
#20027 = SURFACE_STYLE_FILL_AREA(#20028);
#20028 = FILL_AREA_STYLE('',(#20029));
#20029 = FILL_AREA_STYLE_COLOUR('',#20008);
#20030 = STYLED_ITEM('color',(#20031),#15039);
#20031 = PRESENTATION_STYLE_ASSIGNMENT((#20032));
#20032 = SURFACE_STYLE_USAGE(.BOTH.,#20033);
#20033 = SURFACE_SIDE_STYLE('',(#20034));
#20034 = SURFACE_STYLE_FILL_AREA(#20035);
#20035 = FILL_AREA_STYLE('',(#20036));
#20036 = FILL_AREA_STYLE_COLOUR('',#20008);
#20037 = STYLED_ITEM('color',(#20038),#15108);
#20038 = PRESENTATION_STYLE_ASSIGNMENT((#20039));
#20039 = SURFACE_STYLE_USAGE(.BOTH.,#20040);
#20040 = SURFACE_SIDE_STYLE('',(#20041));
#20041 = SURFACE_STYLE_FILL_AREA(#20042);
#20042 = FILL_AREA_STYLE('',(#20043));
#20043 = FILL_AREA_STYLE_COLOUR('',#20008);
#20044 = STYLED_ITEM('color',(#20045),#15177);
#20045 = PRESENTATION_STYLE_ASSIGNMENT((#20046));
#20046 = SURFACE_STYLE_USAGE(.BOTH.,#20047);
#20047 = SURFACE_SIDE_STYLE('',(#20048));
#20048 = SURFACE_STYLE_FILL_AREA(#20049);
#20049 = FILL_AREA_STYLE('',(#20050));
#20050 = FILL_AREA_STYLE_COLOUR('',#20008);
#20051 = STYLED_ITEM('color',(#20052),#15246);
#20052 = PRESENTATION_STYLE_ASSIGNMENT((#20053));
#20053 = SURFACE_STYLE_USAGE(.BOTH.,#20054);
#20054 = SURFACE_SIDE_STYLE('',(#20055));
#20055 = SURFACE_STYLE_FILL_AREA(#20056);
#20056 = FILL_AREA_STYLE('',(#20057));
#20057 = FILL_AREA_STYLE_COLOUR('',#20008);
#20058 = STYLED_ITEM('color',(#20059),#15315);
#20059 = PRESENTATION_STYLE_ASSIGNMENT((#20060));
#20060 = SURFACE_STYLE_USAGE(.BOTH.,#20061);
#20061 = SURFACE_SIDE_STYLE('',(#20062));
#20062 = SURFACE_STYLE_FILL_AREA(#20063);
#20063 = FILL_AREA_STYLE('',(#20064));
#20064 = FILL_AREA_STYLE_COLOUR('',#20008);
#20065 = STYLED_ITEM('color',(#20066),#15433);
#20066 = PRESENTATION_STYLE_ASSIGNMENT((#20067));
#20067 = SURFACE_STYLE_USAGE(.BOTH.,#20068);
#20068 = SURFACE_SIDE_STYLE('',(#20069));
#20069 = SURFACE_STYLE_FILL_AREA(#20070);
#20070 = FILL_AREA_STYLE('',(#20071));
#20071 = FILL_AREA_STYLE_COLOUR('',#20008);
#20072 = STYLED_ITEM('color',(#20073),#15595);
#20073 = PRESENTATION_STYLE_ASSIGNMENT((#20074));
#20074 = SURFACE_STYLE_USAGE(.BOTH.,#20075);
#20075 = SURFACE_SIDE_STYLE('',(#20076));
#20076 = SURFACE_STYLE_FILL_AREA(#20077);
#20077 = FILL_AREA_STYLE('',(#20078));
#20078 = FILL_AREA_STYLE_COLOUR('',#20008);
#20079 = STYLED_ITEM('color',(#20080),#15830);
#20080 = PRESENTATION_STYLE_ASSIGNMENT((#20081));
#20081 = SURFACE_STYLE_USAGE(.BOTH.,#20082);
#20082 = SURFACE_SIDE_STYLE('',(#20083));
#20083 = SURFACE_STYLE_FILL_AREA(#20084);
#20084 = FILL_AREA_STYLE('',(#20085));
#20085 = FILL_AREA_STYLE_COLOUR('',#20008);
#20086 = STYLED_ITEM('color',(#20087),#15992);
#20087 = PRESENTATION_STYLE_ASSIGNMENT((#20088));
#20088 = SURFACE_STYLE_USAGE(.BOTH.,#20089);
#20089 = SURFACE_SIDE_STYLE('',(#20090));
#20090 = SURFACE_STYLE_FILL_AREA(#20091);
#20091 = FILL_AREA_STYLE('',(#20092));
#20092 = FILL_AREA_STYLE_COLOUR('',#20008);
#20093 = STYLED_ITEM('color',(#20094),#16044);
#20094 = PRESENTATION_STYLE_ASSIGNMENT((#20095));
#20095 = SURFACE_STYLE_USAGE(.BOTH.,#20096);
#20096 = SURFACE_SIDE_STYLE('',(#20097));
#20097 = SURFACE_STYLE_FILL_AREA(#20098);
#20098 = FILL_AREA_STYLE('',(#20099));
#20099 = FILL_AREA_STYLE_COLOUR('',#20008);
#20100 = STYLED_ITEM('color',(#20101),#16209);
#20101 = PRESENTATION_STYLE_ASSIGNMENT((#20102));
#20102 = SURFACE_STYLE_USAGE(.BOTH.,#20103);
#20103 = SURFACE_SIDE_STYLE('',(#20104));
#20104 = SURFACE_STYLE_FILL_AREA(#20105);
#20105 = FILL_AREA_STYLE('',(#20106));
#20106 = FILL_AREA_STYLE_COLOUR('',#20008);
#20107 = STYLED_ITEM('color',(#20108),#16327);
#20108 = PRESENTATION_STYLE_ASSIGNMENT((#20109));
#20109 = SURFACE_STYLE_USAGE(.BOTH.,#20110);
#20110 = SURFACE_SIDE_STYLE('',(#20111));
#20111 = SURFACE_STYLE_FILL_AREA(#20112);
#20112 = FILL_AREA_STYLE('',(#20113));
#20113 = FILL_AREA_STYLE_COLOUR('',#20008);
#20114 = STYLED_ITEM('color',(#20115),#16371);
#20115 = PRESENTATION_STYLE_ASSIGNMENT((#20116));
#20116 = SURFACE_STYLE_USAGE(.BOTH.,#20117);
#20117 = SURFACE_SIDE_STYLE('',(#20118));
#20118 = SURFACE_STYLE_FILL_AREA(#20119);
#20119 = FILL_AREA_STYLE('',(#20120));
#20120 = FILL_AREA_STYLE_COLOUR('',#20008);
#20121 = STYLED_ITEM('color',(#20122),#16462);
#20122 = PRESENTATION_STYLE_ASSIGNMENT((#20123));
#20123 = SURFACE_STYLE_USAGE(.BOTH.,#20124);
#20124 = SURFACE_SIDE_STYLE('',(#20125));
#20125 = SURFACE_STYLE_FILL_AREA(#20126);
#20126 = FILL_AREA_STYLE('',(#20127));
#20127 = FILL_AREA_STYLE_COLOUR('',#20008);
#20128 = STYLED_ITEM('color',(#20129),#16574);
#20129 = PRESENTATION_STYLE_ASSIGNMENT((#20130));
#20130 = SURFACE_STYLE_USAGE(.BOTH.,#20131);
#20131 = SURFACE_SIDE_STYLE('',(#20132));
#20132 = SURFACE_STYLE_FILL_AREA(#20133);
#20133 = FILL_AREA_STYLE('',(#20134));
#20134 = FILL_AREA_STYLE_COLOUR('',#20008);
#20135 = STYLED_ITEM('color',(#20136),#16626);
#20136 = PRESENTATION_STYLE_ASSIGNMENT((#20137));
#20137 = SURFACE_STYLE_USAGE(.BOTH.,#20138);
#20138 = SURFACE_SIDE_STYLE('',(#20139));
#20139 = SURFACE_STYLE_FILL_AREA(#20140);
#20140 = FILL_AREA_STYLE('',(#20141));
#20141 = FILL_AREA_STYLE_COLOUR('',#20008);
#20142 = STYLED_ITEM('color',(#20143),#16678);
#20143 = PRESENTATION_STYLE_ASSIGNMENT((#20144));
#20144 = SURFACE_STYLE_USAGE(.BOTH.,#20145);
#20145 = SURFACE_SIDE_STYLE('',(#20146));
#20146 = SURFACE_STYLE_FILL_AREA(#20147);
#20147 = FILL_AREA_STYLE('',(#20148));
#20148 = FILL_AREA_STYLE_COLOUR('',#20008);
#20149 = STYLED_ITEM('color',(#20150),#16763);
#20150 = PRESENTATION_STYLE_ASSIGNMENT((#20151));
#20151 = SURFACE_STYLE_USAGE(.BOTH.,#20152);
#20152 = SURFACE_SIDE_STYLE('',(#20153));
#20153 = SURFACE_STYLE_FILL_AREA(#20154);
#20154 = FILL_AREA_STYLE('',(#20155));
#20155 = FILL_AREA_STYLE_COLOUR('',#20008);
#20156 = MECHANICAL_DESIGN_GEOMETRIC_PRESENTATION_REPRESENTATION('',(
    #20157,#20165,#20172,#20179,#20186,#20193,#20200,#20207,#20214,
    #20221,#20228,#20236,#20243,#20250,#20257,#20264,#20271,#20278,
    #20285,#20292,#20299,#20306,#20313,#20320,#20327,#20334,#20341,
    #20348),#919);
#20157 = STYLED_ITEM('color',(#20158),#67);
#20158 = PRESENTATION_STYLE_ASSIGNMENT((#20159));
#20159 = SURFACE_STYLE_USAGE(.BOTH.,#20160);
#20160 = SURFACE_SIDE_STYLE('',(#20161));
#20161 = SURFACE_STYLE_FILL_AREA(#20162);
#20162 = FILL_AREA_STYLE('',(#20163));
#20163 = FILL_AREA_STYLE_COLOUR('',#20164);
#20164 = COLOUR_RGB('',0.823999987314,0.819999987296,0.781000009244);
#20165 = STYLED_ITEM('color',(#20166),#143);
#20166 = PRESENTATION_STYLE_ASSIGNMENT((#20167));
#20167 = SURFACE_STYLE_USAGE(.BOTH.,#20168);
#20168 = SURFACE_SIDE_STYLE('',(#20169));
#20169 = SURFACE_STYLE_FILL_AREA(#20170);
#20170 = FILL_AREA_STYLE('',(#20171));
#20171 = FILL_AREA_STYLE_COLOUR('',#20164);
#20172 = STYLED_ITEM('color',(#20173),#174);
#20173 = PRESENTATION_STYLE_ASSIGNMENT((#20174));
#20174 = SURFACE_STYLE_USAGE(.BOTH.,#20175);
#20175 = SURFACE_SIDE_STYLE('',(#20176));
#20176 = SURFACE_STYLE_FILL_AREA(#20177);
#20177 = FILL_AREA_STYLE('',(#20178));
#20178 = FILL_AREA_STYLE_COLOUR('',#20164);
#20179 = STYLED_ITEM('color',(#20180),#199);
#20180 = PRESENTATION_STYLE_ASSIGNMENT((#20181));
#20181 = SURFACE_STYLE_USAGE(.BOTH.,#20182);
#20182 = SURFACE_SIDE_STYLE('',(#20183));
#20183 = SURFACE_STYLE_FILL_AREA(#20184);
#20184 = FILL_AREA_STYLE('',(#20185));
#20185 = FILL_AREA_STYLE_COLOUR('',#20164);
#20186 = STYLED_ITEM('color',(#20187),#224);
#20187 = PRESENTATION_STYLE_ASSIGNMENT((#20188));
#20188 = SURFACE_STYLE_USAGE(.BOTH.,#20189);
#20189 = SURFACE_SIDE_STYLE('',(#20190));
#20190 = SURFACE_STYLE_FILL_AREA(#20191);
#20191 = FILL_AREA_STYLE('',(#20192));
#20192 = FILL_AREA_STYLE_COLOUR('',#20164);
#20193 = STYLED_ITEM('color',(#20194),#248);
#20194 = PRESENTATION_STYLE_ASSIGNMENT((#20195));
#20195 = SURFACE_STYLE_USAGE(.BOTH.,#20196);
#20196 = SURFACE_SIDE_STYLE('',(#20197));
#20197 = SURFACE_STYLE_FILL_AREA(#20198);
#20198 = FILL_AREA_STYLE('',(#20199));
#20199 = FILL_AREA_STYLE_COLOUR('',#20164);
#20200 = STYLED_ITEM('color',(#20201),#272);
#20201 = PRESENTATION_STYLE_ASSIGNMENT((#20202));
#20202 = SURFACE_STYLE_USAGE(.BOTH.,#20203);
#20203 = SURFACE_SIDE_STYLE('',(#20204));
#20204 = SURFACE_STYLE_FILL_AREA(#20205);
#20205 = FILL_AREA_STYLE('',(#20206));
#20206 = FILL_AREA_STYLE_COLOUR('',#20164);
#20207 = STYLED_ITEM('color',(#20208),#297);
#20208 = PRESENTATION_STYLE_ASSIGNMENT((#20209));
#20209 = SURFACE_STYLE_USAGE(.BOTH.,#20210);
#20210 = SURFACE_SIDE_STYLE('',(#20211));
#20211 = SURFACE_STYLE_FILL_AREA(#20212);
#20212 = FILL_AREA_STYLE('',(#20213));
#20213 = FILL_AREA_STYLE_COLOUR('',#20164);
#20214 = STYLED_ITEM('color',(#20215),#322);
#20215 = PRESENTATION_STYLE_ASSIGNMENT((#20216));
#20216 = SURFACE_STYLE_USAGE(.BOTH.,#20217);
#20217 = SURFACE_SIDE_STYLE('',(#20218));
#20218 = SURFACE_STYLE_FILL_AREA(#20219);
#20219 = FILL_AREA_STYLE('',(#20220));
#20220 = FILL_AREA_STYLE_COLOUR('',#20164);
#20221 = STYLED_ITEM('color',(#20222),#339);
#20222 = PRESENTATION_STYLE_ASSIGNMENT((#20223));
#20223 = SURFACE_STYLE_USAGE(.BOTH.,#20224);
#20224 = SURFACE_SIDE_STYLE('',(#20225));
#20225 = SURFACE_STYLE_FILL_AREA(#20226);
#20226 = FILL_AREA_STYLE('',(#20227));
#20227 = FILL_AREA_STYLE_COLOUR('',#20164);
#20228 = STYLED_ITEM('color',(#20229),#425);
#20229 = PRESENTATION_STYLE_ASSIGNMENT((#20230));
#20230 = SURFACE_STYLE_USAGE(.BOTH.,#20231);
#20231 = SURFACE_SIDE_STYLE('',(#20232));
#20232 = SURFACE_STYLE_FILL_AREA(#20233);
#20233 = FILL_AREA_STYLE('',(#20234));
#20234 = FILL_AREA_STYLE_COLOUR('',#20235);
#20235 = COLOUR_RGB('',0.272999999305,0.272999999305,0.272999999305);
#20236 = STYLED_ITEM('color',(#20237),#457);
#20237 = PRESENTATION_STYLE_ASSIGNMENT((#20238));
#20238 = SURFACE_STYLE_USAGE(.BOTH.,#20239);
#20239 = SURFACE_SIDE_STYLE('',(#20240));
#20240 = SURFACE_STYLE_FILL_AREA(#20241);
#20241 = FILL_AREA_STYLE('',(#20242));
#20242 = FILL_AREA_STYLE_COLOUR('',#20235);
#20243 = STYLED_ITEM('color',(#20244),#481);
#20244 = PRESENTATION_STYLE_ASSIGNMENT((#20245));
#20245 = SURFACE_STYLE_USAGE(.BOTH.,#20246);
#20246 = SURFACE_SIDE_STYLE('',(#20247));
#20247 = SURFACE_STYLE_FILL_AREA(#20248);
#20248 = FILL_AREA_STYLE('',(#20249));
#20249 = FILL_AREA_STYLE_COLOUR('',#20235);
#20250 = STYLED_ITEM('color',(#20251),#506);
#20251 = PRESENTATION_STYLE_ASSIGNMENT((#20252));
#20252 = SURFACE_STYLE_USAGE(.BOTH.,#20253);
#20253 = SURFACE_SIDE_STYLE('',(#20254));
#20254 = SURFACE_STYLE_FILL_AREA(#20255);
#20255 = FILL_AREA_STYLE('',(#20256));
#20256 = FILL_AREA_STYLE_COLOUR('',#20235);
#20257 = STYLED_ITEM('color',(#20258),#530);
#20258 = PRESENTATION_STYLE_ASSIGNMENT((#20259));
#20259 = SURFACE_STYLE_USAGE(.BOTH.,#20260);
#20260 = SURFACE_SIDE_STYLE('',(#20261));
#20261 = SURFACE_STYLE_FILL_AREA(#20262);
#20262 = FILL_AREA_STYLE('',(#20263));
#20263 = FILL_AREA_STYLE_COLOUR('',#20235);
#20264 = STYLED_ITEM('color',(#20265),#555);
#20265 = PRESENTATION_STYLE_ASSIGNMENT((#20266));
#20266 = SURFACE_STYLE_USAGE(.BOTH.,#20267);
#20267 = SURFACE_SIDE_STYLE('',(#20268));
#20268 = SURFACE_STYLE_FILL_AREA(#20269);
#20269 = FILL_AREA_STYLE('',(#20270));
#20270 = FILL_AREA_STYLE_COLOUR('',#20235);
#20271 = STYLED_ITEM('color',(#20272),#579);
#20272 = PRESENTATION_STYLE_ASSIGNMENT((#20273));
#20273 = SURFACE_STYLE_USAGE(.BOTH.,#20274);
#20274 = SURFACE_SIDE_STYLE('',(#20275));
#20275 = SURFACE_STYLE_FILL_AREA(#20276);
#20276 = FILL_AREA_STYLE('',(#20277));
#20277 = FILL_AREA_STYLE_COLOUR('',#20235);
#20278 = STYLED_ITEM('color',(#20279),#604);
#20279 = PRESENTATION_STYLE_ASSIGNMENT((#20280));
#20280 = SURFACE_STYLE_USAGE(.BOTH.,#20281);
#20281 = SURFACE_SIDE_STYLE('',(#20282));
#20282 = SURFACE_STYLE_FILL_AREA(#20283);
#20283 = FILL_AREA_STYLE('',(#20284));
#20284 = FILL_AREA_STYLE_COLOUR('',#20235);
#20285 = STYLED_ITEM('color',(#20286),#621);
#20286 = PRESENTATION_STYLE_ASSIGNMENT((#20287));
#20287 = SURFACE_STYLE_USAGE(.BOTH.,#20288);
#20288 = SURFACE_SIDE_STYLE('',(#20289));
#20289 = SURFACE_STYLE_FILL_AREA(#20290);
#20290 = FILL_AREA_STYLE('',(#20291));
#20291 = FILL_AREA_STYLE_COLOUR('',#20164);
#20292 = STYLED_ITEM('color',(#20293),#707);
#20293 = PRESENTATION_STYLE_ASSIGNMENT((#20294));
#20294 = SURFACE_STYLE_USAGE(.BOTH.,#20295);
#20295 = SURFACE_SIDE_STYLE('',(#20296));
#20296 = SURFACE_STYLE_FILL_AREA(#20297);
#20297 = FILL_AREA_STYLE('',(#20298));
#20298 = FILL_AREA_STYLE_COLOUR('',#20164);
#20299 = STYLED_ITEM('color',(#20300),#738);
#20300 = PRESENTATION_STYLE_ASSIGNMENT((#20301));
#20301 = SURFACE_STYLE_USAGE(.BOTH.,#20302);
#20302 = SURFACE_SIDE_STYLE('',(#20303));
#20303 = SURFACE_STYLE_FILL_AREA(#20304);
#20304 = FILL_AREA_STYLE('',(#20305));
#20305 = FILL_AREA_STYLE_COLOUR('',#20164);
#20306 = STYLED_ITEM('color',(#20307),#763);
#20307 = PRESENTATION_STYLE_ASSIGNMENT((#20308));
#20308 = SURFACE_STYLE_USAGE(.BOTH.,#20309);
#20309 = SURFACE_SIDE_STYLE('',(#20310));
#20310 = SURFACE_STYLE_FILL_AREA(#20311);
#20311 = FILL_AREA_STYLE('',(#20312));
#20312 = FILL_AREA_STYLE_COLOUR('',#20164);
#20313 = STYLED_ITEM('color',(#20314),#788);
#20314 = PRESENTATION_STYLE_ASSIGNMENT((#20315));
#20315 = SURFACE_STYLE_USAGE(.BOTH.,#20316);
#20316 = SURFACE_SIDE_STYLE('',(#20317));
#20317 = SURFACE_STYLE_FILL_AREA(#20318);
#20318 = FILL_AREA_STYLE('',(#20319));
#20319 = FILL_AREA_STYLE_COLOUR('',#20164);
#20320 = STYLED_ITEM('color',(#20321),#812);
#20321 = PRESENTATION_STYLE_ASSIGNMENT((#20322));
#20322 = SURFACE_STYLE_USAGE(.BOTH.,#20323);
#20323 = SURFACE_SIDE_STYLE('',(#20324));
#20324 = SURFACE_STYLE_FILL_AREA(#20325);
#20325 = FILL_AREA_STYLE('',(#20326));
#20326 = FILL_AREA_STYLE_COLOUR('',#20164);
#20327 = STYLED_ITEM('color',(#20328),#836);
#20328 = PRESENTATION_STYLE_ASSIGNMENT((#20329));
#20329 = SURFACE_STYLE_USAGE(.BOTH.,#20330);
#20330 = SURFACE_SIDE_STYLE('',(#20331));
#20331 = SURFACE_STYLE_FILL_AREA(#20332);
#20332 = FILL_AREA_STYLE('',(#20333));
#20333 = FILL_AREA_STYLE_COLOUR('',#20164);
#20334 = STYLED_ITEM('color',(#20335),#861);
#20335 = PRESENTATION_STYLE_ASSIGNMENT((#20336));
#20336 = SURFACE_STYLE_USAGE(.BOTH.,#20337);
#20337 = SURFACE_SIDE_STYLE('',(#20338));
#20338 = SURFACE_STYLE_FILL_AREA(#20339);
#20339 = FILL_AREA_STYLE('',(#20340));
#20340 = FILL_AREA_STYLE_COLOUR('',#20164);
#20341 = STYLED_ITEM('color',(#20342),#886);
#20342 = PRESENTATION_STYLE_ASSIGNMENT((#20343));
#20343 = SURFACE_STYLE_USAGE(.BOTH.,#20344);
#20344 = SURFACE_SIDE_STYLE('',(#20345));
#20345 = SURFACE_STYLE_FILL_AREA(#20346);
#20346 = FILL_AREA_STYLE('',(#20347));
#20347 = FILL_AREA_STYLE_COLOUR('',#20164);
#20348 = STYLED_ITEM('color',(#20349),#903);
#20349 = PRESENTATION_STYLE_ASSIGNMENT((#20350));
#20350 = SURFACE_STYLE_USAGE(.BOTH.,#20351);
#20351 = SURFACE_SIDE_STYLE('',(#20352));
#20352 = SURFACE_STYLE_FILL_AREA(#20353);
#20353 = FILL_AREA_STYLE('',(#20354));
#20354 = FILL_AREA_STYLE_COLOUR('',#20164);
#20355 = SHAPE_DEFINITION_REPRESENTATION(#20356,#20358);
#20356 = PROPERTY_DEFINITION('shape with specific properties',
  'properties for subshape',#20357);
#20357 = SHAPE_ASPECT('','',#4550,.F.);
#20358 = SHAPE_REPRESENTATION('',(#4557),#4919);
#20359 = PROPERTY_DEFINITION_REPRESENTATION(#20360,#20361);
#20360 = PROPERTY_DEFINITION('geometric validation property',
  'surface area',#20357);
#20361 = REPRESENTATION('surface area',(#20362),#4919);
#20362 = MEASURE_REPRESENTATION_ITEM('surface area measure',AREA_MEASURE
  (1.082302044024E+03),#20363);
#20363 = DERIVED_UNIT((#20364));
#20364 = DERIVED_UNIT_ELEMENT(#20365,2.);
#20365 = ( LENGTH_UNIT() NAMED_UNIT(*) SI_UNIT(.MILLI.,.METRE.) );
#20366 = PROPERTY_DEFINITION_REPRESENTATION(#20367,#20368);
#20367 = PROPERTY_DEFINITION('geometric validation property','volume',
  #20357);
#20368 = REPRESENTATION('volume',(#20369),#4919);
#20369 = MEASURE_REPRESENTATION_ITEM('volume measure',VOLUME_MEASURE(
    2.219054842224E+03),#20370);
#20370 = DERIVED_UNIT((#20371));
#20371 = DERIVED_UNIT_ELEMENT(#20372,3.);
#20372 = ( LENGTH_UNIT() NAMED_UNIT(*) SI_UNIT(.MILLI.,.METRE.) );
#20373 = PROPERTY_DEFINITION_REPRESENTATION(#20374,#20375);
#20374 = PROPERTY_DEFINITION('geometric validation property','centroid',
  #20357);
#20375 = REPRESENTATION('centroid',(#20376),#4919);
#20376 = CARTESIAN_POINT('centre point',(2.721260397178E-05,
    -6.420998817592,1.722324982414E-05));
#20377 = SHAPE_DEFINITION_REPRESENTATION(#20378,#20380);
#20378 = PROPERTY_DEFINITION('shape with specific properties',
  'properties for subshape',#20379);
#20379 = SHAPE_ASPECT('','',#4931,.F.);
#20380 = SHAPE_REPRESENTATION('',(#4938),#5088);
#20381 = PROPERTY_DEFINITION_REPRESENTATION(#20382,#20383);
#20382 = PROPERTY_DEFINITION('geometric validation property',
  'surface area',#20379);
#20383 = REPRESENTATION('surface area',(#20384),#5088);
#20384 = MEASURE_REPRESENTATION_ITEM('surface area measure',AREA_MEASURE
  (7.66),#20385);
#20385 = DERIVED_UNIT((#20386));
#20386 = DERIVED_UNIT_ELEMENT(#20387,2.);
#20387 = ( LENGTH_UNIT() NAMED_UNIT(*) SI_UNIT(.MILLI.,.METRE.) );
#20388 = PROPERTY_DEFINITION_REPRESENTATION(#20389,#20390);
#20389 = PROPERTY_DEFINITION('geometric validation property','volume',
  #20379);
#20390 = REPRESENTATION('volume',(#20391),#5088);
#20391 = MEASURE_REPRESENTATION_ITEM('volume measure',VOLUME_MEASURE(
    0.69),#20392);
#20392 = DERIVED_UNIT((#20393));
#20393 = DERIVED_UNIT_ELEMENT(#20394,3.);
#20394 = ( LENGTH_UNIT() NAMED_UNIT(*) SI_UNIT(.MILLI.,.METRE.) );
#20395 = PROPERTY_DEFINITION_REPRESENTATION(#20396,#20397);
#20396 = PROPERTY_DEFINITION('geometric validation property','centroid',
  #20379);
#20397 = REPRESENTATION('centroid',(#20398),#5088);
#20398 = CARTESIAN_POINT('centre point',(0.,0.,0.));
#20399 = PROPERTY_DEFINITION_REPRESENTATION(#20400,#20401);
#20400 = PROPERTY_DEFINITION('geometric validation property',
  'surface area',#4507);
#20401 = REPRESENTATION('surface area',(#20402),#4538);
#20402 = MEASURE_REPRESENTATION_ITEM('surface area measure',AREA_MEASURE
  (1.120602044024E+03),#20403);
#20403 = DERIVED_UNIT((#20404));
#20404 = DERIVED_UNIT_ELEMENT(#20405,2.);
#20405 = ( LENGTH_UNIT() NAMED_UNIT(*) SI_UNIT(.MILLI.,.METRE.) );
#20406 = PROPERTY_DEFINITION_REPRESENTATION(#20407,#20408);
#20407 = PROPERTY_DEFINITION('geometric validation property','volume',
  #4507);
#20408 = REPRESENTATION('volume',(#20409),#4538);
#20409 = MEASURE_REPRESENTATION_ITEM('volume measure',VOLUME_MEASURE(
    2.222504842224E+03),#20410);
#20410 = DERIVED_UNIT((#20411));
#20411 = DERIVED_UNIT_ELEMENT(#20412,3.);
#20412 = ( LENGTH_UNIT() NAMED_UNIT(*) SI_UNIT(.MILLI.,.METRE.) );
#20413 = PROPERTY_DEFINITION_REPRESENTATION(#20414,#20415);
#20414 = PROPERTY_DEFINITION('geometric validation property','centroid',
  #4507);
#20415 = REPRESENTATION('centroid',(#20416),#4538);
#20416 = CARTESIAN_POINT('centre point',(8.157400722684E-04,
    -6.40823733992,2.656110899634E-03));
ENDSEC;
END-ISO-10303-21;
